CASE_ID,ACCIDENT_YEAR,PROC_DATE,JURIS,COLLISION_DATE,COLLISION_TIME,OFFICER_ID,REPORTING_DISTRICT,DAY_OF_WEEK,CHP_SHIFT,POPULATION,CNTY_CITY_LOC,SPECIAL_COND,BEAT_TYPE,CHP_BEAT_TYPE,CITY_DIVISION_LAPD,CHP_BEAT_CLASS,BEAT_NUMBER,PRIMARY_RD,SECONDARY_RD,DISTANCE,DIRECTION,INTERSECTION,WEATHER_1,WEATHER_2,STATE_HWY_IND,CALTRANS_COUNTY,CALTRANS_DISTRICT,STATE_ROUTE,ROUTE_SUFFIX,POSTMILE_PREFIX,POSTMILE,LOCATION_TYPE,RAMP_INTERSECTION,SIDE_OF_HWY,TOW_AWAY,COLLISION_SEVERITY,NUMBER_KILLED,NUMBER_INJURED,PARTY_COUNT,PRIMARY_COLL_FACTOR,PCF_CODE_OF_VIOL,PCF_VIOL_CATEGORY,PCF_VIOLATION,PCF_VIOL_SUBSECTION,HIT_AND_RUN,TYPE_OF_COLLISION,MVIW,PED_ACTION,ROAD_SURFACE,ROAD_COND_1,ROAD_COND_2,LIGHTING,CONTROL_DEVICE,CHP_ROAD_TYPE,PEDESTRIAN_ACCIDENT,BICYCLE_ACCIDENT,MOTORCYCLE_ACCIDENT,TRUCK_ACCIDENT,NOT_PRIVATE_PROPERTY,ALCOHOL_INVOLVED,STWD_VEHTYPE_AT_FAULT,CHP_VEHTYPE_AT_FAULT,COUNT_SEVERE_INJ,COUNT_VISIBLE_INJ,COUNT_COMPLAINT_PAIN,COUNT_PED_KILLED,COUNT_PED_INJURED,COUNT_BICYCLIST_KILLED,COUNT_BICYCLIST_INJURED,COUNT_MC_KILLED,COUNT_MC_INJURED,PRIMARY_RAMP,SECONDARY_RAMP,LATITUDE,LONGITUDE,COUNTY,CITY,POINT_X,POINT_Y
8167716,2019,2020-01-29,3801,2019-08-16,2211,2287,NORTH,5,5,7,3801,0,0,0,,0,3E60,"VAN NESS AV","HAYES ST",6.00,N,N,A,-,Y,SF,4,101,-,T,5.010,I,5,N,N,2,0,1,2,A,-,11,21453,D,F,G,B,B,A,H,-,C,A,0,Y,,,,Y,Y,N,60,1,0,0,0,1,0,0,0,0,"- ","- ",,,"SAN FRANCISCO","SAN FRANCISCO",-122.41963195800781,37.777317047119141
8465796,2019,2019-05-10,3801,2019-01-28,1759,262,TRAFF,1,5,7,3801,0,0,0,,0,4B4J,"CABRILLO ST","46TH AV",0.00,,Y,A,-,N,,,,,,,,,,Y,1,1,0,2,A,-,10,21950,A,N,G,B,B,A,H,-,C,D,0,Y,,,,Y,,A,01,0,0,0,1,0,0,0,0,0,"- ","- ",,,"SAN FRANCISCO","SAN FRANCISCO",-122.50682830810547,37.773399353027344
8465797,2019,2019-05-10,3801,2019-03-01,1225,4260,TRAFF,5,5,7,3801,0,0,0,,0,4B1C,"WOODSIDE AV","BALCETA AV",75.00,E,N,A,-,N,,,,,,,,,,Y,1,1,0,2,A,-,11,21954,A,N,G,B,D,A,H,-,A,D,0,Y,,,,Y,,N,60,0,0,0,1,0,0,0,0,0,"- ","- ",,,"SAN FRANCISCO","SAN FRANCISCO",-122.45607757568359,37.746475219726562
8465872,2019,2019-06-24,3801,2019-03-05,1029,76,TRAFF,2,5,7,3801,0,0,0,,0,3B2H,"LEAVENWORTH ST","GOLDEN GATE AV",14.00,N,N,C,-,N,,,,,,,,,,Y,1,1,0,2,A,-,10,21954,B,N,-,B,D,B,H,-,A,A,0,Y,,,,Y,,A,01,0,0,0,1,0,0,0,0,0,"- ","- ",,,"SAN FRANCISCO","SAN FRANCISCO",-122.41386413574219,37.781906127929688
8465873,2019,2019-06-24,3801,2019-03-15,1816,1994,TRAFF,5,5,7,3801,0,0,0,,0,4B3G,"JOHN MUIR DR","SKYLINE BL",1450.00,E,N,A,-,N,,,,,,,,,,Y,1,1,1,3,A,-,10,21950,A,N,G,B,C,A,H,-,A,D,0,Y,,,,Y,,A,01,0,0,1,1,1,0,0,0,0,"- ","- ",,,"SAN FRANCISCO","SAN FRANCISCO",-122.49668121337891,37.716533660888672
8465876,2019,2019-06-26,3801,2019-05-29,0525,202,TRAFF,3,5,7,3801,0,0,0,,0,4B1C,"GEARY BL","LAGUNA ST",1.00,E,N,B,-,N,,,,,,,,,,Y,1,1,0,2,A,-,11,21456,C,N,G,B,B,A,H,-,C,A,0,Y,,,,Y,,N,60,0,0,0,1,0,0,0,0,0,"- ","- ",,,"SAN FRANCISCO","SAN FRANCISCO",-122.42799377441406,37.785041809082031
8465878,2019,2019-06-26,3801,2019-05-01,2500,2305,TRAFF,3,5,7,3801,0,0,0,,0,4B1H,"SUTTER ST","DIVISADERO ST",0.00,,Y,A,-,N,,,,,,,,,,Y,1,1,0,2,A,-,10,21950,A,N,G,B,B,A,H,-,A,A,0,Y,,,,Y,,A,01,0,0,0,1,0,0,0,0,0,"- ","- ",,,"SAN FRANCISCO","SAN FRANCISCO",-122.43985748291016,37.785251617431641
8465911,2019,2019-07-09,3801,2019-04-23,1216,1114,TRAFF,2,5,7,3801,0,0,0,,0,4C3,"7TH ST","NATOMA ST",36.00,W,N,A,-,N,,,,,,,,,,Y,1,1,0,2,A,-,17,21203,,N,G,B,E,A,H,-,A,D,0,Y,,,Y,Y,,N,60,0,0,0,1,0,0,0,0,0,"- ","- ",,,"SAN FRANCISCO","SAN FRANCISCO",-122.40998840332031,37.778469085693359
8466026,2019,2019-08-22,3801,2019-07-18,0535,2127,TRAFF,4,5,7,3801,0,0,0,,0,3J1,"MASON ST","EDDY ST",10.00,N,N,A,-,N,,,,,,,,,,Y,1,1,0,2,A,-,10,21950,A,N,G,B,B,A,H,-,C,A,0,Y,,,Y,Y,,F,27,0,0,0,1,0,0,0,0,0,"- ","- ",,,"SAN FRANCISCO","SAN FRANCISCO",-122.4093017578125,37.784408569335938
8648648,2019,2019-02-28,3801,2019-01-01,1805,917,TRAFF,2,5,7,3801,0,0,0,,0,4B4E,"HAIGHT ST","STANYAN ST",124.00,E,N,A,-,N,,,,,,,,,,N,1,1,0,2,A,-,11,21955,,N,G,B,D,A,H,-,C,D,0,Y,,,,Y,,N,60,0,0,0,1,0,0,0,0,0,"- ","- ",,,"SAN FRANCISCO","SAN FRANCISCO",-122.45310974121094,37.769203186035156
8794767,2019,2019-03-21,3801,2019-01-05,1546,2100,RICHM,6,5,7,3801,0,0,0,,0,3G5D,"GREAT HWY","CABRILLO ST",0.00,,Y,B,-,N,,,,,,,,,,N,4,0,2,3,A,-,22,23123,5,N,G,B,C,B,H,-,A,D,0,Y,,,,Y,,A,01,0,0,2,0,2,0,0,0,0,"- ","- ",,,"SAN FRANCISCO","SAN FRANCISCO",,
8794771,2019,2019-03-27,3801,2019-01-05,0630,2065,NORTH,6,5,7,3801,0,0,0,,0,3E13A,"VAN NESS AV","ELLIS ST",0.00,,Y,C,-,Y,SF,4,101,-,-,5.490,H,-,N,N,2,0,1,2,A,-,11,21954,A,N,G,B,D,B,-,-,B,A,0,Y,,,,Y,,N,60,1,0,0,0,1,0,0,0,0,"- ","- ",,,"SAN FRANCISCO","SAN FRANCISCO",-122.42096710205078,37.783943176269531
8794787,2019,2019-04-23,3801,2019-01-23,1107,392,TARAV,3,5,7,3801,0,0,0,,0,3I16A,"GREAT HWY","SKYLINE BL",0.00,,Y,A,-,Y,SF,4,35,-,-,1.260,I,5,S,N,4,0,1,2,A,-,09,21802,A,N,D,G,A,A,H,-,A,A,0,,Y,,,Y,,D,22,0,0,1,0,0,0,1,0,0,"- ","- ",,,"SAN FRANCISCO","SAN FRANCISCO",-122.50309753417969,37.725269317626953
8803557,2019,2019-03-04,3801,2019-01-25,0700,1693,BAYVI,5,5,7,3801,0,0,0,,0,002,"CARROLL AV","THORNTON AV",0.00,,Y,A,-,N,,,,,,,,,,N,4,0,1,2,A,-,12,22450,A,N,G,B,B,A,H,-,A,A,0,Y,,,,Y,,D,22,0,0,1,0,1,0,0,0,0,"- ","- ",,,"SAN FRANCISCO","SAN FRANCISCO",-122.40341949462891,37.730640411376953
8803578,2019,2019-03-06,3801,2019-01-06,1730,671,CENTR,7,5,7,3801,0,0,0,,0,3A11D,"MASON ST","GEARY ST",0.00,,Y,C,-,N,,,,,,,,,,N,4,0,1,2,A,-,10,21950,A,N,G,B,C,B,H,-,C,A,0,Y,,,,Y,,I,09,0,0,1,0,1,0,0,0,0,"- ","- ",,,"SAN FRANCISCO","SAN FRANCISCO",-122.40985870361328,37.78717041015625
8803581,2019,2019-04-04,3801,2019-01-17,0855,4258,NORTH,4,5,7,3801,0,0,0,,0,4CAR,"DIVISADERO ST","CLAY ST",0.00,,Y,C,-,N,,,,,,,,,,N,4,0,1,2,A,-,10,21950,A,N,G,B,B,B,H,-,A,A,0,Y,,,,Y,,J,43,0,0,1,0,1,0,0,0,0,"- ","- ",,,"SAN FRANCISCO","SAN FRANCISCO",-122.44081115722656,37.789871215820312
8803681,2019,2019-02-28,3801,2019-01-31,1200,2444,BAYVI,4,5,7,3801,0,0,0,,0,"1 CAR","BRYANT ST","16TH ST",0.00,,Y,A,-,N,,,,,,,,,,N,3,0,1,2,A,-,10,21950,A,N,G,B,C,A,H,-,A,D,0,Y,,,,Y,,-,,0,1,0,0,1,0,0,0,0,"- ","- ",,,"SAN FRANCISCO","SAN FRANCISCO",-122.4105224609375,37.765590667724609
8803693,2019,2019-03-14,3801,2019-01-19,1718,71,RICHM,6,5,7,3801,0,0,0,,0,901,"CLEMENT ST","33RD AV",80.00,E,N,A,-,N,,,,,,,,,,N,4,0,1,2,A,-,03,22350,,N,C,G,A,A,H,-,B,D,0,,Y,,,Y,,L,04,0,0,1,0,0,0,1,0,0,"- ","- ",,,"SAN FRANCISCO","SAN FRANCISCO",-122.49315643310547,37.781623840332031
8803762,2019,2019-02-27,3801,2019-01-01,2019,1276,MISSI,2,5,7,3801,0,0,0,,0,3D16D,"POTRERO AV","ALAMEDA ST",150.00,S,N,A,-,N,,,,,,,,,,N,3,0,1,2,A,-,11,21955,,N,G,B,D,A,H,-,C,D,0,Y,,,,Y,,N,60,0,1,0,0,1,0,0,0,0,"- ","- ",,,"SAN FRANCISCO","SAN FRANCISCO",-122.40775299072266,37.767967224121094
8803768,2019,2019-03-01,3801,2019-01-30,1431,2132,MISSI,3,5,7,3801,0,0,0,,0,3D13C,"DOLORES ST","23RD ST",0.00,,Y,A,-,N,,,,,,,,,,N,4,0,1,2,A,-,10,21950,A,N,G,B,B,A,H,-,A,A,0,Y,,,,Y,,A,01,0,0,1,0,1,0,0,0,0,"- ","- ",,,"SAN FRANCISCO","SAN FRANCISCO",-122.42539978027344,37.753421783447266
8803774,2019,2019-02-27,3801,2019-01-02,0814,317,SOUTH,3,5,7,3801,0,0,0,,0,3B14A,"MISSION ST","11TH ST",0.00,,Y,A,-,N,,,,,,,,,,N,4,0,1,2,A,-,12,21453,A,N,D,G,A,A,H,-,A,A,0,,Y,,,Y,,L,04,0,0,1,0,0,0,1,0,0,"- ","- ",,,"SAN FRANCISCO","SAN FRANCISCO",-122.41709899902344,37.774330139160156
8803775,2019,2019-03-01,3801,2019-01-15,1845,2431,COG,2,5,7,3801,0,0,0,,0,003,"JOHN F KENNEDY DR","MARX MEADOW DR",25.00,W,N,C,-,N,,,,,,,,,,N,3,0,1,2,A,-,09,21801,A,N,D,G,A,B,H,-,C,D,0,,Y,,,Y,,A,01,0,1,0,0,0,0,1,0,0,"- ","- ",,,"SAN FRANCISCO","SAN FRANCISCO",-122.48663330078125,37.770763397216797
8803777,2019,2019-02-27,3801,2019-01-16,0521,2091,NORTH,3,5,7,3801,0,0,0,,0,3E13E,"FRANKLIN ST","ELM ST",0.00,,Y,A,-,N,,,,,,,,,,N,4,0,1,2,A,-,10,21950,A,N,G,B,B,B,H,-,C,D,0,Y,,,,Y,,A,01,0,0,1,0,1,0,0,0,0,"- ","- ",,,"SAN FRANCISCO","SAN FRANCISCO",-122.42218017578125,37.781269073486328
8803778,2019,2019-02-27,3801,2019-01-11,1958,2008,RICHM,5,5,7,3801,0,0,0,,0,3G13D,"19TH AV","ANZA ST",105.00,N,N,A,-,N,,,,,,,,,,N,4,0,1,2,A,-,11,21954,A,N,G,B,D,A,H,-,C,D,0,Y,,,,Y,,N,60,0,0,1,0,1,0,0,0,0,"- ","- ",,,"SAN FRANCISCO","SAN FRANCISCO",-122.47821044921875,37.778739929199219
8803779,2019,2019-03-01,3801,2019-01-15,1731,1626,BAYVI,2,5,7,3801,0,0,0,,0,BAYVIE,"BACON ST","SAN BRUNO AV",0.00,,Y,C,-,N,,,,,,,,,,N,4,0,1,2,A,-,11,21453,D,N,G,B,B,B,H,-,C,A,0,Y,,,,Y,,N,60,0,0,1,0,1,0,0,0,0,"- ","- ",,,"SAN FRANCISCO","SAN FRANCISCO",-122.40361022949219,37.727638244628906
8803785,2019,2019-02-27,3801,2019-01-15,1600,1177,TENDE,2,5,7,3801,0,0,0,,0,3J11D,"MARKET ST","7TH ST",0.00,,Y,B,C,N,,,,,,,,,,N,4,0,1,2,A,-,10,21950,A,N,G,B,B,B,-,-,A,A,0,Y,,,,Y,,A,01,0,0,1,0,1,0,0,0,0,"- ","- ",,,"SAN FRANCISCO","SAN FRANCISCO",-122.41250610351562,37.780479431152344
8803792,2019,2019-02-28,3801,2019-01-27,2350,145,CENTR,7,5,7,3801,0,0,0,,0,3A5E,"MARKET ST","KEARNY ST",0.00,,Y,A,-,N,,,,,,,,,,N,3,0,1,2,A,-,10,21950,,N,G,B,B,A,H,-,C,A,0,Y,,,,Y,,A,01,0,1,0,0,1,0,0,0,0,"- ","- ",,,"SAN FRANCISCO","SAN FRANCISCO",-122.40345764160156,37.78765869140625
8803795,2019,2019-03-01,3801,2019-01-03,0710,621,INGLE,4,5,7,3801,0,0,0,,0,3H14D,"MONTEREY BL","JOOST ST",20.00,N,N,A,-,N,,,,,,,,,,N,4,0,1,2,A,-,06,21750,,F,B,G,A,A,H,-,A,D,0,,Y,,,Y,,A,01,0,0,1,0,0,0,1,0,0,"- ","- ",,,"SAN FRANCISCO","SAN FRANCISCO",-122.43508148193359,37.732273101806641
8803798,2019,2019-02-27,3801,2019-01-11,1627,671,CENTR,5,5,7,3801,0,0,0,,0,3A11D,"GEARY ST","LEAVENWORTH ST",0.00,,Y,C,-,N,,,,,,,,,,N,4,0,1,2,A,-,10,21950,A,N,G,B,B,B,H,-,B,A,0,Y,,,,Y,,A,01,0,0,1,0,1,0,0,0,0,"- ","- ",,,"SAN FRANCISCO","SAN FRANCISCO",-122.41480255126953,37.786540985107422
8803800,2019,2019-03-13,3801,2019-01-28,2029,1784,RICHM,1,5,7,3801,0,0,0,,0,3G2D,"BUSH ST","BRODERICK ST",0.00,,Y,A,-,N,,,,,,,,,,N,4,0,1,2,A,-,10,21950,A,N,G,B,B,A,H,-,C,A,0,Y,,,,Y,,A,01,0,0,1,0,1,0,0,0,0,"- ","- ",,,"SAN FRANCISCO","SAN FRANCISCO",-122.44172668457031,37.785961151123047
8803801,2019,2019-02-27,3801,2019-01-15,1329,2230,TENDE,2,5,7,3801,0,0,0,,0,3J45C,"HYDE ST","TURK ST",0.00,,Y,B,C,N,,,,,,,,,,N,4,0,1,2,A,-,10,21950,A,N,G,B,-,B,H,-,A,A,0,Y,,,,Y,,-,,0,0,1,0,1,0,0,0,0,"- ","- ",,,"SAN FRANCISCO","SAN FRANCISCO",-122.41568756103516,37.782569885253906
8803807,2019,2019-03-01,3801,2019-01-06,1431,2132,MISSI,7,5,7,3801,0,0,0,,0,3D15C,"BRYANT ST","DIVISION ST",0.00,,Y,C,-,N,,,,,,,,,,N,3,0,1,2,A,-,12,21453,A,N,D,G,A,B,H,-,A,A,0,,Y,,,Y,,L,04,0,1,0,0,0,0,1,0,0,"- ","- ",,,"SAN FRANCISCO","SAN FRANCISCO",-122.41082000732422,37.769309997558594
8803808,2019,2019-02-28,3801,2019-01-29,1945,2036,NORTH,2,5,7,3801,0,0,0,,0,"2 CAR","MCALLISTER ST","FILLMORE ST",0.00,,Y,A,-,N,,,,,,,,,,N,3,0,1,2,A,-,08,22107,,N,D,G,A,A,H,-,C,D,0,,Y,,,Y,,A,01,0,1,0,0,0,0,1,0,0,"- ","- ",,,"SAN FRANCISCO","SAN FRANCISCO",-122.43174743652344,37.778640747070312
8803813,2019,2019-02-27,3801,2019-01-14,1452,893,TARAV,1,5,7,3801,0,0,0,,0,3I15A,"SLOAT BL","34TH AV",234.00,E,N,C,-,N,,,,,,,,,,N,3,0,1,2,A,-,10,21950,A,N,G,B,B,B,H,-,A,A,0,Y,,,,Y,Y,A,01,0,1,0,0,1,0,0,0,0,"- ","- ",,,"SAN FRANCISCO","SAN FRANCISCO",-122.49044036865234,37.734161376953125
8803815,2019,2019-03-01,3801,2019-01-02,2058,1115,SOUTH,3,5,7,3801,0,0,0,,0,3B107,"6TH ST","HOWARD ST",4.00,N,N,A,-,N,,,,,,,,,,N,4,0,1,2,A,-,06,21760,B,N,B,G,A,A,H,-,C,A,0,,Y,,,Y,,A,01,0,0,1,0,0,0,1,0,0,"- ","- ",,,"SAN FRANCISCO","SAN FRANCISCO",-122.40715026855469,37.779758453369141
8803816,2019,2019-02-28,3801,2019-01-22,1100,1609,RICHM,2,5,7,3801,0,0,0,,0,3G28,"MARTIN LUTHER KING DR","CHAIN OF LAKES DR",0.00,,Y,A,-,N,,,,,,,,,,N,4,0,1,2,D,-,00,,,N,G,B,B,A,H,-,A,A,0,Y,,,,Y,,-,"- ",0,0,1,0,1,0,0,0,0,"- ","- ",,,"SAN FRANCISCO","SAN FRANCISCO",-122.50089263916016,37.764850616455078
8803818,2019,2019-02-27,3801,2019-01-12,2220,4035,MISSI,6,5,7,3801,0,0,0,,0,3D15E,"14TH ST","VALENCIA ST",0.00,,Y,A,-,N,,,,,,,,,,N,4,0,1,2,A,-,12,21453,A,N,A,G,A,A,H,-,C,A,0,,Y,,,Y,,L,04,0,0,1,0,0,0,1,0,0,"- ","- ",,,"SAN FRANCISCO","SAN FRANCISCO",-122.42218017578125,37.768150329589844
8803819,2019,2019-03-01,3801,2019-01-03,0841,1147,SOUTH,4,5,7,3801,0,0,0,,0,3B12A,"2ND ST","HARRISON ST",0.00,,Y,A,-,N,,,,,,,,,,N,4,0,1,2,A,-,10,21950,A,N,G,B,B,A,H,-,A,A,0,Y,,,,Y,,A,01,0,0,1,0,1,0,0,0,0,"- ","- ",,,"SAN FRANCISCO","SAN FRANCISCO",-122.39517974853516,37.784328460693359
8803825,2019,2019-02-27,3801,2019-01-10,1915,4119,NORTH,4,5,7,3801,0,0,0,,0,4CAR,"VALLEJO ST","GOUGH ST",0.00,,Y,A,-,N,,,,,,,,,,N,4,0,1,2,A,-,10,21950,A,N,A,B,B,A,H,-,C,D,0,Y,,,,Y,,A,01,0,0,1,0,1,0,0,0,0,"- ","- ",,,"SAN FRANCISCO","SAN FRANCISCO",-122.4268798828125,37.796291351318359
8803829,2019,2019-02-27,3801,2019-01-14,0535,1917,TARAV,1,5,7,3801,0,0,0,,0,3I16A,"ST CHARLES AV","ALEMANY BL",0.00,,Y,A,-,N,,,,,,,,,,N,2,0,1,2,A,-,10,21950,A,F,G,B,B,A,H,-,C,A,0,Y,,,,Y,,A,01,1,0,0,0,1,0,0,0,0,"- ","- ",,,"SAN FRANCISCO","SAN FRANCISCO",-122.46930694580078,37.710620880126953
8803831,2019,2019-03-01,3801,2019-01-03,0656,1693,BAYVI,4,5,7,3801,0,0,0,,0,002,"OAKDALE AV","QUINT ST",201.00,W,N,A,-,N,,,,,,,,,,Y,4,0,1,3,A,-,03,22350,,F,G,B,E,A,H,-,A,D,0,Y,,,,Y,,-,,0,0,1,0,1,0,0,0,0,"- ","- ",,,"SAN FRANCISCO","SAN FRANCISCO",-122.39653778076172,37.738121032714844
8803832,2019,2019-02-28,3801,2019-01-21,1000,2210,INGLE,1,5,7,3801,0,0,0,,0,3H103,"LAWRENCE AV","HURON AV",0.00,,Y,A,-,N,,,,,,,,,,N,4,0,1,2,A,-,17,21663,,F,G,B,F,A,H,-,A,D,0,Y,,,,Y,,-,,0,0,1,0,1,0,0,0,0,"- ","- ",37.710151672363281,-122.45192718505859,"SAN FRANCISCO","SAN FRANCISCO",-122.45191192626953,37.710239410400391
8803834,2019,2019-02-27,3801,2019-01-02,1830,2749,CENTR,3,5,7,3801,0,0,0,,0,3A12D,"POWELL ST","POST ST",55.00,S,N,A,-,N,,,,,,,,,,N,3,0,1,2,A,-,17,22517,,N,H,G,A,A,H,-,C,D,0,,Y,,,Y,,-,,0,1,0,0,0,0,1,0,0,"- ","- ",,,"SAN FRANCISCO","SAN FRANCISCO",-122.40837097167969,37.788139343261719
8803835,2019,2019-03-01,3801,2019-01-02,0940,1116,,3,5,7,3801,0,0,0,,0,,"15TH ST","SAN BRUNO AV",0.00,,Y,A,-,N,,,,,,,,,,N,2,0,1,2,A,-,12,22450,A,N,G,B,B,B,H,-,A,D,0,Y,,,,Y,,A,01,1,0,0,0,1,0,0,0,0,"- ","- ",,,"SAN FRANCISCO","SAN FRANCISCO",-122.40572357177734,37.767208099365234
8803840,2019,2019-02-28,3801,2019-01-17,1730,324,CENTR,4,5,7,3801,0,0,0,,0,3A00,"TOWNSEND ST","4TH ST",150.00,W,N,F,-,N,,,,,,,,,,N,4,0,1,2,A,-,09,21804,A,M,B,G,A,B,G,-,C,D,0,,Y,,,Y,,A,01,0,0,1,0,0,0,1,0,0,"- ","- ",,,"SAN FRANCISCO","SAN FRANCISCO",-122.39535522460938,37.776817321777344
8803844,2019,2019-05-11,3801,2019-01-09,0900,2376,SOUTH,3,5,7,3801,0,0,0,,0,3B14A,"8TH ST","BRYANT ST",65.00,S,N,B,-,N,,,,,,,,,,N,4,0,2,2,A,-,11,21956,A,N,B,B,E,B,H,-,A,D,0,Y,Y,,,Y,,N,60,0,0,2,0,1,0,1,0,0,"- ","- ",,,"SAN FRANCISCO","SAN FRANCISCO",-122.40689849853516,37.772342681884766
8803845,2019,2019-03-13,3801,2019-01-23,2233,2172,NORTH,3,5,7,3801,0,0,0,,0,005,"FILLMORE ST","GREENWICH ST",0.00,,Y,A,-,N,,,,,,,,,,N,4,0,1,2,-,-,"- ",,,N,B,B,B,A,H,-,C,D,0,Y,,,,Y,Y,-,"- ",0,0,1,0,1,0,0,0,0,"- ","- ",,,"SAN FRANCISCO","SAN FRANCISCO",-122.43588256835938,37.798961639404297
8803847,2019,2019-02-27,3801,2019-01-25,1900,397,BAYVI,5,5,7,3801,0,0,0,,0,3C4,"UNIVERSITY ST","SILLIMAN ST",0.00,,Y,A,-,N,,,,,,,,,,N,3,0,1,2,A,-,12,22450,A,N,G,B,E,A,H,-,C,D,0,Y,,,,Y,,N,60,0,1,0,0,1,0,0,0,0,"- ","- ",,,"SAN FRANCISCO","SAN FRANCISCO",-122.41497039794922,37.728649139404297
8803849,2019,2019-02-28,3801,2019-01-06,1700,820,CENTR,7,5,7,3801,0,0,0,,0,3A13D,"POST ST","HYDE ST",0.00,,Y,C,-,N,,,,,,,,,,N,4,0,1,2,A,-,10,21950,A,F,G,B,B,B,H,-,A,A,0,Y,,,,Y,,-,,0,0,1,0,1,0,0,0,0,"- ","- ",,,"SAN FRANCISCO","SAN FRANCISCO",-122.41661834716797,37.787250518798828
8803853,2019,2019-03-14,3801,2019-01-06,1600,2392,"SAN F",7,5,7,3801,0,0,0,,0,901,"VALENCIA ST","15TH ST",0.00,,Y,C,-,N,,,,,,,,,,,3,0,1,2,A,-,09,21801,A,N,D,G,A,B,H,-,A,A,0,,Y,,,Y,,A,01,0,1,0,0,0,0,1,0,0,"- ","- ",,,"SAN FRANCISCO","SAN FRANCISCO",-122.42202758789062,37.766529083251953
8803855,2019,2019-02-27,3801,2019-01-26,0530,211,TENDE,6,5,7,3801,0,0,0,,0,3J13E,"MCALLISTER ST","LEAVENWORTH ST",140.00,W,N,A,-,N,,,,,,,,,,N,4,0,1,2,A,-,11,21954,A,F,G,B,E,A,H,-,C,D,0,Y,,,,Y,,N,60,0,0,1,0,1,0,0,0,0,"- ","- ",,,"SAN FRANCISCO","SAN FRANCISCO",-122.41416931152344,37.780872344970703
8803857,2019,2019-03-14,3801,2019-01-06,1710,2300,TENDE,7,5,7,3801,0,0,0,,0,3J11D,"HARRISON ST","11TH ST",0.00,,Y,-,-,N,,,,,,,,,,N,4,0,1,2,A,-,10,21950,A,F,G,B,E,-,-,-,-,-,0,Y,,,,Y,,A,07,0,0,1,0,1,0,0,0,0,"- ","- ",,,"SAN FRANCISCO","SAN FRANCISCO",-122.41246795654297,37.7706298828125
8803860,2019,2019-02-28,3801,2019-01-09,1625,892,SOUTH,3,5,7,3801,0,0,0,,0,3B12D,"HOWARD ST","6TH ST",150.00,E,N,A,-,N,,,,,,,,,,N,3,0,1,2,A,-,17,22517,,N,H,G,A,A,H,-,A,A,0,,Y,,,Y,,A,07,0,1,0,0,0,0,1,0,0,"- ","- ",,,"SAN FRANCISCO","SAN FRANCISCO",-122.40677642822266,37.780044555664062
8803861,2019,2019-02-28,3801,2019-01-30,1755,4000,PARK,3,5,7,3801,0,0,0,,0,"4 CAR","HERMANN ST","BUCHANAN ST",0.00,,Y,A,-,N,,,,,,,,,,N,4,0,1,2,A,-,10,21950,A,N,G,B,B,A,H,-,A,D,0,Y,,,,Y,,A,08,0,0,1,0,1,0,0,0,0,"- ","- ",,,"SAN FRANCISCO","SAN FRANCISCO",-122.42678070068359,37.770671844482422
8803863,2019,2019-02-27,3801,2019-01-25,2100,182,BAYVI,5,5,7,3801,0,0,0,,0,3C12D,"BAYSHORE BL","MARIN ST",0.00,,Y,A,-,N,,,,,,,,,,N,2,0,1,2,A,-,03,22350,,F,A,G,A,A,H,-,C,A,0,,Y,,,Y,,A,01,1,0,0,0,0,0,1,0,0,"- ","- ",,,"SAN FRANCISCO","SAN FRANCISCO",-122.40351867675781,37.748119354248047
8803865,2019,2019-02-28,3801,2019-01-20,1840,2200,NORTH,7,5,7,3801,0,0,0,,0,002,"GROVE ST","FILLMORE ST",0.00,,Y,B,C,N,,,,,,,,,,Y,2,0,1,2,A,-,10,21950,C,F,G,B,B,B,H,-,C,D,0,Y,,,,Y,Y,A,01,1,0,0,0,1,0,0,0,0,"- ","- ",,,"SAN FRANCISCO","SAN FRANCISCO",-122.43137359619141,37.776760101318359
8803866,2019,2019-02-28,3801,2019-01-13,1928,312,TARAV,7,5,7,3801,0,0,0,,0,"3 CAR","46TH AV","KIRKHAM ST",285.00,S,N,A,-,N,,,,,,,,,,Y,3,0,2,4,A,-,03,22350,,N,G,B,E,A,H,-,D,D,0,Y,,,,Y,,A,01,0,1,1,0,1,0,0,0,0,"- ","- ",,,"SAN FRANCISCO","SAN FRANCISCO",-122.50575256347656,37.757789611816406
8803867,2019,2019-03-12,3801,2019-01-24,2032,A21521,SOUTH,4,5,7,3801,0,0,0,,0,0B5,"4TH ST",LONGBRIDGE,60.00,N,N,A,-,N,,,,,,,,,,N,3,0,1,2,A,-,09,21804,A,N,B,G,A,A,H,-,C,D,0,,Y,,,Y,,A,01,0,1,0,0,0,0,1,0,0,"- ","- ",,,"SAN FRANCISCO","SAN FRANCISCO",-122.39147186279297,37.7738037109375