CASE_ID,ACCIDENT_YEAR,PROC_DATE,JURIS,COLLISION_DATE,COLLISION_TIME,OFFICER_ID,REPORTING_DISTRICT,DAY_OF_WEEK,CHP_SHIFT,POPULATION,CNTY_CITY_LOC,SPECIAL_COND,BEAT_TYPE,CHP_BEAT_TYPE,CITY_DIVISION_LAPD,CHP_BEAT_CLASS,BEAT_NUMBER,PRIMARY_RD,SECONDARY_RD,DISTANCE,DIRECTION,INTERSECTION,WEATHER_1,WEATHER_2,STATE_HWY_IND,CALTRANS_COUNTY,CALTRANS_DISTRICT,STATE_ROUTE,ROUTE_SUFFIX,POSTMILE_PREFIX,POSTMILE,LOCATION_TYPE,RAMP_INTERSECTION,SIDE_OF_HWY,TOW_AWAY,COLLISION_SEVERITY,NUMBER_KILLED,NUMBER_INJURED,PARTY_COUNT,PRIMARY_COLL_FACTOR,PCF_CODE_OF_VIOL,PCF_VIOL_CATEGORY,PCF_VIOLATION,PCF_VIOL_SUBSECTION,HIT_AND_RUN,TYPE_OF_COLLISION,MVIW,PED_ACTION,ROAD_SURFACE,ROAD_COND_1,ROAD_COND_2,LIGHTING,CONTROL_DEVICE,CHP_ROAD_TYPE,PEDESTRIAN_ACCIDENT,BICYCLE_ACCIDENT,MOTORCYCLE_ACCIDENT,TRUCK_ACCIDENT,NOT_PRIVATE_PROPERTY,ALCOHOL_INVOLVED,STWD_VEHTYPE_AT_FAULT,CHP_VEHTYPE_AT_FAULT,COUNT_SEVERE_INJ,COUNT_VISIBLE_INJ,COUNT_COMPLAINT_PAIN,COUNT_PED_KILLED,COUNT_PED_INJURED,COUNT_BICYCLIST_KILLED,COUNT_BICYCLIST_INJURED,COUNT_MC_KILLED,COUNT_MC_INJURED,PRIMARY_RAMP,SECONDARY_RAMP,LATITUDE,LONGITUDE,COUNTY,CITY,POINT_X,POINT_Y
8817697,2019,2019-03-20,3801,2019-02-12,1334,417,CENTR,2,5,7,3801,0,0,0,,0,3A46B,"POWELL ST","POST ST",0.00,,Y,B,-,N,,,,,,,,,,N,4,0,1,2,A,-,12,21455,,N,B,B,E,A,H,-,A,A,0,Y,,,,Y,,N,60,0,0,1,0,1,0,0,0,0,"- ","- ",,,"SAN FRANCISCO","SAN FRANCISCO",-122.40840148925781,37.788288116455078
8817700,2019,2019-03-18,3801,2019-02-20,1707,96,INGEL,3,5,7,3801,0,0,0,,0,3H13D,"SAN JOSE AV","NIAGARA AV",0.00,,Y,A,-,N,,,,,,,,,,N,2,0,1,2,A,-,10,21950,A,N,G,B,B,A,H,-,A,A,0,Y,,Y,,Y,,C,06,1,0,0,0,1,0,0,0,0,"- ","- ",,,"SAN FRANCISCO","SAN FRANCISCO",-122.44760894775391,37.719478607177734
8817701,2019,2019-03-20,3801,2019-02-03,0006,4276,CENTR,7,5,7,3801,0,0,0,,0,"3 CAR","BAY ST","MASON ST",0.00,,Y,C,-,N,,,,,,,,,,N,3,0,1,2,A,-,11,21950,B,N,G,B,D,B,H,-,C,A,0,Y,,,,Y,Y,N,60,0,1,0,0,1,0,0,0,0,"- ","- ",,,"SAN FRANCISCO","SAN FRANCISCO",-122.41358947753906,37.805629730224609
8817705,2019,2019-03-21,3801,2019-02-02,2142,740,MISSI,6,5,7,3801,0,0,0,,0,3D15E,"DUBOCE AV","VALENCIA ST",0.00,,Y,C,-,N,,,,,,,,,,N,3,0,1,2,A,-,11,21456,C,M,G,B,B,B,H,-,C,A,0,Y,,,,Y,Y,N,60,0,1,0,0,1,0,0,0,0,"- ","- ",,,"SAN FRANCISCO","SAN FRANCISCO",-122.42236328125,37.769870758056641
8817710,2019,2019-03-27,3801,2019-02-05,0949,1696,NORTH,2,5,7,3801,0,0,0,,0,3E13D,"POLK ST","GEARY ST",0.00,,Y,A,-,N,,,,,,,,,,N,3,0,1,2,A,-,08,22107,,N,D,G,A,A,H,-,A,A,0,,Y,,,Y,,A,01,0,1,0,0,0,0,1,0,0,"- ","- ",,,"SAN FRANCISCO","SAN FRANCISCO",-122.41973876953125,37.785900115966797
8817714,2019,2019-03-20,3801,2019-02-19,1851,23335,RICHM,2,5,7,3801,0,0,0,,0,0G3,"11TH AV","GEARY BL",0.00,,Y,A,-,N,,,,,,,,,,N,2,0,2,3,A,-,21,22106,,N,G,B,B,A,H,-,C,A,0,Y,,,,Y,,A,01,1,0,1,0,2,0,0,0,0,"- ","- ",,,"SAN FRANCISCO","SAN FRANCISCO",-122.46965789794922,37.780830383300781
8817715,2019,2019-03-20,3801,2019-02-02,2130,4104,PARK,6,5,7,3801,0,0,0,,0,3F3A,"MCALLISTER ST","BRODERICK ST",0.00,,Y,B,-,N,,,,,,,,,,N,3,0,1,2,D,-,00,,,N,G,B,B,B,H,-,D,A,0,Y,,,,Y,,-,"- ",0,1,0,0,1,0,0,0,0,"- ","- ",,,"SAN FRANCISCO","SAN FRANCISCO",-122.44003295898438,37.777568817138672
8817716,2019,2019-03-19,3801,2019-02-14,1023,3G44,RICHM,4,5,7,3801,0,0,0,,0,004,"CLEMENT ST","21ST AV",0.00,,Y,B,C,N,,,,,,,,,,N,3,0,1,2,A,-,10,21950,A,N,G,B,B,B,H,-,A,A,0,Y,,,,Y,,A,08,0,1,0,0,1,0,0,0,0,"- ","- ",,,"SAN FRANCISCO","SAN FRANCISCO",-122.4805908203125,37.782199859619141
8817721,2019,2019-03-20,3801,2019-02-02,1532,1291,,6,5,7,3801,0,0,0,,0,,"EDDY ST","TAYLOR ST",10.00,E,N,B,C,N,,,,,,,,,,N,4,0,1,2,A,-,10,21950,A,N,G,B,B,B,H,-,A,A,0,Y,,,,Y,Y,A,01,0,0,1,0,1,0,0,0,0,"- ","- ",,,"SAN FRANCISCO","SAN FRANCISCO",-122.41091918945312,37.784164428710938
8817723,2019,2019-03-20,3801,2019-02-02,2154,1100,TENDE,6,5,7,3801,0,0,0,,0,3J12E,"6TH ST","JESSIE ST",4.00,S,N,C,-,N,,,,,,,,,,N,4,0,1,2,A,-,21,22106,,N,G,B,B,B,H,-,C,A,0,Y,,,,Y,,A,01,0,0,1,0,1,0,0,0,0,"- ","- ",,,"SAN FRANCISCO","SAN FRANCISCO",-122.40920257568359,37.781391143798828
8817728,2019,2019-03-19,3801,2019-02-18,1515,2230,TENDE,1,5,7,3801,0,0,0,,0,3J44C,"TURK ST","TAYLOR ST",0.00,,Y,A,-,N,,,,,,,,,,N,4,0,1,2,A,-,09,21453,C,F,G,B,B,A,H,-,A,A,0,Y,,,,Y,,A,01,0,0,1,0,1,0,0,0,0,"- ","- ",,,"SAN FRANCISCO","SAN FRANCISCO",-122.41078186035156,37.783210754394531
8817730,2019,2019-03-20,3801,2019-02-05,0709,2046,NORTH,2,5,7,3801,0,0,0,,0,3E14A,"STEINER ST","CALIFORNIA ST",29.00,W,N,A,-,N,,,,,,,,,,N,4,0,1,2,A,-,10,21950,C,N,G,B,B,A,H,-,A,A,0,Y,,,,Y,,A,01,0,0,1,0,1,0,0,0,0,"- ","- ",,,"SAN FRANCISCO","SAN FRANCISCO",-122.43550109863281,37.788787841796875
8817731,2019,2019-03-20,3801,2019-02-26,2227,245,SOUTH,2,5,7,3801,0,0,0,,0,0B1,"1ST ST","HOWARD ST",0.00,,Y,C,-,N,,,,,,,,,,Y,2,0,1,2,A,-,08,22107,,N,G,B,B,B,H,-,C,A,0,Y,,,,Y,,A,01,1,0,0,0,1,0,0,0,0,"- ","- ",,,"SAN FRANCISCO","SAN FRANCISCO",-122.39604187011719,37.788551330566406
8817732,2019,2019-03-18,3801,2019-02-19,0834,207,CENTR,2,5,7,3801,0,0,0,,0,3A14A,"MONTGOMERY ST","POST ST",10.00,N,N,A,-,N,,,,,,,,,,N,4,0,1,2,A,-,08,22107,,N,D,G,A,A,-,-,A,A,0,,Y,,,Y,,L,04,0,0,1,0,0,0,1,0,0,"- ","- ",,,"SAN FRANCISCO","SAN FRANCISCO",-122.40202331542969,37.789146423339844
8817733,2019,2019-03-21,3801,2019-02-03,1016,195,NORTH,7,5,7,3801,0,0,0,,0,003,"GEARY BL","POLK ST",0.00,,Y,B,C,N,,,,,,,,,,N,4,0,1,2,A,-,06,21750,A,N,G,B,B,B,H,-,A,A,0,Y,,,,Y,,A,01,0,0,1,0,1,0,0,0,0,"- ","- ",,,"SAN FRANCISCO","SAN FRANCISCO",-122.41973876953125,37.785900115966797
8817734,2019,2019-03-27,3801,2019-02-06,0735,2279,BAYVI,3,5,7,3801,0,0,0,,0,0C2,"CARROLL AV","3RD ST",115.00,W,N,A,-,N,,,,,,,,,,N,4,0,1,2,A,-,"- ",,,N,G,B,D,A,H,-,A,D,0,Y,,,,Y,,A,01,0,0,1,0,1,0,0,0,0,"- ","- ",,,"SAN FRANCISCO","SAN FRANCISCO",-122.39469909667969,37.725658416748047
8817735,2019,2019-03-20,3801,2019-02-20,1738,1249,MISSI,3,5,7,3801,0,0,0,,0,3D16D,"VALENCIA ST","BROSNAN ST",0.00,,Y,A,-,N,,,,,,,,,,N,3,0,1,2,A,-,08,22107,,N,B,G,A,A,H,-,B,A,0,,Y,,,Y,,A,01,0,1,0,0,0,0,1,0,0,"- ","- ",,,"SAN FRANCISCO","SAN FRANCISCO",-122.42224884033203,37.768768310546875
8817737,2019,2019-03-21,3801,2019-02-02,1900,874,CENTR,6,5,7,3801,0,0,0,,0,3A15D,"CALIFORNIA ST","SANSOME ST",123.00,E,N,C,-,N,,,,,,,,,,N,4,0,1,2,A,-,21,22106,,N,G,B,E,B,H,-,C,D,0,Y,,,,Y,,A,01,0,0,1,0,1,0,0,0,0,"- ","- ",,,"SAN FRANCISCO","SAN FRANCISCO",-122.40071868896484,37.793148040771484
8817740,2019,2019-03-21,3801,2019-02-05,1700,608,TENDE,2,5,7,3801,0,0,0,,0,0J2,"6TH ST","STEVENSON ST",0.00,,Y,A,-,N,,,,,,,,,,N,3,0,1,2,A,-,21,22106,,N,B,G,A,A,H,-,A,D,0,,Y,,,Y,,L,04,0,1,0,0,0,0,1,0,0,"- ","- ",,,"SAN FRANCISCO","SAN FRANCISCO",-122.40966796875,37.781768798828125
8817741,2019,2019-03-21,3801,2019-02-02,1849,2419,RICHM,6,5,7,3801,0,0,0,,0,004,"CALIFORNIA ST","26TH AV",0.00,,Y,C,-,N,,,,,,,,,,,3,0,1,2,A,-,03,22350,,N,G,B,B,B,-,-,C,D,0,Y,,,,Y,,A,07,0,1,0,0,1,0,0,0,0,"- ","- ",,,"SAN FRANCISCO","SAN FRANCISCO",-122.48607635498047,37.783828735351562
8817745,2019,2019-03-21,3801,2019-02-05,1548,1931,NORTH,2,5,7,3801,0,0,0,,0,,"PINE ST","POLK ST",0.00,,Y,A,-,N,,,,,,,,,,N,4,0,1,2,A,-,10,21950,A,N,D,B,B,A,H,-,A,A,0,Y,,,,Y,,A,01,0,0,1,0,1,0,0,0,0,"- ","- ",,,"SAN FRANCISCO","SAN FRANCISCO",-122.42050170898438,37.789638519287109
8817746,2019,2019-03-20,3801,2019-02-03,1200,1887,TRAFF,7,5,7,3801,0,0,0,,0,,"FRANKLIN ST","UNION ST",16.00,S,N,C,-,N,,,,,,,,,,N,3,0,1,2,A,-,12,21453,A,N,B,G,A,B,H,-,A,A,0,,Y,,,Y,,L,04,0,1,0,0,0,0,1,0,0,"- ","- ",,,"SAN FRANCISCO","SAN FRANCISCO",-122.42561340332031,37.798297882080078
8817747,2019,2019-03-20,3801,2019-02-27,1528,182,BAYVI,3,5,7,3801,0,0,0,,0,3C15D,"3RD ST","CARROLL AV",0.00,,Y,B,-,N,,,,,,,,,,N,4,0,1,2,A,-,07,21658,A,F,B,G,A,A,H,-,A,A,0,,Y,,,Y,Y,A,01,0,0,1,0,0,0,1,0,0,"- ","- ",,,"SAN FRANCISCO","SAN FRANCISCO",-122.39436340332031,37.725490570068359
8817748,2019,2019-03-19,3801,2019-02-12,1130,196,CENTR,2,5,7,3801,0,0,0,,0,3A15A,"SACRAMENTO ST","DAVIS ST",136.00,E,N,B,-,N,,,,,,,,,,N,3,0,1,2,A,-,05,21651,A,N,G,B,D,A,H,-,A,A,0,Y,,,,Y,,N,60,0,1,0,0,1,0,0,0,0,"- ","- ",,,"SAN FRANCISCO","SAN FRANCISCO",-122.39732360839844,37.794540405273438
8817749,2019,2019-03-21,3801,2019-02-04,1944,2050,NORTH,1,5,7,3801,0,0,0,,0,3E4D,"POLK ST","PINE ST",0.00,,Y,C,-,N,,,,,,,,,,N,4,0,1,2,A,-,10,21950,A,N,B,B,B,B,H,-,C,A,0,Y,,,,Y,,A,01,0,0,1,0,1,0,0,0,0,"- ","- ",,,"SAN FRANCISCO","SAN FRANCISCO",-122.42050170898438,37.789638519287109
8817752,2019,2019-03-19,3801,2019-02-12,2150,1308,TENDE,2,5,7,3801,0,0,0,,0,3J13D,"FULTON ST","LARKIN ST",14.00,W,N,C,-,N,,,,,,,,,,N,4,0,1,2,A,-,10,21950,A,F,G,B,B,B,-,-,C,A,0,Y,,,,Y,,-,"- ",0,0,1,0,1,0,0,0,0,"- ","- ",,,"SAN FRANCISCO","SAN FRANCISCO",-122.41676330566406,37.779590606689453
8817753,2019,2019-03-21,3801,2019-02-04,2041,2050,NORTH,1,5,7,3801,0,0,0,,0,3E4D,"DIVISADERO ST","BUSH ST",0.00,,Y,C,-,N,,,,,,,,,,N,3,0,1,2,A,-,00,21905,A,F,B,B,B,B,H,-,C,A,0,Y,,,,Y,,-,,0,1,0,0,1,0,0,0,0,"- ","- ",,,"SAN FRANCISCO","SAN FRANCISCO",-122.44004821777344,37.786190032958984
8817754,2019,2019-03-20,3801,2019-02-12,1635,386,MISSI,2,5,7,3801,0,0,0,,0,3D14D,"HARRISON ST","17TH ST",42.00,S,N,A,-,N,,,,,,,,,,N,4,0,1,2,A,-,06,21760,B,F,B,G,A,A,H,-,A,D,0,,Y,,,Y,,A,01,0,0,1,0,0,0,1,0,0,"- ","- ",,,"SAN FRANCISCO","SAN FRANCISCO",-122.41300201416016,37.76397705078125
8817756,2019,2019-03-19,3801,2019-02-12,1000,97,3F13A,2,5,7,3801,0,0,0,,0,PARK,"STANYAN BL","TURK BL",0.00,,Y,B,-,N,,,,,,,,,,N,4,0,1,2,A,-,08,22107,,N,D,G,A,A,H,-,A,A,0,,Y,,,Y,,A,01,0,0,1,0,0,0,1,0,0,"- ","- ",,,"SAN FRANCISCO","SAN FRANCISCO",-122.45523071289062,37.777591705322266
8817758,2019,2019-03-20,3801,2019-02-12,1913,1249,MISSI,2,5,7,3801,0,0,0,,0,3D11D,"FOLSOM ST","21ST ST",0.00,,Y,C,-,N,,,,,,,,,,N,3,0,1,2,A,-,10,21950,A,N,G,B,B,B,H,-,C,A,0,Y,,,,Y,,A,01,0,1,0,0,1,0,0,0,0,"- ","- ",,,"SAN FRANCISCO","SAN FRANCISCO",-122.41452026367188,37.757301330566406
8817759,2019,2019-03-20,3801,2019-02-22,1530,982,CENTR,5,5,7,3801,0,0,0,,0,3A13C,"MASON ST","PACIFIC AV",20.00,N,N,A,-,N,,,,,,,,,,N,3,0,1,2,A,-,17,22517,,N,E,G,A,A,H,-,A,A,0,,Y,,,Y,,A,07,0,1,0,0,0,0,1,0,0,"- ","- ",,,"SAN FRANCISCO","SAN FRANCISCO",-122.41172027587891,37.796363830566406
8817764,2019,2019-03-20,3801,2019-02-26,2200,2705,BAYVI,2,5,7,3801,0,0,0,,0,3C13D,"KANSAS ST","26TH ST",0.00,,Y,B,C,N,,,,,,,,,,,4,0,1,2,A,-,10,21950,A,F,G,B,B,B,H,-,C,A,0,Y,,,,Y,,A,01,0,0,1,0,1,0,0,0,0,"- ","- ",,,"SAN FRANCISCO","SAN FRANCISCO",-122.40220642089844,37.750598907470703
8817766,2019,2019-03-19,3801,2019-02-18,0916,466,TTF,1,5,7,3801,0,0,0,,0,004,"GOLDEN GATE AV","JONES ST",0.00,,Y,A,-,N,,,,,,,,,,N,4,0,1,2,A,-,10,21950,A,F,G,B,B,A,H,-,A,A,0,Y,,,,Y,,-,,0,0,1,0,1,0,0,0,0,"- ","- ",,,"SAN FRANCISCO","SAN FRANCISCO",-122.4122314453125,37.782081604003906
8817767,2019,2019-03-19,3801,2019-02-24,1740,4352,SOUTH,7,5,7,3801,0,0,0,,0,0B2,"BRYANT ST","5TH ST",0.00,,Y,B,-,N,,,,,,,,,,N,3,0,1,2,A,-,12,21453,A,N,D,G,A,A,H,-,C,A,0,,Y,,,Y,,L,04,0,1,0,0,0,0,1,0,0,"- ","- ",,,"SAN FRANCISCO","SAN FRANCISCO",-122.40029144287109,37.777801513671875
8817768,2019,2019-03-20,3801,2019-02-26,2140,145,CENTR,2,5,7,3801,0,0,0,,0,3A12E,"SUTTER ST","POWELL ST",0.00,,Y,C,G,N,,,,,,,,,,N,4,0,1,2,A,-,10,21950,A,N,A,B,B,B,H,-,C,A,0,Y,,,,Y,,A,01,0,0,1,0,1,0,0,0,0,"- ","- ",,,"SAN FRANCISCO","SAN FRANCISCO",-122.40860748291016,37.789230346679688
8817772,2019,2019-03-20,3801,2019-02-01,1422,365,CENTR,5,5,7,3801,0,0,0,,0,"2 CAR","SUTTER ST","HARRISON ST",0.00,,Y,C,-,N,,,,,,,,,,N,4,0,1,2,A,-,06,21755,A,N,B,G,A,B,H,-,A,A,0,,Y,,,Y,Y,L,04,0,0,1,0,0,0,1,0,0,"- ","- ",,,"SAN FRANCISCO","SAN FRANCISCO",,
8817775,2019,2019-03-19,3801,2019-02-03,1916,4067,RICHM,7,5,7,3801,0,0,0,,0,3G5D,"POINT LOBOS AV","48TH AV",865.00,W,N,B,-,N,,,,,,,,,,Y,2,0,2,4,A,-,04,21703,,N,G,B,C,A,H,-,C,D,0,Y,,,,Y,Y,A,01,1,1,0,0,2,0,0,0,0,"- ","- ",,,"SAN FRANCISCO","SAN FRANCISCO",-122.51219177246094,37.779083251953125
8817776,2019,2019-03-20,3801,2019-02-02,1812,4314,RICHM,6,5,7,3801,0,0,0,,0,0G4,"FULTON ST","22ND AV",74.00,E,N,C,-,N,,,,,,,,,,N,2,0,1,3,A,-,11,21954,A,N,G,B,D,B,H,-,C,D,0,Y,,,,Y,,N,60,1,0,0,0,1,0,0,0,0,"- ","- ",,,"SAN FRANCISCO","SAN FRANCISCO",-122.48073577880859,37.772720336914062
8817784,2019,2019-04-09,3801,2019-02-02,1740,713,CENTR,6,5,7,3801,0,0,0,,0,3A14D,COLUMBUS,"KEARNY ST",61.00,N,N,C,-,N,,,,,,,,,,N,4,0,1,2,A,I,"- ",,,N,G,B,E,B,H,-,C,A,0,Y,,,,Y,,N,60,0,0,1,0,1,0,0,0,0,"- ","- ",,,"SAN FRANCISCO","SAN FRANCISCO",-122.40555572509766,37.797164916992188
8817785,2019,2019-03-20,3801,2019-02-15,0555,488,INGLE,5,5,7,3801,0,0,0,,0,3H16E,"MONTEREY BL","PLYMOUTH AV",4.00,E,N,C,-,N,,,,,,,,,,N,4,0,1,2,A,-,10,21950,A,N,G,B,B,B,H,-,C,A,0,Y,,,,Y,,A,01,0,0,1,0,1,0,0,0,0,"- ","- ",,,"SAN FRANCISCO","SAN FRANCISCO",-122.45804595947266,37.730812072753906
8817788,2019,2019-03-20,3801,2019-02-28,1942,2017,MISSI,4,5,7,3801,0,0,0,,0,3D14D,"23RD ST","SAN BRUNO AV",50.00,E,N,A,-,N,,,,,,,,,,N,4,0,1,2,A,-,10,21950,A,N,G,B,C,A,H,-,C,A,0,Y,,,,Y,,A,01,0,0,1,0,1,0,0,0,0,"- ","- ",,,"SAN FRANCISCO","SAN FRANCISCO",-122.40430450439453,37.754421234130859
8817789,2019,2019-03-20,3801,2019-02-15,2000,737,NORTH,5,5,7,3801,0,0,0,,0,3E13A,"POLK ST",BROADWAY,0.00,,Y,A,-,N,,,,,,,,,,N,4,0,1,2,A,-,10,21950,A,F,G,B,B,A,H,-,C,A,0,Y,,,,Y,,A,01,0,0,1,0,1,0,0,0,0,"- ","- ",,,"SAN FRANCISCO","SAN FRANCISCO",-122.42176055908203,37.795940399169922
8817790,2019,2019-03-19,3801,2019-02-19,1107,1706,NORTH,2,5,7,3801,0,0,0,,0,3E13A,"TURK ST","SCOTT ST",0.00,,Y,A,-,N,,,,,,,,,,N,4,0,1,2,B,-,22,,,F,H,B,B,A,H,-,A,A,0,Y,,,,Y,,-,,0,0,1,0,1,0,0,0,0,"- ","- ",,,"SAN FRANCISCO","SAN FRANCISCO",-122.43705749511719,37.779861450195312
8817792,2019,2019-03-20,3801,2019-02-28,0626,221,PARK,4,5,7,3801,0,0,0,,0,3F43A,"7TH AV","IRVING ST",0.00,,Y,A,-,N,,,,,,,,,,N,2,0,1,2,A,-,09,21801,A,N,D,G,A,A,H,-,B,D,0,,Y,,,Y,,A,01,1,0,0,0,0,0,1,0,0,"- ","- ",,,"SAN FRANCISCO","SAN FRANCISCO",-122.46415710449219,37.76416015625
8817793,2019,2019-03-20,3801,2019-02-15,1800,4314,RICHM,5,5,7,3801,0,0,0,,0,0G1,"TRANSVERSE DR","JOHN F KENNEDY DR",131.00,S,N,B,C,N,,,,,,,,,,N,3,0,1,2,A,-,08,22107,,N,C,G,A,B,H,-,D,D,0,,Y,,,Y,,L,04,0,1,0,0,0,0,1,0,0,"- ","- ",,,"SAN FRANCISCO","SAN FRANCISCO",-122.47969055175781,37.770179748535156
8817795,2019,2019-03-19,3801,2019-02-22,1706,2419,RICHM,5,5,7,3801,0,0,0,,0,0G4,"25TH AV","EL CAMINO DEL MAR",0.00,,Y,A,-,N,,,,,,,,,,N,4,0,1,2,A,-,03,22350,,N,D,G,A,A,H,-,B,A,0,,Y,,,Y,,L,04,0,0,1,0,0,0,1,0,0,"- ","- ",,,"SAN FRANCISCO","SAN FRANCISCO",-122.48528289794922,37.787609100341797
8817800,2019,2019-03-20,3801,2019-02-25,2000,1122,MISSI,1,5,7,3801,0,0,0,,0,0D1,"DIAMOND ST","MARKET ST",0.00,,Y,B,-,N,,,,,,,,,,N,4,0,1,2,A,-,10,21950,A,F,G,B,B,B,-,-,C,A,0,Y,,,,Y,,A,01,0,0,1,0,1,0,0,0,0,"- ","- ",,,"SAN FRANCISCO","SAN FRANCISCO",-122.43730163574219,37.76190185546875
8817801,2019,2019-03-20,3801,2019-02-16,0652,1472,TENDE,6,5,7,3801,0,0,0,,0,3I15A,"LARKIN ST","ELLIS ST",21.00,S,N,C,-,N,,,,,,,,,,N,4,0,1,2,A,-,10,21950,A,F,G,B,B,B,H,-,A,A,0,Y,,,,Y,,A,01,0,0,1,0,1,0,0,0,0,"- ","- ",,,"SAN FRANCISCO","SAN FRANCISCO",-122.41770935058594,37.784194946289062
8817806,2019,2019-03-19,3801,2019-02-08,1445,298,PARK,5,5,7,3801,0,0,0,,0,3F43A,"CLAYTON ST","HAIGHT ST",23.00,S,N,B,-,N,,,,,,,,,,N,4,0,1,2,A,-,11,21954,A,N,G,B,D,B,H,-,A,A,0,Y,,,,Y,,N,60,0,0,1,0,1,0,0,0,0,"- ","- ",,,"SAN FRANCISCO","SAN FRANCISCO",-122.44856262207031,37.769737243652344
8817810,2019,2019-03-19,3801,2019-02-13,1824,260,SOUTH,3,5,7,3801,0,0,0,,0,3B11D,"HOWARD ST","1ST ST",0.00,,Y,B,-,N,,,,,,,,,,N,4,0,1,2,A,-,10,21950,A,F,G,B,B,B,H,-,C,A,0,Y,,,,Y,,A,01,0,0,1,0,1,0,0,0,0,"- ","- ",,,"SAN FRANCISCO","SAN FRANCISCO",-122.39604187011719,37.788551330566406
8817811,2019,2019-04-25,3801,2019-02-24,1130,723,CENTR,7,5,7,3801,0,0,0,,0,"2 CAR","POST ST","POWELL ST",0.00,,Y,A,-,N,,,,,,,,,,N,4,0,1,2,A,-,10,21950,,N,G,B,B,A,H,-,A,A,0,Y,,,,Y,,A,01,0,0,1,0,1,0,0,0,0,"- ","- ",,,"SAN FRANCISCO","SAN FRANCISCO",-122.40840148925781,37.788288116455078
8817815,2019,2019-04-16,3801,2019-02-22,1953,1252,INGLE,5,5,7,3801,0,0,0,,0,3H15D,"MISSION ST","LAWRENCE AV",276.00,N,N,A,-,N,,,,,,,,,,N,4,0,1,2,A,-,00,21954,,N,G,B,D,A,H,-,C,A,0,Y,,,,Y,,N,60,0,0,1,0,1,0,0,0,0,"- ","- ",,,"SAN FRANCISCO","SAN FRANCISCO",-122.45000457763672,37.709728240966797
8817816,2019,2019-03-20,3801,2019-02-26,2223,668,NORTH,2,5,7,3801,0,0,0,,0,3E15E,"CALIFORNIA ST","POLK ST",0.00,,Y,C,-,N,,,,,,,,,,N,2,0,1,2,A,-,10,21950,A,F,G,B,B,B,H,-,C,A,0,Y,,,,Y,,-,"- ",1,0,0,0,1,0,0,0,0,"- ","- ",,,"SAN FRANCISCO","SAN FRANCISCO",-122.42067718505859,37.790569305419922
8817817,2019,2019-03-20,3801,2019-02-14,1610,1092,RICHM,4,5,7,3801,0,0,0,,0,3G14C,"CLEMENT ST","3RD AV",0.00,,Y,A,-,N,,,,,,,,,,,4,0,1,2,A,-,11,21954,A,N,G,B,D,A,H,-,A,D,0,Y,,,,Y,,N,60,0,0,1,0,1,0,0,0,0,"- ","- ",,,"SAN FRANCISCO","SAN FRANCISCO",-122.46121215820312,37.783088684082031
8817821,2019,2019-03-20,3801,2019-02-15,1530,2214,MISSI,5,5,7,3801,0,0,0,,0,3D15A,"ALBION ST","17TH ST",23.00,N,N,A,-,N,,,,,,,,,,N,4,0,1,2,A,-,08,22100,B,N,A,G,A,A,H,-,A,D,0,,Y,,,Y,,L,04,0,0,1,0,0,0,1,0,0,"- ","- ",,,"SAN FRANCISCO","SAN FRANCISCO",-122.42271423339844,37.763301849365234
8817824,2019,2019-03-20,3801,2019-02-28,1700,1308,TENDE,4,5,7,3801,0,0,0,,0,3J14D,"EDDY ST","TAYLOR ST",0.00,,Y,A,-,N,,,,,,,,,,,4,0,1,2,A,-,12,21453,A,N,G,B,B,A,-,-,A,A,0,Y,,,,Y,,N,60,0,0,1,0,1,0,0,0,0,"- ","- ",,,"SAN FRANCISCO","SAN FRANCISCO",-122.41094970703125,37.784160614013672
8817826,2019,2019-03-19,3801,2019-02-02,1104,327,INGLE,6,5,7,3801,0,0,0,,0,3H13A,"GENEVA AV","NAPLES ST",0.00,,Y,B,-,N,,,,,,,,,,N,3,0,1,2,A,-,03,22350,,F,G,B,E,B,H,-,A,D,0,Y,,,,Y,,A,01,0,1,0,0,1,0,0,0,0,"- ","- ",,,"SAN FRANCISCO","SAN FRANCISCO",-122.43618774414062,37.714210510253906
8817827,2019,2019-03-19,3801,2019-02-14,1730,1451,MISSI,4,5,7,3801,0,0,0,,0,901,"BARTLETT ST","26TH ST",0.00,,Y,A,-,N,,,,,,,,,,N,3,0,1,2,A,-,12,22450,A,F,D,G,A,A,H,-,B,D,0,,Y,,,Y,,A,01,0,1,0,0,0,0,1,0,0,"- ","- ",,,"SAN FRANCISCO","SAN FRANCISCO",-122.41922760009766,37.748989105224609