CASE_ID,ACCIDENT_YEAR,PROC_DATE,JURIS,COLLISION_DATE,COLLISION_TIME,OFFICER_ID,REPORTING_DISTRICT,DAY_OF_WEEK,CHP_SHIFT,POPULATION,CNTY_CITY_LOC,SPECIAL_COND,BEAT_TYPE,CHP_BEAT_TYPE,CITY_DIVISION_LAPD,CHP_BEAT_CLASS,BEAT_NUMBER,PRIMARY_RD,SECONDARY_RD,DISTANCE,DIRECTION,INTERSECTION,WEATHER_1,WEATHER_2,STATE_HWY_IND,CALTRANS_COUNTY,CALTRANS_DISTRICT,STATE_ROUTE,ROUTE_SUFFIX,POSTMILE_PREFIX,POSTMILE,LOCATION_TYPE,RAMP_INTERSECTION,SIDE_OF_HWY,TOW_AWAY,COLLISION_SEVERITY,NUMBER_KILLED,NUMBER_INJURED,PARTY_COUNT,PRIMARY_COLL_FACTOR,PCF_CODE_OF_VIOL,PCF_VIOL_CATEGORY,PCF_VIOLATION,PCF_VIOL_SUBSECTION,HIT_AND_RUN,TYPE_OF_COLLISION,MVIW,PED_ACTION,ROAD_SURFACE,ROAD_COND_1,ROAD_COND_2,LIGHTING,CONTROL_DEVICE,CHP_ROAD_TYPE,PEDESTRIAN_ACCIDENT,BICYCLE_ACCIDENT,MOTORCYCLE_ACCIDENT,TRUCK_ACCIDENT,NOT_PRIVATE_PROPERTY,ALCOHOL_INVOLVED,STWD_VEHTYPE_AT_FAULT,CHP_VEHTYPE_AT_FAULT,COUNT_SEVERE_INJ,COUNT_VISIBLE_INJ,COUNT_COMPLAINT_PAIN,COUNT_PED_KILLED,COUNT_PED_INJURED,COUNT_BICYCLIST_KILLED,COUNT_BICYCLIST_INJURED,COUNT_MC_KILLED,COUNT_MC_INJURED,PRIMARY_RAMP,SECONDARY_RAMP,LATITUDE,LONGITUDE,COUNTY,CITY,POINT_X,POINT_Y
8817829,2019,2019-03-20,3801,2019-02-14,2219,1357,SOUTH,4,5,7,3801,0,0,0,,0,0B3,"8TH ST","FOLSOM ST",0.00,,Y,C,-,N,,,,,,,,,,N,4,0,1,2,A,-,05,21650,1,N,D,G,A,B,H,-,C,A,0,,Y,,,Y,,L,04,0,0,1,0,0,0,1,0,0,"- ","- ",,,"SAN FRANCISCO","SAN FRANCISCO",-122.41004943847656,37.774990081787109
8817830,2019,2019-03-19,3801,2019-02-04,0800,640,MISSI,1,5,7,3801,0,0,0,,0,3D11A,"16TH ST","GUERRERO ST",0.00,,Y,B,C,N,,,,,,,,,,N,3,0,1,2,A,-,10,21950,A,N,G,B,B,B,H,-,A,A,0,Y,,,,Y,,A,07,0,1,0,0,1,0,0,0,0,"- ","- ",,,"SAN FRANCISCO","SAN FRANCISCO",-122.42410278320312,37.764778137207031
8817832,2019,2019-03-20,3801,2019-02-28,1957,1848,PARK,4,5,7,3801,0,0,0,,0,02F,"CHRISTMAS TREE PT RD","TWIN PEAKS BL",200.00,N,N,A,-,N,,,,,,,,,,N,4,0,1,2,A,-,11,21954,A,M,G,B,E,A,H,-,C,-,0,Y,,,,Y,,N,60,0,0,1,0,1,0,0,0,0,"- ","- ",,,"SAN FRANCISCO","SAN FRANCISCO",-122.44662475585938,37.75433349609375
8817834,2019,2019-03-19,3801,2019-02-10,1847,308,MISSI,7,5,7,3801,0,0,0,,0,3D15D,"17TH ST","ALBION ST",0.00,,Y,A,-,N,,,,,,,,,,N,4,0,1,2,A,-,03,22350,,N,G,B,E,A,H,-,C,D,0,Y,Y,,,Y,,L,04,0,0,1,0,1,0,0,0,0,"- ","- ",,,"SAN FRANCISCO","SAN FRANCISCO",-122.42270660400391,37.763240814208984
8817837,2019,2019-03-20,3801,2019-02-14,1015,1454,SOUTH,4,5,7,3801,0,0,0,,0,3B12A,"CLEMENTINA ST","6TH ST",257.00,E,N,B,C,N,,,,,,,,,,N,4,0,1,2,A,-,06,21755,,F,G,B,E,B,H,-,A,-,0,Y,,,,Y,,A,01,0,0,1,0,1,0,0,0,0,"- ","- ",,,"SAN FRANCISCO","SAN FRANCISCO",-122.405517578125,37.779460906982422
8817840,2019,2019-03-20,3801,2019-02-16,1210,875,BAYVI,6,5,7,3801,0,0,0,,0,3C44C,"SAN BRUNO AV","FELTON ST",217.00,N,N,B,-,N,,,,,,,,,,N,4,0,1,2,A,-,11,21955,,N,D,B,D,A,H,-,A,D,0,Y,,,,Y,,N,60,0,0,1,0,1,0,0,0,0,"- ","- ",,,"SAN FRANCISCO","SAN FRANCISCO",-122.40485382080078,37.730598449707031
8817854,2019,2019-03-15,3801,2019-02-17,1820,898,CENTR,7,5,7,3801,0,0,0,,0,3A11D,"GEARY ST","LARKIN ST",0.00,,Y,A,-,N,,,,,,,,,,N,4,0,1,2,A,-,08,22107,A,M,A,B,B,A,H,-,C,A,0,Y,,,,Y,,A,01,0,0,1,0,1,0,0,0,0,"- ","- ",,,"SAN FRANCISCO","SAN FRANCISCO",-122.41811370849609,37.786109924316406
8817866,2019,2019-03-18,3801,2019-02-19,1738,2228,CENTR,2,5,7,3801,0,0,0,,0,3A11D,"GRANT AV","SUTTER ST",55.00,S,N,A,-,N,,,,,,,,,,N,4,0,1,2,A,-,17,22517,,N,B,G,A,A,H,-,C,A,0,,Y,,,Y,,A,01,0,0,1,0,0,0,0,0,0,"- ","- ",,,"SAN FRANCISCO","SAN FRANCISCO",-122.40535736083984,37.78948974609375
8817870,2019,2019-03-18,3801,2019-02-10,1319,1144,TARAV,7,5,7,3801,0,0,0,,0,3I16B,"20TH AV","WINSTON DR",80.00,S,N,A,-,N,,,,,,,,,,N,4,0,1,2,A,-,11,21954,A,N,G,B,D,A,H,-,A,D,0,Y,,,,Y,,N,60,0,0,1,0,1,0,0,0,0,"- ","- ",,,"SAN FRANCISCO","SAN FRANCISCO",-122.47602081298828,37.726951599121094
8820311,2019,2019-03-22,3801,2019-01-21,1755,386,MISSI,1,5,7,3801,0,0,0,,0,3D12C,"14TH ST","DOLORES ST",0.00,,Y,-,-,N,,,,,,,,,,N,4,0,1,2,A,-,10,21950,,N,G,B,B,-,-,-,-,-,0,Y,,,,Y,,A,01,0,0,1,0,1,0,0,0,0,"- ","- ",,,"SAN FRANCISCO","SAN FRANCISCO",-122.42677307128906,37.767879486083984
8820315,2019,2019-03-22,3801,2019-01-09,1746,260,SOUTH,3,5,7,3801,0,0,0,,0,3B14D,"VALENCIA ST","DUBOCE AV",115.00,N,N,B,-,N,,,,,,,,,,N,4,0,1,2,A,-,08,22102,,N,B,G,A,A,H,-,C,D,0,,Y,,,Y,,A,01,0,0,1,0,0,0,1,0,0,"- ","- ",,,"SAN FRANCISCO","SAN FRANCISCO",-122.42238616943359,37.770183563232422
8820319,2019,2019-03-21,3801,2019-01-03,1220,4320,TRAFF,4,5,7,3801,0,0,0,,0,,"TAYLOR ST","MARKET ST",0.00,,Y,A,-,N,,,,,,,,,,N,4,0,1,2,A,-,08,22107,,N,B,G,A,A,H,-,A,A,0,,Y,,,Y,,L,04,0,0,1,0,0,0,1,0,0,"- ","- ",,,"SAN FRANCISCO","SAN FRANCISCO",-122.41030120849609,37.782238006591797
8822389,2019,2019-05-07,3801,2019-02-10,1555,4314,RICHM,7,5,7,3801,0,0,0,,0,0G3,"PARK PRESIDIO BL","CABRILLO ST",5.00,S,N,A,-,Y,SF,4,1,-,-,5.130,I,5,S,Y,3,0,1,2,A,-,10,21950,A,F,-,B,B,A,H,-,A,A,0,Y,,,,Y,,A,01,0,1,0,0,1,0,0,0,0,"- ","- ",,,"SAN FRANCISCO","SAN FRANCISCO",-122.47200775146484,37.775005340576172
8822393,2019,2019-05-07,3801,2019-02-03,0243,1123,NORTH,7,5,7,3801,0,0,0,,0,3E13E,"VAN NESS AV","SUTTER ST",0.00,,Y,A,-,Y,SF,4,101,-,-,5.740,I,5,N,N,3,0,1,2,A,-,11,21453,D,N,G,B,B,B,H,-,C,A,0,Y,,,,Y,,N,60,0,1,0,0,1,0,0,0,0,"- ","- ",,,"SAN FRANCISCO","SAN FRANCISCO",-122.42167663574219,37.787590026855469
8823941,2019,2019-05-08,3801,2019-03-04,1903,584,TENDE,1,5,7,3801,0,0,0,,0,3J96,"MARKET ST","7TH ST",10.00,E,N,A,-,N,,,,,,,,,,N,3,0,1,3,A,-,17,22517,,N,G,G,A,A,H,-,C,A,0,,Y,,,Y,,-,,0,1,0,0,0,0,1,0,0,"- ","- ",,,"SAN FRANCISCO","SAN FRANCISCO",-122.41248321533203,37.780498504638672
8837642,2019,2019-05-08,3801,2019-03-22,2204,1352,TENDE,5,5,7,3801,0,0,0,,0,1CAR,"MARKET ST","CHARLES J BRENHAM ST",0.00,,Y,C,-,N,,,,,,,,,,,4,0,1,2,A,-,11,21955,,N,G,B,D,B,H,-,C,D,0,Y,,,,Y,,N,60,0,0,1,0,1,0,0,0,0,"- ","- ",,,"SAN FRANCISCO","SAN FRANCISCO",-122.41250610351562,37.780479431152344
8845132,2019,2019-05-03,3801,2019-03-27,0643,2127,TRAFF,3,5,7,3801,0,0,0,,0,SOUTHE,"2ND ST","BRYANT ST",15.00,W,N,A,-,N,,,,,,,,,,Y,3,0,1,2,A,-,10,21950,A,N,G,B,B,A,H,-,C,A,0,Y,,,Y,Y,,F,27,0,1,0,0,1,0,0,0,0,"- ","- ",,,"SAN FRANCISCO","SAN FRANCISCO",-122.39366912841797,37.783107757568359
8845136,2019,2019-05-02,3801,2019-03-08,1830,529,CENTR,5,5,7,3801,0,0,0,,0,3A11D,"MONTGOMERY ST","SUTTER ST",10.00,S,N,A,-,N,,,,,,,,,,N,3,0,1,2,A,-,11,21453,D,N,G,B,B,A,H,-,B,A,0,Y,,,,Y,,N,60,0,1,0,0,1,0,0,0,0,"- ","- ",,,"SAN FRANCISCO","SAN FRANCISCO",-122.40216827392578,37.789981842041016
8845155,2019,2019-05-03,3801,2019-03-04,1121,104,TRAFF,1,5,7,3801,0,0,0,,0,002,"W PORTAL",VICENTE,0.00,,Y,B,-,N,,,,,,,,,,N,2,0,1,2,A,-,10,21950,A,N,G,B,B,A,H,-,A,A,0,Y,,,,Y,,I,19,1,0,0,0,1,0,0,0,0,"- ","- ",,,"SAN FRANCISCO","SAN FRANCISCO",-122.46701812744141,37.739738464355469
8845159,2019,2019-05-03,3801,2019-03-09,0945,1454,SOUTH,6,5,7,3801,0,0,0,,0,3B14A,"8TH ST","MISSION ST",0.00,,Y,B,C,N,,,,,,,,,,N,3,0,1,2,A,-,11,21954,A,N,G,B,E,B,H,-,A,D,0,Y,,,,Y,,N,60,0,1,0,0,1,0,0,0,0,"- ","- ",,,"SAN FRANCISCO","SAN FRANCISCO",-122.41316223144531,37.777458190917969
8845196,2019,2019-05-02,3801,2019-03-19,2017,209,NORTH,2,5,7,3801,0,0,0,,0,03E,"WEBSTER ST","MCALLISTER ST",21.00,S,N,A,-,N,,,,,,,,,,N,3,0,1,2,A,-,11,21954,A,N,G,B,D,A,H,-,C,A,0,Y,,,,Y,,N,60,0,1,0,0,1,0,0,0,0,"- ","- ",,,"SAN FRANCISCO","SAN FRANCISCO",-122.43009948730469,37.778781890869141
8845442,2019,2019-04-29,3801,2019-03-15,0706,2039,TARAV,5,5,7,3801,0,0,0,,0,002,"SUNSET BL","WAWONA ST",0.00,,Y,A,-,N,,,,,,,,,,N,4,0,1,2,A,-,10,21950,A,N,G,B,B,A,H,-,A,A,0,Y,,,,Y,,-,,0,0,1,0,1,0,0,0,0,"- ","- ",,,"SAN FRANCISCO","SAN FRANCISCO",-122.49413299560547,37.736629486083984
8845451,2019,2019-04-30,3801,2019-03-25,1650,1931,NORTH,1,5,7,3801,0,0,0,,0,,"POLK ST","HEMLOCK ST",0.00,,Y,C,-,N,,,,,,,,,,N,4,0,1,2,A,-,09,21800,C,F,D,G,A,B,H,-,A,D,0,,Y,,,Y,,A,01,0,0,1,0,0,0,1,0,0,"- ","- ",,,"SAN FRANCISCO","SAN FRANCISCO",-122.41999053955078,37.787288665771484
8845452,2019,2019-04-30,3801,2019-03-26,1051,1454,SOUTH,2,5,7,3801,0,0,0,,0,3B15B,"HARRISON ST","4TH ST",0.00,,Y,A,-,N,,,,,,,,,,N,4,0,1,2,A,-,17,23336,,N,D,G,A,A,H,-,A,A,0,,Y,,,Y,,L,04,0,0,1,0,0,0,1,0,0,"- ","- ",,,"SAN FRANCISCO","SAN FRANCISCO",-122.39962768554688,37.780780792236328
8845456,2019,2019-04-30,3801,2019-03-22,2350,1432,SOUTH,5,5,7,3801,0,0,0,,0,3B12E,"FOLSOM ST","12TH ST",0.00,,Y,C,-,N,,,,,,,,,,N,4,0,1,2,A,-,11,21954,A,F,G,B,E,B,H,-,C,A,0,Y,,,,Y,,N,60,0,0,1,0,1,0,0,0,0,"- ","- ",,,"SAN FRANCISCO","SAN FRANCISCO",-122.41500091552734,37.770900726318359
8845458,2019,2019-04-29,3801,2019-03-14,1604,2141,INGLE,4,5,7,3801,0,0,0,,0,3H16C,"MONTEREY BL","PLYMOUTH AV",0.00,,Y,A,-,N,,,,,,,,,,N,3,0,1,2,A,-,10,21950,A,N,G,B,B,A,H,-,A,D,0,Y,,,,Y,,A,01,0,1,0,0,1,0,0,0,0,"- ","- ",,,"SAN FRANCISCO","SAN FRANCISCO",-122.45806121826172,37.730808258056641
8845459,2019,2019-04-30,3801,2019-03-25,1458,4291,TENDE,1,5,7,3801,0,0,0,,0,3J44C,"GOLDEN GATE AV","LEAVENWORTH ST",0.00,,Y,C,-,N,,,,,,,,,,N,4,0,1,2,A,-,10,21950,A,F,G,B,B,B,G,-,A,A,0,Y,,,,Y,,A,01,0,0,1,0,1,0,0,0,0,"- ","- ",,,"SAN FRANCISCO","SAN FRANCISCO",-122.41385650634766,37.781871795654297
8845460,2019,2019-04-30,3801,2019-03-22,1930,2008,MISSI,5,5,7,3801,0,0,0,,0,3D11D,"16TH ST","CHURCH ST",71.00,W,N,C,-,N,,,,,,,,,,N,4,0,1,2,A,-,05,21460,,N,A,G,A,B,H,-,-,D,0,,Y,,,Y,,L,04,0,0,1,0,0,0,1,0,0,"- ","- ",,,"SAN FRANCISCO","SAN FRANCISCO",-122.42889404296875,37.764484405517578
8845462,2019,2019-04-30,3801,2019-03-14,1155,307,TARAV,4,5,7,3801,0,0,0,,0,"5 CAR","19TH AV","HOLLOWAY AV",0.00,,Y,A,-,N,,,,,,,,,,N,4,0,1,2,A,-,11,21456,B,N,G,B,B,A,H,-,A,A,0,Y,,,,Y,,N,60,0,0,1,0,1,0,0,0,0,"- ","- ",,,"SAN FRANCISCO","SAN FRANCISCO",-122.47537231445312,37.720951080322266
8845466,2019,2019-04-30,3801,2019-03-07,0836,1371,SOUTH,4,5,7,3801,0,0,0,,0,3B12B,"MARKET ST","OCTAVIA ST",0.00,,Y,A,-,N,,,,,,,,,,N,4,0,1,2,A,-,08,22101,C,N,D,G,A,A,H,-,A,A,0,,Y,,,Y,,A,01,0,0,1,0,0,0,1,0,0,"- ","- ",,,"SAN FRANCISCO","SAN FRANCISCO",-122.42359161376953,37.771778106689453
8845467,2019,2019-04-30,3801,2019-03-25,2016,524,SOUTH,1,5,7,3801,0,0,0,,0,3B12D,"6TH ST","MISSION ST",0.00,,Y,C,-,N,,,,,,,,,,N,3,0,1,2,A,-,11,21453,D,N,B,B,B,B,H,-,C,A,0,Y,,,,Y,,N,60,0,1,0,0,1,0,0,0,0,"- ","- ",,,"SAN FRANCISCO","SAN FRANCISCO",-122.40869140625,37.780979156494141
8845470,2019,2019-04-29,3801,2019-03-05,1010,1689,RICHM,2,5,7,3801,0,0,0,,0,03G,"PARK PRESIDIO","LAKE ST",0.00,,Y,C,-,N,,,,,,,,,,N,4,0,1,2,A,-,10,21950,A,N,G,B,B,B,H,-,A,A,0,Y,,,,Y,,A,01,0,0,1,0,1,0,0,0,0,"- ","- ",,,"SAN FRANCISCO","SAN FRANCISCO",-122.47264099121094,37.786319732666016
8845472,2019,2019-05-01,3801,2019-03-21,1759,A22028,SOUTH,4,5,7,3801,0,0,0,,0,3B14D,"DIVISION ST","VERMONT ST",0.00,,Y,A,-,N,,,,,,,,,,N,3,0,1,2,A,-,09,21801,A,N,D,G,A,A,H,-,A,D,0,,Y,,,Y,,A,01,0,1,0,0,0,0,1,0,0,"- ","- ",,,"SAN FRANCISCO","SAN FRANCISCO",-122.40496826171875,37.769741058349609
8845474,2019,2019-04-29,3801,2019-03-23,1050,1796,RICHM,6,5,7,3801,0,0,0,,0,3G4A,ARGUELLO,"FULTON ST",0.00,,Y,A,-,N,,,,,,,,,,N,4,0,1,2,A,-,09,21801,A,N,A,G,A,A,H,-,A,A,0,,Y,,,Y,,-,,0,0,1,0,0,0,1,0,0,"- ","- ",,,"SAN FRANCISCO","SAN FRANCISCO",-122.45835113525391,37.774288177490234
8845478,2019,2019-04-30,3801,2019-03-10,0558,1454,SOUTH,7,5,7,3801,0,0,0,,0,3B12A,"10TH ST","MISSION ST",0.00,,Y,C,-,N,,,,,,,,,,N,3,0,1,2,A,-,11,21954,A,N,G,B,D,B,H,-,C,A,0,Y,,,,Y,,N,60,0,1,0,0,1,0,0,0,0,"- ","- ",,,"SAN FRANCISCO","SAN FRANCISCO",-122.41590881347656,37.775279998779297
8845479,2019,2019-04-30,3801,2019-03-30,1206,2210,SOUTH,6,5,7,3801,0,0,0,,0,3B15A,"17TH ST","KANSAS ST",0.00,,Y,A,-,N,,,,,,,,,,N,4,0,1,2,A,-,12,22450,A,N,D,G,A,A,H,-,A,A,0,,Y,,,Y,,L,04,0,0,1,0,0,0,1,0,0,"- ","- ",37.764690399169922,-122.40354156494141,"SAN FRANCISCO","SAN FRANCISCO",-122.40351867675781,37.764728546142578
8845480,2019,2019-05-01,3801,2019-03-21,1520,283,MISSI,4,5,7,3801,0,0,0,,0,0D3,"MISSION ST","23RD ST",12.00,S,N,A,-,N,,,,,,,,,,Y,4,0,1,2,A,-,08,22107,,N,G,B,D,A,H,-,A,A,0,Y,,,,Y,,A,01,0,0,1,0,1,0,0,0,0,"- ","- ",,,"SAN FRANCISCO","SAN FRANCISCO",-122.41859436035156,37.753795623779297
8845482,2019,2019-04-30,3801,2019-03-26,0958,1300,SOUTH,2,5,7,3801,0,0,0,,0,3B13B,"FOLSOM ST","LANGTON ST",47.00,E,N,A,-,N,,,,,,,,,,N,4,0,1,2,A,-,08,22107,,N,D,G,A,A,H,-,A,D,0,,Y,,,Y,,A,01,0,0,1,0,0,0,1,0,0,"- ","- ",,,"SAN FRANCISCO","SAN FRANCISCO",-122.40828704833984,37.776412963867188
8845484,2019,2019-05-01,3801,2019-03-21,1115,256,TRAFF,4,5,7,3801,0,0,0,,0,4B1G,ASHBURY,"HAIGHT ST",0.00,,Y,A,-,N,,,,,,,,,,N,4,0,1,2,A,-,10,21950,A,N,G,B,B,A,H,-,A,A,0,Y,,,,Y,,A,01,0,0,1,0,1,0,0,0,0,"- ","- ",,,"SAN FRANCISCO","SAN FRANCISCO",-122.44692230224609,37.770000457763672
8845490,2019,2019-04-30,3801,2019-03-23,0140,882,,6,5,7,3801,0,0,0,,0,3J14E,"LEAVENWORTH ST","ELLIS ST",0.00,,Y,A,-,N,,,,,,,,,,N,3,0,1,2,A,-,10,21950,A,F,D,B,B,B,H,-,C,A,0,Y,,,,Y,,A,01,0,1,0,0,1,0,0,0,0,"- ","- ",,,"SAN FRANCISCO","SAN FRANCISCO",-122.41442108154297,37.784671783447266
8845491,2019,2019-04-30,3801,2019-03-27,1435,1355,TARAV,3,5,7,3801,0,0,0,,0,3I16B,"16TH AV","MORAGA ST",75.00,N,N,A,-,N,,,,,,,,,,N,4,0,1,2,A,-,11,21954,A,N,G,B,E,A,H,-,A,D,0,Y,,,,Y,,N,60,0,0,1,0,1,0,0,0,0,"- ","- ",,,"SAN FRANCISCO","SAN FRANCISCO",-122.47360992431641,37.756431579589844
8845492,2019,2019-05-01,3801,2019-03-21,0930,1190,TARAV,4,5,7,3801,0,0,0,,0,,"SKYLINE BL","SLOAT BL",0.00,,Y,A,-,N,,,,,,,,,,N,3,0,1,2,A,-,21,22106,,N,D,G,A,A,H,-,A,A,0,,Y,,,Y,,L,04,0,1,0,0,0,0,1,0,0,"- ","- ",,,"SAN FRANCISCO","SAN FRANCISCO",-122.49677276611328,37.733711242675781
8845494,2019,2019-04-30,3801,2019-03-23,0049,1466,CENTR,6,5,7,3801,0,0,0,,0,3A13E,"LOMBARD ST","JANSEN ST",0.00,,Y,C,-,N,,,,,,,,,,N,4,0,1,2,A,-,11,21950,B,N,G,B,D,B,H,-,C,A,0,Y,,,,Y,,N,60,0,0,1,0,1,0,0,0,0,"- ","- ",,,"SAN FRANCISCO","SAN FRANCISCO",-122.41384887695312,37.802711486816406
8845495,2019,2019-04-30,3801,2019-03-27,1411,001460,SOUTH,3,5,7,3801,0,0,0,,0,,4TH,"NELSON RISING LN",0.00,,Y,A,-,N,,,,,,,,,,,4,0,1,2,A,-,00,21954,,N,D,B,-,A,H,-,A,D,0,Y,,,,Y,,N,60,0,0,1,0,1,0,0,0,0,"- ","- ",,,"SAN FRANCISCO","SAN FRANCISCO",-122.39111328125,37.769660949707031
8845496,2019,2019-05-01,3801,2019-03-21,0803,1125,TARAV,4,5,7,3801,0,0,0,,0,,"TARAVAL ST","14TH AV",0.00,,Y,A,-,N,,,,,,,,,,,2,0,1,2,A,-,10,21950,A,N,G,B,B,A,H,-,A,D,0,Y,,,,Y,,A,01,1,0,0,0,1,0,0,0,0,"- ","- ",,,"SAN FRANCISCO","SAN FRANCISCO",-122.47023010253906,37.743289947509766
8845500,2019,2019-05-01,3801,2019-03-21,0756,1956,TARAV,4,5,7,3801,0,0,0,,0,6CAR,"HOLLOWAY AV","MONTICELLO ST",39.00,E,N,A,-,N,,,,,,,,,,N,3,0,1,2,A,-,11,21954,A,N,G,B,D,A,H,-,A,D,0,Y,,,,Y,,N,60,0,1,0,0,1,0,0,0,0,"- ","- ",,,"SAN FRANCISCO","SAN FRANCISCO",-122.47064208984375,37.721630096435547
8845504,2019,2019-05-01,3801,2019-03-20,1822,942,TARAV,3,5,7,3801,0,0,0,,0,3I13D,"45TH AV","IRVING ST",0.00,,Y,A,-,N,,,,,,,,,,N,4,0,1,2,A,-,10,21950,A,N,G,B,B,A,H,-,B,A,0,Y,,,,Y,,A,01,0,0,1,0,1,0,0,0,0,"- ","- ",,,"SAN FRANCISCO","SAN FRANCISCO",-122.50501251220703,37.7623291015625
8845506,2019,2019-04-30,3801,2019-03-23,2221,628,RICHM,6,5,7,3801,0,0,0,,0,0G4,"FULTON ST","22ND AV",0.00,,Y,A,-,N,,,,,,,,,,N,4,0,1,2,A,-,05,21202,A,N,A,G,A,A,H,-,C,A,0,,Y,,,Y,,L,04,0,0,1,0,0,0,1,0,0,"- ","- ",,,"SAN FRANCISCO","SAN FRANCISCO",-122.48098754882812,37.772708892822266
8845508,2019,2019-05-10,3801,2019-03-20,1645,4335,NORTH,3,5,7,3801,0,0,0,,0,901,"GROVE ST","GOUGH ST",15.00,E,N,A,-,N,,,,,,,,,,Y,4,0,1,2,A,-,10,21950,A,F,G,B,B,A,H,-,A,A,0,Y,,,,Y,,A,01,0,0,1,0,1,0,0,0,0,"- ","- ",,,"SAN FRANCISCO","SAN FRANCISCO",-122.42311096191406,37.777816772460938
8845514,2019,2019-04-30,3801,2019-03-24,1303,2023,PARK,7,5,7,3801,0,0,0,,0,004,"FREDERICK ST","DOWNEY ST",20.00,E,N,A,-,N,,,,,,,,,,N,3,0,1,2,A,-,11,21954,A,N,G,B,D,A,H,-,A,D,0,Y,,,,Y,,N,60,0,1,0,0,1,0,0,0,0,"- ","- ",,,"SAN FRANCISCO","SAN FRANCISCO",-122.44711303710938,37.767120361328125
8845516,2019,2019-05-01,3801,2019-03-20,0655,1463,MISSI,3,5,7,3801,0,0,0,,0,3D13A,"NOE ST","MARKET ST",4.00,S,N,B,C,N,,,,,,,,,,N,3,0,1,2,A,-,10,21950,A,N,G,B,B,B,H,-,B,A,0,Y,,,,Y,,A,01,0,1,0,0,1,0,0,0,0,"- ","- ",,,"SAN FRANCISCO","SAN FRANCISCO",-122.43313598632812,37.764228820800781
8845518,2019,2019-04-30,3801,2019-03-24,0156,1499,MISSI,7,5,7,3801,0,0,0,,0,3D14E,"CASTRO ST","MARKET ST",178.00,S,N,A,-,N,,,,,,,,,,N,4,0,1,2,A,-,03,22350,,F,G,B,E,A,H,-,C,A,0,Y,,,,Y,,A,01,0,0,1,0,1,0,0,0,0,"- ","- ",,,"SAN FRANCISCO","SAN FRANCISCO",-122.43511962890625,37.762153625488281
8845684,2019,2019-05-01,3801,2019-03-07,1927,969,MISSI,4,5,7,3801,0,0,0,,0,3D14D,"MARKET ST","CLAYTON ST",0.00,,Y,A,-,N,,,,,,,,,,N,4,0,1,2,A,-,11,21453,D,N,A,B,B,A,H,-,C,A,0,Y,,,,Y,Y,N,60,0,0,1,0,1,0,0,0,0,"- ","- ",,,"SAN FRANCISCO","SAN FRANCISCO",-122.44371795654297,37.758148193359375
8845685,2019,2019-05-02,3801,2019-03-19,1833,2008,MISSI,2,5,7,3801,0,0,0,,0,3D12D,"16TH ST","S VAN NESS AV",0.00,,Y,A,-,N,,,,,,,,,,N,3,0,1,2,A,-,06,21750,A,F,B,G,A,A,H,-,A,A,0,,Y,,,Y,,A,01,0,1,0,0,0,0,1,0,0,"- ","- ",,,"SAN FRANCISCO","SAN FRANCISCO",-122.41748809814453,37.765178680419922
8845690,2019,2019-04-30,3801,2019-03-15,0934,1145,SOUTH,5,5,7,3801,0,0,0,,0,3B11B,"EMBARCADERO NORTH","BRYANT ST",0.00,,Y,A,-,N,,,,,,,,,,N,3,0,2,3,A,-,08,22107,,N,D,G,A,A,H,-,A,A,0,,Y,,,Y,,A,01,0,2,0,0,0,0,2,0,0,"- ","- ",,,"SAN FRANCISCO","SAN FRANCISCO",,
8845693,2019,2019-05-02,3801,2019-03-28,1750,4132,MISSI,4,5,7,3801,0,0,0,,0,6CAR,"13TH ST","HARRISON ST",0.00,,Y,A,-,N,,,,,,,,,,N,3,0,1,2,A,-,08,22100,A,N,B,G,A,A,H,-,A,A,0,,Y,,,Y,,A,01,0,1,0,0,0,0,1,0,0,"- ","- ",,,"SAN FRANCISCO","SAN FRANCISCO",-122.41340637207031,37.769451141357422
8845694,2019,2019-04-30,3801,2019-03-15,0835,2398,RICHM,5,5,7,3801,0,0,0,,0,0G5,"CLEMENT ST","42ND AV",0.00,,Y,A,-,N,,,,,,,,,,,4,0,1,2,D,-,00,,,N,G,B,B,A,H,-,A,A,0,Y,,,,Y,,-,"- ",0,0,1,0,1,0,0,0,0,"- ","- ",,,"SAN FRANCISCO","SAN FRANCISCO",-122.50305938720703,37.781158447265625
8845696,2019,2019-05-01,3801,2019-03-04,0020,1357,SOUTH,1,5,7,3801,0,0,0,,0,3B13E,"HARRISON ST","5TH ST",0.00,,Y,A,-,N,,,,,,,,,,N,3,0,1,2,A,-,12,21453,A,F,G,B,B,B,H,-,C,A,0,Y,,,,Y,,-,99,0,1,0,0,1,0,0,0,0,"- ","- ",,,"SAN FRANCISCO","SAN FRANCISCO",-122.40187072753906,37.779060363769531
8845720,2019,2019-05-01,3801,2019-03-02,1346,400,INGLE,6,5,7,3801,0,0,0,,0,3H16D,"MISSION ST","FRANCE AV",285.00,S,N,B,-,N,,,,,,,,,,N,4,0,1,2,A,-,11,21950,B,F,G,B,E,B,H,-,A,-,0,Y,,,,Y,Y,N,60,0,0,1,0,1,0,0,0,0,"- ","- ",,,"SAN FRANCISCO","SAN FRANCISCO",-122.43885803222656,37.719379425048828