CASE_ID,ACCIDENT_YEAR,PROC_DATE,JURIS,COLLISION_DATE,COLLISION_TIME,OFFICER_ID,REPORTING_DISTRICT,DAY_OF_WEEK,CHP_SHIFT,POPULATION,CNTY_CITY_LOC,SPECIAL_COND,BEAT_TYPE,CHP_BEAT_TYPE,CITY_DIVISION_LAPD,CHP_BEAT_CLASS,BEAT_NUMBER,PRIMARY_RD,SECONDARY_RD,DISTANCE,DIRECTION,INTERSECTION,WEATHER_1,WEATHER_2,STATE_HWY_IND,CALTRANS_COUNTY,CALTRANS_DISTRICT,STATE_ROUTE,ROUTE_SUFFIX,POSTMILE_PREFIX,POSTMILE,LOCATION_TYPE,RAMP_INTERSECTION,SIDE_OF_HWY,TOW_AWAY,COLLISION_SEVERITY,NUMBER_KILLED,NUMBER_INJURED,PARTY_COUNT,PRIMARY_COLL_FACTOR,PCF_CODE_OF_VIOL,PCF_VIOL_CATEGORY,PCF_VIOLATION,PCF_VIOL_SUBSECTION,HIT_AND_RUN,TYPE_OF_COLLISION,MVIW,PED_ACTION,ROAD_SURFACE,ROAD_COND_1,ROAD_COND_2,LIGHTING,CONTROL_DEVICE,CHP_ROAD_TYPE,PEDESTRIAN_ACCIDENT,BICYCLE_ACCIDENT,MOTORCYCLE_ACCIDENT,TRUCK_ACCIDENT,NOT_PRIVATE_PROPERTY,ALCOHOL_INVOLVED,STWD_VEHTYPE_AT_FAULT,CHP_VEHTYPE_AT_FAULT,COUNT_SEVERE_INJ,COUNT_VISIBLE_INJ,COUNT_COMPLAINT_PAIN,COUNT_PED_KILLED,COUNT_PED_INJURED,COUNT_BICYCLIST_KILLED,COUNT_BICYCLIST_INJURED,COUNT_MC_KILLED,COUNT_MC_INJURED,PRIMARY_RAMP,SECONDARY_RAMP,LATITUDE,LONGITUDE,COUNTY,CITY,POINT_X,POINT_Y
8845724,2019,2019-05-09,3801,2019-03-02,1549,1307,NORTH,6,5,7,3801,0,0,0,,0,3E13D,"FRANKLIN ST","POST ST",0.00,,Y,C,-,N,,,,,,,,,,N,4,0,2,3,A,-,10,21950,A,N,G,B,B,B,H,-,B,A,0,Y,,,,Y,,A,01,0,0,2,0,2,0,0,0,0,"- ","- ",,,"SAN FRANCISCO","SAN FRANCISCO",-122.42320251464844,37.786399841308594
8845725,2019,2019-05-01,3801,2019-03-05,1900,459,RICHM,2,5,7,3801,0,0,0,,0,3G14D,"30TH AV","CABRILLO ST",0.00,,Y,C,-,N,,,,,,,,,,N,3,0,1,2,A,-,12,22450,A,N,D,G,A,B,H,-,C,A,0,,Y,,,Y,Y,L,04,0,1,0,0,0,0,1,0,0,"- ","- ",,,"SAN FRANCISCO","SAN FRANCISCO",-122.48967742919922,37.774188995361328
8845729,2019,2019-05-01,3801,2019-03-05,1828,582,CENTR,2,5,7,3801,0,0,0,,0,3A11D,"PINE ST","TAYLOR ST",0.00,,Y,C,-,N,,,,,,,,,,N,3,0,1,2,A,-,10,21950,A,N,G,B,B,B,H,-,C,A,0,Y,,,,Y,,A,01,0,1,0,0,1,0,0,0,0,"- ","- ",,,"SAN FRANCISCO","SAN FRANCISCO",-122.41224670410156,37.790660858154297
8845733,2019,2019-05-11,3801,2019-03-05,1621,1436,COD,2,5,7,3801,0,0,0,,0,3D6D,"VALENCIA ST","18TH ST",269.00,S,N,B,C,N,,,,,,,,,,N,4,0,1,3,A,-,17,22517,,N,A,G,E,B,H,-,A,D,0,Y,Y,,,Y,,N,60,0,0,1,0,0,0,1,0,0,"- ","- ",,,"SAN FRANCISCO","SAN FRANCISCO",-122.42148590087891,37.760974884033203
8845741,2019,2019-05-01,3801,2019-03-19,1426,1371,SOUTH,2,5,7,3801,0,0,0,,0,3B13A,"FOLSOM ST","8TH ST",0.00,,Y,A,-,N,,,,,,,,,,N,4,0,1,2,A,-,17,21200,,N,D,G,A,A,H,-,A,A,0,,Y,Y,,Y,,L,04,0,0,1,0,0,0,1,0,0,"- ","- ",,,"SAN FRANCISCO","SAN FRANCISCO",-122.41004943847656,37.774990081787109
8845744,2019,2019-05-01,3801,2019-03-01,1145,1424,TENDE,5,5,7,3801,0,0,0,,0,3J12E,"TURK ST","LARKIN ST",0.00,,Y,C,-,N,,,,,,,,,,N,4,0,1,2,A,-,10,21950,A,F,G,B,B,B,H,-,C,A,0,Y,,,,Y,,A,01,0,0,1,0,1,0,0,0,0,"- ","- ",,,"SAN FRANCISCO","SAN FRANCISCO",-122.41734313964844,37.782379150390625
8845748,2019,2019-05-01,3801,2019-03-01,1900,2050,NORTH,5,5,7,3801,0,0,0,,0,3E14D,"DIVISADERO ST",JACKSON,0.00,,Y,A,-,N,,,,,,,,,,N,2,0,1,2,A,-,10,21950,A,N,G,B,B,A,H,-,C,D,0,Y,,,,Y,,A,01,1,0,0,0,1,0,0,0,0,"- ","- ",,,"SAN FRANCISCO","SAN FRANCISCO",-122.44116973876953,37.791618347167969
8845749,2019,2019-05-01,3801,2019-03-19,1059,1520,TENDE,2,5,7,3801,0,0,0,,0,003,"LARKIN ST","MCALLISTER ST",0.00,,Y,A,-,N,,,,,,,,,,Y,3,0,1,2,A,-,00,21954,,F,H,G,A,A,H,-,A,A,0,,Y,,,Y,Y,A,01,0,1,0,0,0,0,1,0,0,"- ","- ",,,"SAN FRANCISCO","SAN FRANCISCO",-122.41693878173828,37.780498504638672
8845753,2019,2019-05-01,3801,2019-03-19,1014,2700,CENTR,2,5,7,3801,0,0,0,,0,3A40C,"NORTHPOINT ST","TAYLOR ST",0.00,,-,A,-,N,,,,,,,,,,N,4,0,1,2,A,-,21,22106,,N,G,B,E,A,H,-,A,A,0,Y,,,,Y,,A,01,0,0,1,0,1,0,0,0,0,"- ","- ",,,"SAN FRANCISCO","SAN FRANCISCO",,
8845756,2019,2019-05-01,3801,2019-03-01,1047,1371,SOUTH,5,5,7,3801,0,0,0,,0,3B14B,"RITCH ST","BRANNAN ST",0.00,,Y,B,-,N,,,,,,,,,,Y,4,0,1,2,A,-,10,21950,A,F,G,B,B,A,H,-,A,A,0,Y,,,,Y,,A,01,0,0,1,0,1,0,0,0,0,"- ","- ",,,"SAN FRANCISCO","SAN FRANCISCO",-122.39485931396484,37.779678344726562
8845757,2019,2019-05-01,3801,2019-03-31,1751,1766,TRAFF,7,5,7,3801,0,0,0,,0,4B3C,"6TH ST","HARRISON ST",14.00,S,N,A,-,N,,,,,,,,,,N,4,0,1,2,A,-,10,21950,A,N,G,B,B,A,H,-,A,A,0,Y,,Y,,Y,,C,06,0,0,1,0,1,0,0,0,0,"- ","- ",,,"SAN FRANCISCO","SAN FRANCISCO",-122.40404510498047,37.77728271484375
8845760,2019,2019-05-01,3801,2019-03-17,2045,4006,CENTR,7,5,7,3801,0,0,0,,0,3A13D,"TAYLOR ST","BAY ST",9.00,N,N,A,-,N,,,,,,,,,,N,4,0,1,2,A,-,10,21950,A,N,G,B,B,A,H,-,C,A,0,Y,,,,Y,,A,01,0,0,1,0,1,0,0,0,0,"- ","- ",,,"SAN FRANCISCO","SAN FRANCISCO",-122.41525268554688,37.805435180664062
8845762,2019,2019-04-30,3801,2019-03-12,1838,11,CENTR,2,5,7,3801,0,0,0,,0,03D,"SACRAMENTO ST","JONES ST",0.00,,Y,A,-,N,,,,,,,,,,N,2,0,2,3,A,-,10,21950,,N,G,B,B,A,H,-,A,A,0,Y,,,,Y,Y,A,01,1,0,1,0,2,0,0,0,0,"- ","- ",,,"SAN FRANCISCO","SAN FRANCISCO",-122.41429901123047,37.792350769042969
8845763,2019,2019-05-02,3801,2019-03-16,0017,4102,INGLE,6,5,7,3801,0,0,0,,0,3H15E,"PERSIA AV","ATHENS ST",73.00,E,N,A,-,N,,,,,,,,,,N,3,0,1,2,A,-,03,22350,,F,G,B,D,A,H,-,C,D,0,Y,,,,Y,Y,-,99,0,1,0,0,1,0,0,0,0,"- ","- ",,,"SAN FRANCISCO","SAN FRANCISCO",-122.42937469482422,37.719982147216797
8845764,2019,2019-04-30,3801,2019-03-31,1748,786,TARAV,7,5,7,3801,0,0,0,,0,3I15D,"20TH AV","WINSTON DR",294.00,N,N,A,-,N,,,,,,,,,,N,2,0,1,2,A,-,11,21954,A,N,G,B,D,A,H,-,A,D,0,Y,,,,Y,,N,60,1,0,0,0,1,0,0,0,0,"- ","- ",,,"SAN FRANCISCO","SAN FRANCISCO",-122.47572326660156,37.7276611328125
8845766,2019,2019-04-30,3801,2019-03-12,1736,2470,CENTR,2,5,7,3801,0,0,0,,0,3A13D,"FRANCISCO ST","MASON ST",0.00,,Y,A,-,N,,,,,,,,,,N,4,0,1,2,A,-,10,21950,A,N,G,B,B,A,H,-,A,D,0,Y,,,,Y,,A,01,0,0,1,0,1,0,0,0,0,"- ","- ",,,"SAN FRANCISCO","SAN FRANCISCO",-122.41340637207031,37.804679870605469
8845767,2019,2019-05-02,3801,2019-03-15,1803,459,RICHM,5,5,7,3801,0,0,0,,0,3G12D,"BALBOA ST","2ND AV",0.00,,Y,A,-,N,,,,,,,,,,N,3,0,1,2,A,-,09,21801,A,N,D,G,A,A,H,-,B,D,0,,Y,,,Y,,A,01,0,1,0,0,0,0,1,0,0,"- ","- ",,,"SAN FRANCISCO","SAN FRANCISCO",-122.45973968505859,37.777431488037109
8845772,2019,2019-04-30,3801,2019-03-31,1428,4040,CENTR,7,5,7,3801,0,0,0,,0,3A14D,"THE EMBARCADERO","BAY ST",275.00,S,N,A,-,N,,,,,,,,,,N,3,0,1,2,A,-,17,22517,,N,H,G,A,A,H,-,A,D,0,,Y,,,Y,Y,A,01,0,1,0,0,0,0,1,0,0,"- ","- ",,,"SAN FRANCISCO","SAN FRANCISCO",-122.40516662597656,37.806221008300781
8845775,2019,2019-05-02,3801,2019-03-15,1321,4039,CENTR,5,5,7,3801,0,0,0,,0,3A3C,"MASON ST","GEARY ST",0.00,,Y,A,-,N,,,,,,,,,,N,4,0,1,2,A,-,10,21950,A,N,G,B,B,A,H,-,A,A,0,Y,,,,Y,,A,01,0,0,1,0,1,0,0,0,0,"- ","- ",,,"SAN FRANCISCO","SAN FRANCISCO",-122.40985870361328,37.78717041015625
8845778,2019,2019-04-30,3801,2019-03-25,1540,1249,MISSI,1,5,7,3801,0,0,0,,0,3D16C,"SOUTH VAN NESS AV","18TH ST",0.00,,Y,C,-,N,,,,,,,,,,N,4,0,1,2,A,-,10,21950,A,N,G,B,B,B,H,-,A,A,0,Y,,,,Y,,A,08,0,0,1,0,1,0,0,0,0,"- ","- ",,,"SAN FRANCISCO","SAN FRANCISCO",-122.41719818115234,37.761951446533203
8845780,2019,2019-04-30,3801,2019-03-29,0858,4352,SOUTH,5,5,7,3801,0,0,0,,0,0B3,"FOLSOM ST","6TH ST",40.00,E,N,A,-,N,,,,,,,,,,N,3,0,1,2,A,-,03,22350,,N,B,G,A,A,H,-,A,D,0,,Y,,,Y,,M,94,0,1,0,0,0,0,0,0,0,"- ","- ",,,"SAN FRANCISCO","SAN FRANCISCO",-122.40550231933594,37.778579711914062
8845787,2019,2019-05-02,3801,2019-03-19,1645,2132,MISSI,2,5,7,3801,0,0,0,,0,3D60,"ALAMEDA ST","POTRERO AV",45.00,E,N,A,-,N,,,,,,,,,,N,3,0,1,2,A,-,00,21955,A,F,G,B,D,A,H,-,A,A,0,Y,,,,Y,,N,60,0,1,0,0,1,0,0,0,0,"- ","- ",,,"SAN FRANCISCO","SAN FRANCISCO",-122.40763854980469,37.768394470214844
8845788,2019,2019-04-30,3801,2019-03-29,1750,2209,MISSI,5,5,7,3801,0,0,0,,0,3D2D,"18TH ST","SANCHEZ ST",80.00,W,N,A,-,N,,,,,,,,,,N,3,0,1,2,A,-,08,22107,,N,D,G,A,A,-,-,A,D,0,,Y,,,Y,,L,04,0,1,0,0,0,0,1,0,0,"- ","- ",,,"SAN FRANCISCO","SAN FRANCISCO",-122.43084716796875,37.761131286621094
8845789,2019,2019-05-01,3801,2019-03-02,1913,1351,INGLE,6,5,7,3801,0,0,0,,0,3H15D,"RUSSIA AV","MOSCOW AV",0.00,,Y,B,C,N,,,,,,,,,,N,4,0,1,2,A,-,11,21950,B,N,G,B,B,B,H,-,C,A,0,Y,,,,Y,,N,60,0,0,1,0,1,0,0,0,0,"- ","- ",,,"SAN FRANCISCO","SAN FRANCISCO",-122.42997741699219,37.7181396484375
8845790,2019,2019-04-30,3801,2019-03-10,0307,246,TARAV,7,5,7,3801,0,0,0,,0,3I11E,"TARAVAL ST","19TH AV",0.00,,Y,A,-,N,,,,,,,,,,N,3,0,1,2,A,-,11,21954,A,N,A,B,B,B,H,-,C,A,0,Y,,,,Y,Y,N,60,0,1,0,0,1,0,0,0,0,"- ","- ",,,"SAN FRANCISCO","SAN FRANCISCO",-122.47566223144531,37.743030548095703
8845792,2019,2019-05-08,3801,2019-03-29,2136,933,CENTR,5,5,7,3801,0,0,0,,0,3A14E,"POWELL ST","EMBARCADERO ST",0.00,,Y,A,-,N,,,,,,,,,,N,3,0,1,2,A,-,00,21206,,N,A,B,F,A,H,-,C,D,0,Y,Y,,,Y,,L,04,0,1,0,0,1,0,0,0,0,"- ","- ",,,"SAN FRANCISCO","SAN FRANCISCO",,
8845795,2019,2019-05-02,3801,2019-03-19,1638,575,TENDE,2,5,7,3801,0,0,0,,0,3J51C,"MCALLISTER ST","LEAVENWORTH ST",0.00,,Y,A,-,N,,,,,,,,,,,2,0,1,2,D,-,00,,,F,D,G,A,-,-,-,A,A,0,,Y,,,Y,,-,"- ",1,0,0,0,0,0,1,0,0,"- ","- ",,,"SAN FRANCISCO","SAN FRANCISCO",-122.41368865966797,37.780929565429688
8845796,2019,2019-05-08,3801,2019-03-29,2221,141,INGLE,5,5,7,3801,0,0,0,,0,3H11E,"MISSION ST","PARK ST",138.00,N,N,A,-,N,,,,,,,,,,N,2,0,1,2,A,-,11,21955,,F,G,B,D,A,H,-,C,D,0,Y,,,,Y,,N,60,1,0,0,0,1,0,0,0,0,"- ","- ",,,"SAN FRANCISCO","SAN FRANCISCO",-122.42411804199219,37.737007141113281
8845797,2019,2019-05-01,3801,2019-03-01,1838,4020,MISSI,5,5,7,3801,0,0,0,,0,3D16C,"SANCHEZ ST","16TH ST",0.00,,Y,A,-,N,,,,,,,,,,N,4,0,1,2,A,-,12,21453,A,N,D,G,A,A,H,-,C,A,0,,Y,,,Y,,L,04,0,0,1,0,0,0,1,0,0,"- ","- ",,,"SAN FRANCISCO","SAN FRANCISCO",-122.43087768554688,37.764358520507812
8845798,2019,2019-04-30,3801,2019-03-09,0908,4333,NORTH,6,5,7,3801,0,0,0,,0,3E15A,"POLK ST","SACRAMENTO ST",0.00,,Y,C,-,N,,,,,,,,,,N,2,0,1,2,D,-,00,,,N,G,B,B,B,H,-,A,A,0,Y,,,,Y,,-,"- ",1,0,0,0,1,0,0,0,0,"- ","- ",,,"SAN FRANCISCO","SAN FRANCISCO",-122.42086791992188,37.791500091552734
8845801,2019,2019-05-01,3801,2019-03-04,2053,1150,SOUTH,1,5,7,3801,0,0,0,,0,3B11D,"MISSION ST","3RD ST",0.00,,Y,A,-,N,,,,,,,,,,N,3,0,1,2,A,-,06,21750,,N,D,G,A,A,H,-,C,A,0,,Y,,,Y,,L,04,0,1,0,0,0,0,1,0,0,"- ","- ",,,"SAN FRANCISCO","SAN FRANCISCO",-122.40200042724609,37.786270141601562
8845802,2019,2019-04-30,3801,2019-03-09,0111,1244,CENTR,6,5,7,3801,0,0,0,,0,004,"COLUMBUS AV","VALLEJO ST",0.00,,Y,B,-,N,,,,,,,,,,N,2,0,1,2,D,-,00,,,F,G,B,B,A,H,-,C,A,0,Y,,,,Y,Y,-,"- ",1,0,0,0,1,0,0,0,0,"- ","- ",,,"SAN FRANCISCO","SAN FRANCISCO",-122.40789031982422,37.798721313476562
8845804,2019,2019-04-30,3801,2019-03-30,0947,1500,CENTR,6,5,7,3801,0,0,0,,0,3A3A,"POST ST","KEARNY ST",7.00,E,N,A,-,N,,,,,,,,,,Y,4,0,1,2,A,-,01,23152,A,N,G,B,B,A,H,-,A,A,0,Y,,,,Y,Y,A,07,0,0,1,0,1,0,0,0,0,"- ","- ",,,"SAN FRANCISCO","SAN FRANCISCO",-122.40363311767578,37.788902282714844
8845808,2019,2019-04-30,3801,2019-03-30,1110,50,TENDE,6,5,7,3801,0,0,0,,0,003,"LARKIN ST","GROVE ST",0.00,,Y,A,-,N,,,,,,,,,,N,3,0,1,2,A,-,12,21453,A,N,D,G,A,A,H,-,A,A,0,,Y,,,Y,,L,04,0,1,0,0,0,0,1,0,0,"- ","- ",,,"SAN FRANCISCO","SAN FRANCISCO",-122.41658782958984,37.778659820556641
8845813,2019,2019-05-01,3801,2019-03-05,1630,1249,MISSI,2,5,7,3801,0,0,0,,0,3D11D,"BRYANT ST","20TH ST",205.00,N,N,C,-,N,,,,,,,,,,N,3,0,1,2,A,-,08,22107,,F,B,G,A,B,H,-,A,D,0,,Y,,,Y,,-,99,0,1,0,0,0,0,1,0,0,"- ","- ",,,"SAN FRANCISCO","SAN FRANCISCO",-122.40994262695312,37.759754180908203
8845819,2019,2019-05-02,3801,2019-03-08,1255,2375,RICHM,5,5,7,3801,0,0,0,,0,3G60,"CLAY ST","SPRUCE ST",10.00,W,N,A,-,N,,,,,,,,,,N,3,0,1,2,A,-,10,21950,A,N,G,B,B,A,H,-,A,A,0,Y,,,,Y,,A,01,0,1,0,0,1,0,0,0,0,"- ","- ",,,"SAN FRANCISCO","SAN FRANCISCO",-122.45381164550781,37.788204193115234
8845826,2019,2019-05-01,3801,2019-03-17,1000,1693,BAYVI,7,5,7,3801,0,0,0,,0,001,"ILLINOIS ST","25TH ST",0.00,,Y,A,-,N,,,,,,,,,,N,3,0,1,2,A,-,08,22107,,F,-,G,A,A,H,-,A,A,0,,Y,,,Y,,A,01,0,1,0,0,0,0,1,0,0,"- ","- ",,,"SAN FRANCISCO","SAN FRANCISCO",-122.38683319091797,37.752910614013672
8845831,2019,2019-05-02,3801,2019-03-17,1315,1102,MISSI,7,5,7,3801,0,0,0,,0,3D14A,"18TH ST","CHURCH ST",156.00,W,N,A,-,N,,,,,,,,,,N,4,0,1,2,A,-,06,21755,A,N,B,G,A,A,H,-,A,D,0,,Y,,,Y,,L,04,0,0,1,0,0,0,1,0,0,"- ","- ",,,"SAN FRANCISCO","SAN FRANCISCO",-122.42891693115234,37.761264801025391
8845840,2019,2019-05-01,3801,2019-03-15,2039,302,NORTH,5,5,7,3801,0,0,0,,0,,"HAYES ST","WEBSTER ST",15.00,E,N,A,-,N,,,,,,,,,,N,3,0,1,2,A,-,17,21200,,N,D,G,A,A,H,-,C,A,0,,Y,,,Y,,L,04,0,1,0,0,0,0,1,0,0,"- ","- ",,,"SAN FRANCISCO","SAN FRANCISCO",-122.42948913574219,37.776046752929688
8846920,2019,2019-08-26,3801,2019-04-04,1008,1371,SOUTH,4,5,7,3801,0,0,0,,0,3B14A,"MARKET ST","OCTAVIA ST",0.00,,Y,A,-,Y,SF,4,101,-,M,5.450,I,5,S,N,4,0,1,2,A,-,08,22101,D,N,D,G,A,A,H,-,A,A,0,,Y,,,Y,,A,01,0,0,1,0,0,0,1,0,0,"- ","- ",,,"SAN FRANCISCO","SAN FRANCISCO",-122.4234619140625,37.771865844726562
8849640,2019,2019-05-02,3801,2019-03-04,1116,982,CENTR,1,5,7,3801,0,0,0,,0,3A13C,"THE EMBARCADERO","HOWARD ST",10.00,S,N,A,-,N,,,,,,,,,,N,4,0,1,2,A,-,17,21209,A,F,B,G,A,A,H,-,A,A,0,,Y,,,Y,,D,22,0,0,1,0,0,0,1,0,0,"- ","- ",,,"SAN FRANCISCO","SAN FRANCISCO",-122.39118957519531,37.792304992675781
8849642,2019,2019-06-05,3801,2019-03-17,1342,1362,RICHM,7,5,7,3801,0,0,0,,0,3G1,"MARTIN LUTHER KING DR","CROSSOVER DR",0.00,,N,A,-,Y,SF,4,1,-,-,4.090,I,5,N,N,3,0,1,2,A,-,"- ",,,M,D,G,A,A,H,-,A,A,0,,Y,,,Y,,-,99,0,1,0,0,0,0,1,0,0,"- ","- ",,,"SAN FRANCISCO","SAN FRANCISCO",-122.47732543945312,37.765995025634766
8850697,2019,2019-04-30,3801,2019-02-16,1151,73,MISSI,6,5,7,3801,0,0,0,,0,4B1D,"18TH ST","GUERRERO ST",3.00,W,N,B,-,N,,,,,,,,,,N,4,0,1,2,A,-,10,21950,A,N,G,B,B,B,H,-,A,A,0,Y,,,,Y,Y,A,01,0,0,1,0,1,0,0,0,0,"- ","- ",,,"SAN FRANCISCO","SAN FRANCISCO",-122.42381286621094,37.761577606201172
8850717,2019,2019-04-30,3801,2019-02-23,0045,817,MISSI,6,5,7,3801,0,0,0,,0,3D15E,"SOUTH VAN NESS AV","13TH ST",0.00,,Y,A,-,N,,,,,,,,,,N,3,0,1,2,A,-,05,21650,1,N,A,G,A,A,H,-,C,A,0,,Y,,,Y,,L,04,0,1,0,0,0,0,1,0,0,"- ","- ",,,"SAN FRANCISCO","SAN FRANCISCO",-122.41777038574219,37.769718170166016
8852969,2019,2019-04-30,3801,2019-03-11,0658,1190,TARAV,1,5,7,3801,0,0,0,,0,3I13A,"NORIEGA ST","37TH AV",7.00,W,N,A,-,N,,,,,,,,,,N,4,0,1,2,A,-,10,21950,A,N,G,B,B,A,H,-,C,D,0,Y,,,,Y,,A,01,0,0,1,0,1,0,0,0,0,"- ","- ",,,"SAN FRANCISCO","SAN FRANCISCO",-122.49577331542969,37.753410339355469
8852981,2019,2019-04-30,3801,2019-03-11,1530,4281,NORTH,1,5,7,3801,0,0,0,,0,3E13D,"VAN NESS AV","GOLDEN GATE AV",0.00,,Y,A,-,N,,,,,,,,,,Y,2,0,1,2,A,-,10,21950,A,F,G,B,B,A,H,-,A,A,0,Y,,,,Y,,A,01,1,0,0,0,1,0,0,0,0,"- ","- ",,,"SAN FRANCISCO","SAN FRANCISCO",-122.4205322265625,37.781009674072266
8852985,2019,2019-04-30,3801,2019-03-11,1835,1308,TENDE,1,5,7,3801,0,0,0,,0,3J13D,MARKET,"CYRIL MAGNIN",0.00,,-,A,-,N,,,,,,,,,,N,2,0,1,2,A,-,09,21453,B,F,G,B,B,A,-,-,A,A,0,Y,,,,Y,Y,A,01,1,0,0,0,1,0,0,0,0,"- ","- ",,,"SAN FRANCISCO","SAN FRANCISCO",-122.40805816650391,37.784000396728516
8852993,2019,2019-05-31,3801,2019-03-12,0739,4333,NORTH,2,5,7,3801,0,0,0,,0,3E12A,"PAGE ST","BUCHANAN ST",0.00,,Y,A,-,N,,,,,,,,,,N,4,0,1,2,A,-,12,22450,A,N,D,G,A,A,H,-,A,A,0,,Y,,,Y,,-,"- ",0,0,1,0,0,0,1,0,0,"- ","- ",,,"SAN FRANCISCO","SAN FRANCISCO",-122.42735290527344,37.773448944091797
8852997,2019,2019-04-30,3801,2019-03-12,1148,1462,RICHM,2,5,7,3801,0,0,0,,0,3G14C,"GEARY BL","6TH AV",5.00,E,N,A,-,N,,,,,,,,,,N,2,0,1,2,A,-,10,21950,A,N,G,B,B,A,H,-,A,A,0,Y,,,,Y,,A,01,1,0,0,0,1,0,0,0,0,"- ","- ",,,"SAN FRANCISCO","SAN FRANCISCO",-122.46427154541016,37.781089782714844
8853001,2019,2019-04-30,3801,2019-03-13,1718,4117,TARAV,3,5,7,3801,0,0,0,,0,,"QUINTARA ST","16TH AV",0.00,,Y,A,-,N,,,,,,,,,,N,4,0,1,2,A,-,11,21950,B,N,D,B,E,A,H,-,A,D,0,Y,,,,Y,,N,60,0,0,1,0,1,0,0,0,0,"- ","- ",,,"SAN FRANCISCO","SAN FRANCISCO",-122.47286987304688,37.748790740966797
8853009,2019,2019-06-03,3801,2019-03-13,1727,2342,NORTH,3,5,7,3801,0,0,0,,0,3E6D,"VAN NESS AV","CHESTNUT ST",0.00,,Y,A,-,N,,,,,,,,,,N,4,0,1,2,A,-,12,21453,A,N,D,G,A,A,H,-,A,A,0,,Y,,,Y,,L,04,0,0,1,0,0,0,1,0,0,"- ","- ",,,"SAN FRANCISCO","SAN FRANCISCO",-122.42478179931641,37.802261352539062
8853025,2019,2019-05-31,3801,2019-03-31,0242,412,TENDE,7,5,7,3801,0,0,0,,0,3J15E,"GEARY ST","HYDE ST",0.00,,Y,A,-,N,,,,,,,,,,N,2,0,1,2,A,-,00,20001,,F,G,B,B,A,H,-,C,A,0,Y,,,,Y,,A,01,1,0,0,0,1,0,0,0,0,"- ","- ",,,"SAN FRANCISCO","SAN FRANCISCO",-122.41645050048828,37.786319732666016
8853029,2019,2019-05-01,3801,2019-03-31,1010,1385,INGLE,7,5,7,3801,0,0,0,,0,3H13A,"BRUNSWICK ST","OLIVER ST",395.00,N,N,A,-,N,,,,,,,,,,N,4,0,1,2,A,-,00,21954,,N,G,B,D,A,H,-,A,D,0,Y,,,,Y,,N,60,0,0,1,0,1,0,0,0,0,"- ","- ",,,"SAN FRANCISCO","SAN FRANCISCO",-122.44860076904297,37.708751678466797
8853033,2019,2019-05-01,3801,2019-03-31,1223,2400,NORTH,7,5,7,3801,0,0,0,,0,3E11A,"EDDY ST","VAN NESS AV",110.00,W,N,A,-,N,,,,,,,,,,N,3,0,1,2,A,-,10,21950,A,F,G,B,D,A,H,-,A,D,0,Y,,,,Y,Y,A,01,0,1,0,0,1,0,0,0,0,"- ","- ",,,"SAN FRANCISCO","SAN FRANCISCO",-122.42127227783203,37.782821655273438
8853053,2019,2019-05-21,3801,2019-03-08,1215,748,ACENT,5,5,7,3801,0,0,0,,0,03A,"FILBERT STEPS","COLUMBUS AV",0.00,,-,A,-,N,,,,,,,,,,N,4,0,1,2,A,-,11,21955,,F,G,B,-,A,H,-,A,A,0,Y,,,,Y,,N,60,0,0,1,0,1,0,0,0,0,"- ","- ",,,"SAN FRANCISCO","SAN FRANCISCO",-122.41136169433594,37.801120758056641
8853057,2019,2019-05-02,3801,2019-03-31,1720,32,,7,5,7,3801,0,0,0,,0,,"WASHINGTON ST","VAN NESS AV",102.00,E,N,A,-,N,,,,,,,,,,N,3,0,1,2,A,-,11,21954,A,N,G,B,D,A,H,-,A,D,0,Y,,,,Y,,N,60,0,1,0,0,1,0,0,0,0,"- ","- ",,,"SAN FRANCISCO","SAN FRANCISCO",-122.422607421875,37.793102264404297
8853134,2019,2019-05-01,3801,2019-03-02,1310,274,MISSI,6,5,7,3801,0,0,0,,0,3D44C,"CESAR CHAVEZ ST","VALENCIA ST",0.00,,Y,C,-,N,,,,,,,,,,N,4,0,1,2,A,-,03,22350,,N,D,G,A,B,H,-,A,A,0,,Y,,,Y,,L,04,0,0,1,0,0,0,1,0,0,"- ","- ",,,"SAN FRANCISCO","SAN FRANCISCO",-122.42024993896484,37.748119354248047
8853154,2019,2019-05-01,3801,2019-03-15,0757,2708,MISSI,5,5,7,3801,0,0,0,,0,3D11A,"14TH ST","GUERRERO ST",0.00,,Y,A,-,N,,,,,,,,,,N,4,0,1,2,A,-,08,22107,,N,B,G,A,A,H,-,A,A,0,,Y,,,Y,,A,01,0,0,1,0,0,0,1,0,0,"- ","- ",,,"SAN FRANCISCO","SAN FRANCISCO",-122.42440795898438,37.768020629882812