CASE_ID,ACCIDENT_YEAR,PROC_DATE,JURIS,COLLISION_DATE,COLLISION_TIME,OFFICER_ID,REPORTING_DISTRICT,DAY_OF_WEEK,CHP_SHIFT,POPULATION,CNTY_CITY_LOC,SPECIAL_COND,BEAT_TYPE,CHP_BEAT_TYPE,CITY_DIVISION_LAPD,CHP_BEAT_CLASS,BEAT_NUMBER,PRIMARY_RD,SECONDARY_RD,DISTANCE,DIRECTION,INTERSECTION,WEATHER_1,WEATHER_2,STATE_HWY_IND,CALTRANS_COUNTY,CALTRANS_DISTRICT,STATE_ROUTE,ROUTE_SUFFIX,POSTMILE_PREFIX,POSTMILE,LOCATION_TYPE,RAMP_INTERSECTION,SIDE_OF_HWY,TOW_AWAY,COLLISION_SEVERITY,NUMBER_KILLED,NUMBER_INJURED,PARTY_COUNT,PRIMARY_COLL_FACTOR,PCF_CODE_OF_VIOL,PCF_VIOL_CATEGORY,PCF_VIOLATION,PCF_VIOL_SUBSECTION,HIT_AND_RUN,TYPE_OF_COLLISION,MVIW,PED_ACTION,ROAD_SURFACE,ROAD_COND_1,ROAD_COND_2,LIGHTING,CONTROL_DEVICE,CHP_ROAD_TYPE,PEDESTRIAN_ACCIDENT,BICYCLE_ACCIDENT,MOTORCYCLE_ACCIDENT,TRUCK_ACCIDENT,NOT_PRIVATE_PROPERTY,ALCOHOL_INVOLVED,STWD_VEHTYPE_AT_FAULT,CHP_VEHTYPE_AT_FAULT,COUNT_SEVERE_INJ,COUNT_VISIBLE_INJ,COUNT_COMPLAINT_PAIN,COUNT_PED_KILLED,COUNT_PED_INJURED,COUNT_BICYCLIST_KILLED,COUNT_BICYCLIST_INJURED,COUNT_MC_KILLED,COUNT_MC_INJURED,PRIMARY_RAMP,SECONDARY_RAMP,LATITUDE,LONGITUDE,COUNTY,CITY,POINT_X,POINT_Y
8853156,2019,2019-05-01,3801,2019-03-29,1306,52,SOUTH,5,5,7,3801,0,0,0,,0,0B5,"TOWNSEND ST","8TH ST",0.00,,Y,A,-,N,,,,,,,,,,N,4,0,1,2,A,-,12,22450,A,N,D,G,A,A,H,-,A,A,0,,Y,,,Y,,L,04,0,0,1,0,0,0,1,0,0,"- ","- ",,,"SAN FRANCISCO","SAN FRANCISCO",,
8857772,2019,2019-06-11,3801,2019-04-23,1040,2089,CENTR,2,5,7,3801,0,0,0,,0,004,"MONTGOMERY ST","JACKSON ST",0.00,,Y,A,-,N,,,,,,,,,,N,4,0,1,2,A,-,10,21950,A,F,G,B,B,A,H,-,A,A,0,Y,,,,Y,,A,07,0,0,1,0,1,0,0,0,0,"- ","- ",,,"SAN FRANCISCO","SAN FRANCISCO",-122.40348052978516,37.796428680419922
8857775,2019,2019-05-22,3801,2019-04-28,1406,652,PARK,7,5,7,3801,0,0,0,,0,004,"NOE ST","HENRY ST",0.00,,Y,A,-,N,,,,,,,,,,N,2,0,1,2,A,-,11,21954,A,N,G,B,D,A,H,-,A,D,0,Y,,,,Y,,N,60,1,0,0,0,1,0,0,0,0,"- ","- ",,,"SAN FRANCISCO","SAN FRANCISCO",-122.43332672119141,37.766670227050781
8857776,2019,2019-05-20,3801,2019-04-23,1050,317,SOUTH,2,5,7,3801,0,0,0,,0,SECTOR,"11TH ST","HARRISON ST",155.00,S,N,A,-,N,,,,,,,,,,N,3,0,1,2,A,-,11,21955,,N,B,B,D,A,H,-,A,D,0,Y,,,,Y,,N,60,0,1,0,0,1,0,0,0,0,"- ","- ",,,"SAN FRANCISCO","SAN FRANCISCO",-122.41209411621094,37.770328521728516
8857780,2019,2019-05-20,3801,2019-04-23,1010,1572,SOUTH,2,5,7,3801,0,0,0,,0,3B1A,"THE EMBARCADERO","HARRISON ST",0.00,,Y,A,-,N,,,,,,,,,,N,4,0,1,2,A,-,08,22107,,N,B,G,A,A,H,-,A,A,0,,Y,,,Y,,-,,0,0,1,0,0,0,1,0,0,"- ","- ",,,"SAN FRANCISCO","SAN FRANCISCO",-122.38861083984375,37.789501190185547
8857788,2019,2019-05-20,3801,2019-04-23,0819,4259,RICHM,2,5,7,3801,0,0,0,,0,3G13A,"PARK PRESIDIO BL","CLEMENT ST",0.00,,Y,A,-,N,,,,,,,,,,N,4,0,1,2,A,-,10,21950,A,N,G,B,B,A,H,-,A,A,0,Y,,,,Y,,A,01,0,0,1,0,1,0,0,0,0,"- ","- ",,,"SAN FRANCISCO","SAN FRANCISCO",-122.47247314453125,37.782581329345703
8857791,2019,2019-05-22,3801,2019-04-26,2342,1454,SOUTH,5,5,7,3801,0,0,0,,0,3B13E,"HOWARD ST","6TH ST",0.00,,Y,A,-,N,,,,,,,,,,N,4,0,1,2,A,-,11,21954,A,N,G,B,E,A,H,-,C,A,0,Y,,,,Y,,N,60,0,0,1,0,1,0,0,0,0,"- ","- ",,,"SAN FRANCISCO","SAN FRANCISCO",-122.40714263916016,37.779750823974609
8857792,2019,2019-05-21,3801,2019-04-22,2038,1451,,1,5,7,3801,0,0,0,,0,901,"POTRERO AV","16TH ST",0.00,,Y,A,-,N,,,,,,,,,,N,4,0,1,2,A,-,11,21453,D,N,G,B,D,A,H,-,C,A,0,Y,,,,Y,Y,N,60,0,0,1,0,1,0,0,0,0,"- ","- ",,,"SAN FRANCISCO","SAN FRANCISCO",-122.40756225585938,37.765769958496094
8857799,2019,2019-05-22,3801,2019-04-23,1432,399,PARK,2,5,7,3801,0,0,0,,0,003,"STANYAN ST","HAYES ST",0.00,,Y,A,-,N,,,,,,,,,,N,3,0,2,3,A,-,10,21950,A,N,G,B,B,A,H,-,A,A,0,Y,,,,Y,,A,01,0,1,1,0,2,0,0,0,0,"- ","- ",,,"SAN FRANCISCO","SAN FRANCISCO",-122.45429992675781,37.772869110107422
8857800,2019,2019-05-21,3801,2019-04-24,1205,2089,CENTR,3,5,7,3801,0,0,0,,0,001,"CUSHMAN ST","CALIFORNIA ST",75.00,N,N,A,-,N,,,,,,,,,,N,4,0,1,2,A,-,05,21650,C,F,G,B,E,A,D,-,A,A,0,Y,,,,Y,,A,07,0,0,1,0,1,0,0,0,0,"- ","- ",,,"SAN FRANCISCO","SAN FRANCISCO",-122.41175842285156,37.791912078857422
8857803,2019,2019-05-22,3801,2019-04-23,1856,812,PARK,2,5,7,3801,0,0,0,,0,003,"FULTON ST","MASONIC AV",0.00,,Y,A,-,N,,,,,,,,,,N,3,0,1,2,A,-,08,22107,,F,D,G,A,A,H,-,A,A,0,,Y,,,Y,,A,07,0,1,0,0,0,0,1,0,0,"- ","- ",,,"SAN FRANCISCO","SAN FRANCISCO",-122.44647216796875,37.775791168212891
8857811,2019,2019-05-22,3801,2019-04-24,1206,317,SOUTH,3,5,7,3801,0,0,0,,0,3B13A,"8TH ST","NATOMA ST",0.00,,Y,A,-,N,,,,,,,,,,,4,0,1,2,A,-,12,21453,A,N,D,G,A,A,H,-,A,A,0,,Y,,,Y,,L,04,0,0,1,0,0,0,1,0,0,"- ","- ",,,"SAN FRANCISCO","SAN FRANCISCO",-122.41213226318359,37.776660919189453
8857812,2019,2019-06-11,3801,2019-04-20,0154,1148,MISSI,6,5,7,3801,0,0,0,,0,3D13E,"18TH ST","CASTRO ST",0.00,,Y,A,-,N,,,,,,,,,,N,3,0,2,3,A,-,03,22350,,F,G,B,D,-,H,-,D,D,0,Y,,,,Y,Y,-,,0,1,1,0,2,0,0,0,0,"- ","- ",,,"SAN FRANCISCO","SAN FRANCISCO",-122.43499755859375,37.760890960693359
8857815,2019,2019-05-22,3801,2019-04-24,1114,998,NORTH,3,5,7,3801,0,0,0,,0,003,"POLK ST","WILLOW ST",0.00,,Y,A,-,N,,,,,,,,,,N,4,0,2,2,A,-,03,22350,,N,D,G,A,A,H,-,A,A,0,,Y,Y,,Y,,C,02,0,0,2,0,0,0,1,0,1,"- ","- ",,,"SAN FRANCISCO","SAN FRANCISCO",-122.41925811767578,37.783561706542969
8857816,2019,2019-05-21,3801,2019-04-20,0818,HICKS,NORTH,6,5,7,3801,0,0,0,,0,3E12A,"WEBSTER ST","EDDY ST",0.00,,-,A,-,N,,,,,,,,,,N,4,0,1,2,A,-,12,21453,A,N,H,G,A,A,H,-,A,A,0,,Y,,,Y,,L,04,0,0,1,0,0,0,1,0,0,"- ","- ",,,"SAN FRANCISCO","SAN FRANCISCO",-122.43067169189453,37.781620025634766
8857819,2019,2019-05-22,3801,2019-04-24,0925,1917,TARVA,3,5,7,3801,0,0,0,,0,3I16A,"TARAVAL ST","35TH AV",0.00,,Y,A,-,N,,,,,,,,,,N,4,0,1,2,A,-,10,21950,A,N,G,B,B,A,H,-,A,A,0,Y,,,,Y,,A,01,0,0,1,0,1,0,0,0,0,"- ","- ",,,"SAN FRANCISCO","SAN FRANCISCO",-122.49282073974609,37.742290496826172
8857820,2019,2019-05-21,3801,2019-04-19,1820,4020,MISSI,5,5,7,3801,0,0,0,,0,3D61,"14TH ST","JULIAN ST",0.00,,Y,A,-,N,,,,,,,,,,N,3,0,1,2,A,-,08,22107,,N,D,G,A,A,H,-,A,D,0,,Y,,,Y,,A,01,0,1,0,0,0,0,1,0,0,"- ","- ",,,"SAN FRANCISCO","SAN FRANCISCO",-122.42121124267578,37.768211364746094
8857823,2019,2019-05-22,3801,2019-04-24,1011,432,MISSI,3,5,7,3801,0,0,0,,0,3D41B,"24TH ST","DOUGLAS ST",0.00,,Y,A,-,N,,,,,,,,,,N,4,0,1,2,A,-,08,22107,,N,-,G,A,A,H,-,A,D,0,,Y,,,Y,,A,01,0,0,1,0,0,0,1,0,0,"- ","- ",,,"SAN FRANCISCO","SAN FRANCISCO",-122.4384765625,37.751018524169922
8857824,2019,2019-05-21,3801,2019-04-19,1801,1453,CENTR,5,5,7,3801,0,0,0,,0,,"THE EMBARCADERO",BROADWAY,0.00,,Y,A,G,N,,,,,,,,,,N,4,0,1,2,A,-,08,22107,,N,D,G,A,A,H,-,A,A,0,,Y,,,Y,,A,01,0,0,1,0,0,0,1,0,0,"- ","- ",,,"SAN FRANCISCO","SAN FRANCISCO",-122.39775848388672,37.799179077148438
8857835,2019,2019-05-22,3801,2019-04-18,1819,386,MISSI,4,5,7,3801,0,0,0,,0,,"VALENCIA ST","15TH ST",21.00,S,N,A,-,N,,,,,,,,,,N,3,0,1,2,A,-,08,22107,,N,B,G,A,A,H,-,A,A,0,,Y,,,Y,,A,01,0,1,0,0,0,0,1,0,0,"- ","- ",,,"SAN FRANCISCO","SAN FRANCISCO",-122.42202758789062,37.766471862792969
8857836,2019,2019-05-21,3801,2019-04-19,0805,1102,MISSI,5,5,7,3801,0,0,0,,0,MISSIO,"LIBERTY ST","GUERRERO ST",232.00,E,N,A,-,N,,,,,,,,,,N,3,0,1,2,-,-,"- ",,,N,G,B,E,A,C,-,A,D,0,Y,,,,Y,Y,-,"- ",0,1,0,0,1,0,0,0,0,"- ","- ",,,"SAN FRANCISCO","SAN FRANCISCO",-122.42259979248047,37.75762939453125
8857840,2019,2019-05-21,3801,2019-04-19,0330,382,NORTH,5,5,7,3801,0,0,0,,0,3E15E,"MARINA BL","LAGUNA ST",93.00,W,N,A,-,N,,,,,,,,,,N,3,0,1,2,A,-,03,22350,,F,G,B,D,A,H,-,C,A,0,Y,,,,Y,,A,07,0,1,0,0,1,0,0,0,0,"- ","- ",,,"SAN FRANCISCO","SAN FRANCISCO",-122.43238830566406,37.805179595947266
8857860,2019,2019-05-22,3801,2019-04-29,1607,764,MISSI,1,5,7,3801,0,0,0,,0,3D3C,"FOLSOM ST","21ST ST",0.00,,Y,A,-,N,,,,,,,,,,N,2,0,1,2,D,-,00,,,F,G,B,D,A,H,-,A,A,0,Y,,,,Y,,-,"- ",1,0,0,0,1,0,0,0,0,"- ","- ",,,"SAN FRANCISCO","SAN FRANCISCO",-122.41452026367188,37.757301330566406
8857864,2019,2019-05-22,3801,2019-04-29,1033,826,"BAY V",1,5,7,3801,0,0,0,,0,003,"3RD ST","OAKDALE AV",40.00,N,N,A,-,N,,,,,,,,,,Y,2,0,1,2,A,-,05,21651,C,F,C,G,A,A,H,-,A,A,0,,Y,,,Y,,A,01,1,0,0,0,0,0,1,0,0,"- ","- ",,,"SAN FRANCISCO","SAN FRANCISCO",-122.39073181152344,37.734935760498047
8857880,2019,2019-05-22,3801,2019-04-22,1925,2132,04222,1,5,7,3801,0,0,0,,0,1925,"18TH AV","VALENICA ST",131.00,W,N,A,-,N,,,,,,,,,,N,3,0,1,2,A,-,17,22517,,N,H,G,A,A,H,-,A,D,0,,Y,,,Y,,A,07,0,1,0,0,0,0,1,0,0,"- ","- ",,,"SAN FRANCISCO","SAN FRANCISCO",-122.42201232910156,37.761684417724609
8857887,2019,2019-05-22,3801,2019-04-02,2030,2452,RICHM,2,5,7,3801,0,0,0,,0,3G15E,"GEARY BL","16TH AV",0.00,,Y,C,-,N,,,,,,,,,,N,4,0,1,2,A,-,11,21954,A,N,G,B,D,B,H,-,C,D,0,Y,,,,Y,Y,N,60,0,0,1,0,1,0,0,0,0,"- ","- ",,,"SAN FRANCISCO","SAN FRANCISCO",-122.47511291503906,37.78057861328125
8857891,2019,2019-05-22,3801,2019-04-02,1845,1414,INGLE,2,5,7,3801,0,0,0,,0,3H11D,"CESAR CHAVEZ ST","VALENCIA ST",50.00,E,N,B,-,N,,,,,,,,,,N,4,0,1,2,A,-,17,22517,,N,B,G,A,A,H,-,A,A,0,,Y,,,Y,,A,01,0,0,1,0,0,0,1,0,0,"- ","- ",,,"SAN FRANCISCO","SAN FRANCISCO",-122.42007446289062,37.748123168945312
8857895,2019,2019-05-23,3801,2019-04-02,1826,738,NORTH,2,5,7,3801,0,0,0,,0,3E15D,"POLK ST","CHESTNUT ST",44.00,N,N,A,-,N,,,,,,,,,,N,4,0,1,2,A,-,17,22517,,N,H,G,A,A,H,-,A,A,0,,Y,,,Y,,A,01,0,0,1,0,0,0,1,0,0,"- ","- ",,,"SAN FRANCISCO","SAN FRANCISCO",-122.42310333251953,37.802608489990234
8857896,2019,2019-05-22,3801,2019-04-22,1029,2210,SOUTH,1,5,7,3801,0,0,0,,0,3B13A,"7TH ST","BRYANT ST",160.00,N,N,A,-,N,,,,,,,,,,N,4,0,1,2,A,-,05,21650,1,N,D,G,A,A,H,-,A,D,0,,Y,,,Y,,L,04,0,0,1,0,0,0,1,0,0,"- ","- ",37.774650573730469,-122.40541076660156,"SAN FRANCISCO","SAN FRANCISCO",-122.40524291992188,37.774688720703125
8857903,2019,2019-05-23,3801,2019-04-02,1613,A22656,SOUTH,2,5,7,3801,0,0,0,,0,3B11D,"1ST ST","HOWARD ST",0.00,,Y,B,-,N,,,,,,,,,,N,4,0,1,2,A,-,11,21453,D,N,G,B,B,A,H,-,A,A,0,Y,,,,Y,,N,60,0,0,1,0,1,0,0,0,0,"- ","- ",,,"SAN FRANCISCO","SAN FRANCISCO",-122.39604187011719,37.788551330566406
8857907,2019,2019-05-23,3801,2019-04-02,1532,1157,TARAV,2,5,7,3801,0,0,0,,0,3I13D,"20TH AV","TARAVAL ST",0.00,,Y,A,-,N,,,,,,,,,,N,2,0,1,2,A,-,10,21950,C,N,G,B,B,A,H,-,A,D,0,Y,,,,Y,,A,01,1,0,0,0,1,0,0,0,0,"- ","- ",,,"SAN FRANCISCO","SAN FRANCISCO",-122.47677612304688,37.742988586425781
8857915,2019,2019-05-23,3801,2019-04-02,0705,416,BAYVI,2,5,7,3801,0,0,0,,0,0C2,"JEROLD AV","MILTON I ROSS LN",21.00,W,N,C,-,N,,,,,,,,,,N,4,0,1,2,A,-,05,21651,A,N,B,G,A,B,H,-,A,A,0,,Y,,,Y,,L,04,0,0,1,0,0,0,1,0,0,"- ","- ",,,"SAN FRANCISCO","SAN FRANCISCO",-122.39846801757812,37.743816375732422
8857919,2019,2019-05-23,3801,2019-04-10,0635,86,TARAV,3,5,7,3801,0,0,0,,0,3I12,"TARAVAL ST","20TH AV",0.00,,Y,A,-,N,,,,,,,,,,N,3,0,1,2,A,-,08,22107,,N,D,G,A,A,H,-,A,A,0,,Y,,,Y,,A,08,0,1,0,0,0,0,1,0,0,"- ","- ",,,"SAN FRANCISCO","SAN FRANCISCO",-122.47677612304688,37.742988586425781
8857920,2019,2019-06-03,3801,2019-04-21,1015,1482,TENDE,7,5,7,3801,0,0,0,,0,3J11A,"MASON ST","EDDY ST",0.00,,Y,A,-,N,,,,,,,,,,N,4,0,1,2,A,-,17,21657,,F,D,G,A,A,H,-,A,A,0,,Y,,,Y,,L,04,0,0,1,0,0,0,1,0,0,"- ","- ",,,"SAN FRANCISCO","SAN FRANCISCO",-122.4093017578125,37.784381866455078
8857922,2019,2019-05-21,3801,2019-04-20,1505,2107,NORTH,6,5,7,3801,0,0,0,,0,03E,"POLK ST","ELLIS ST",0.00,,Y,A,-,N,,,,,,,,,,N,4,0,1,2,A,-,10,21950,A,N,G,B,B,A,H,-,A,A,0,Y,,,,Y,,A,01,0,0,1,0,1,0,0,0,0,"- ","- ",,,"SAN FRANCISCO","SAN FRANCISCO",-122.41934967041016,37.784038543701172
8857926,2019,2019-05-21,3801,2019-04-20,1450,563,PARK,6,5,7,3801,0,0,0,,0,001,"LINCOLN WY","7TH AV",0.00,,Y,A,-,N,,,,,,,,,,N,4,0,1,2,A,-,08,22107,,N,-,B,E,A,H,-,A,A,0,Y,,,,Y,,A,01,0,0,1,0,1,0,0,0,0,"- ","- ",,,"SAN FRANCISCO","SAN FRANCISCO",-122.46430206298828,37.766040802001953
8857935,2019,2019-05-21,3801,2019-04-04,0600,1463,MISSI,4,5,7,3801,0,0,0,,0,3D13A,"MARKET ST","DOLORES ST",0.00,,Y,B,-,N,,,,,,,,,,,3,0,1,2,C,-,18,,,N,G,B,F,A,H,-,-,A,0,Y,,,,Y,,-,"- ",0,1,0,0,1,0,0,0,0,"- ","- ",,,"SAN FRANCISCO","SAN FRANCISCO",-122.42691040039062,37.769199371337891
8857936,2019,2019-05-21,3801,2019-04-25,0845,878,CENTR,4,5,7,3801,0,0,0,,0,SOUTHE,"2ND ST","FOLSOM ST",20.00,S,N,A,-,N,,,,,,,,,,N,3,0,1,2,C,-,18,,,N,B,G,A,A,H,-,A,D,0,,Y,,,Y,,-,"- ",0,1,0,0,0,0,1,0,0,"- ","- ",,,"SAN FRANCISCO","SAN FRANCISCO",-122.39668273925781,37.7855224609375
8857938,2019,2019-06-06,3801,2019-04-15,0925,1263,BAYVI,1,5,7,3801,0,0,0,,0,3C15A,"MARIN ST","BAYSHORE BL",0.00,,Y,A,-,N,,,,,,,,,,N,4,0,1,2,A,-,03,22350,,M,G,B,B,A,H,-,A,A,0,Y,,,,Y,,A,01,0,0,1,0,1,0,0,0,0,"- ","- ",,,"SAN FRANCISCO","SAN FRANCISCO",-122.40351867675781,37.748119354248047
8857939,2019,2019-05-21,3801,2019-04-03,1456,1580,SOUTH,3,5,7,3801,0,0,0,,0,3B15B,"BRANNAN ST","9TH ST",0.00,,Y,B,-,N,,,,,,,,,,N,3,0,1,2,A,-,17,22517,,N,B,G,A,A,H,-,A,A,0,,Y,,,Y,,A,01,0,1,0,0,0,0,1,0,0,"- ","- ",,,"SAN FRANCISCO","SAN FRANCISCO",-122.40699005126953,37.770061492919922
8857940,2019,2019-05-21,3801,2019-04-24,2102,1702,TARAV,3,5,7,3801,0,0,0,,0,3I16D,"RANDOLPH ST","VERNON ST",0.00,,Y,A,-,N,,,,,,,,,,N,4,0,1,2,A,-,11,21954,A,N,G,B,D,A,H,-,C,B,0,Y,,,,Y,,N,60,0,0,1,0,1,0,0,0,0,"- ","- ",,,"SAN FRANCISCO","SAN FRANCISCO",-122.46800994873047,37.714271545410156
8857943,2019,2019-05-24,3801,2019-04-03,1215,4269,INGLE,3,5,7,3801,0,0,0,,0,3H15C,"GENEVA AV","LONDON ST",0.00,,Y,A,-,N,,,,,,,,,,Y,4,0,1,2,A,-,10,21950,A,N,G,B,B,A,H,-,A,D,0,Y,,,,Y,,A,01,0,0,1,0,1,0,0,0,0,"- ","- ",,,"SAN FRANCISCO","SAN FRANCISCO",-122.44023895263672,37.716049194335938
8857944,2019,2019-05-21,3801,2019-04-24,1842,2470,CENTR,3,5,7,3801,0,0,0,,0,3A15D,"KEARNY ST","GEARY ST",12.00,S,N,A,-,N,,,,,,,,,,N,4,0,1,2,A,-,08,22107,,N,C,G,A,A,H,-,A,D,0,,Y,,,Y,,L,04,0,0,1,0,0,0,1,0,0,"- ","- ",,,"SAN FRANCISCO","SAN FRANCISCO",-122.40350341796875,37.787918090820312
8857945,2019,2019-05-21,3801,2019-04-12,1636,1351,INGLE,5,5,7,3801,0,0,0,,0,3H13C,"SUNNYDALE AV","HAHN ST",60.00,W,N,A,-,N,,,,,,,,,,N,4,0,1,2,D,-,00,,,N,G,B,-,A,H,-,A,D,0,Y,,,,Y,,-,"- ",0,0,1,0,1,0,0,0,0,"- ","- ",,,"SAN FRANCISCO","SAN FRANCISCO",-122.41622924804688,37.711982727050781
8857947,2019,2019-05-21,3801,2019-04-20,2110,2380,SOUTH,6,5,7,3801,0,0,0,,0,0B4,"FOLSOM ST","11TH ST",0.00,,Y,A,-,N,,,,,,,,,,N,3,0,1,2,A,-,10,21950,A,N,G,B,B,A,H,-,C,A,0,Y,,,,Y,,A,01,0,1,0,0,1,0,0,0,0,"- ","- ",,,"SAN FRANCISCO","SAN FRANCISCO",-122.41400909423828,37.771881103515625
8857957,2019,2019-05-21,3801,2019-04-12,1315,1540,,5,5,7,3801,0,0,0,,0,,"CORBETT AV","ORD ST",201.00,E,N,A,-,N,,,,,,,,,,N,3,0,1,2,A,-,11,21950,B,N,G,B,E,A,H,-,A,A,0,Y,,,,Y,,N,60,0,1,0,0,1,0,0,0,0,"- ","- ",,,"SAN FRANCISCO","SAN FRANCISCO",-122.43955993652344,37.762168884277344
8857958,2019,2019-05-21,3801,2019-04-14,2028,936,BAYVI,7,5,7,3801,0,0,0,,0,,"BAYSHORE BL","CORTLAND AV",0.00,,Y,A,-,N,,,,,,,,,,N,3,0,1,2,A,-,12,21453,A,F,G,B,B,A,H,-,C,A,0,Y,,,,Y,,A,01,0,1,0,0,1,0,0,0,0,"- ","- ",,,"SAN FRANCISCO","SAN FRANCISCO",-122.40699005126953,37.739578247070312
8857962,2019,2019-05-29,3801,2019-04-14,1812,54,NORTH,7,5,7,3801,0,0,0,,0,3E15D,"YACHT ROAD","MASON ST",0.00,,Y,A,-,N,,,,,,,,,,,3,0,1,2,A,-,08,22107,,N,D,G,A,A,H,-,A,D,0,,Y,,,Y,,A,01,0,1,0,0,0,0,1,0,0,"- ","- ",,,"SAN FRANCISCO","SAN FRANCISCO",-122.44834136962891,37.805030822753906
8857970,2019,2019-05-21,3801,2019-04-14,1546,1861,TARAV,7,5,7,3801,0,0,0,,0,3I3D,"LINCOLN WY","25TH AV",0.00,,Y,A,-,N,,,,,,,,,,N,3,0,1,2,A,-,10,21950,A,N,G,B,B,A,H,-,A,A,0,Y,,,,Y,,-,,0,1,0,0,1,0,0,0,0,"- ","- ",,,"SAN FRANCISCO","SAN FRANCISCO",-122.48367309570312,37.765159606933594
8857971,2019,2019-05-21,3801,2019-04-27,0828,2279,BAYVI,6,5,7,3801,0,0,0,,0,0C2,PALOU,NEWHALL,2.00,S,N,A,-,N,,,,,,,,,,N,4,0,1,2,A,-,10,21950,A,N,G,B,D,A,H,-,A,D,0,Y,,,,Y,,A,01,0,0,1,0,1,0,0,0,0,"- ","- ",,,"SAN FRANCISCO","SAN FRANCISCO",-122.39277648925781,37.735027313232422
8857974,2019,2019-05-21,3801,2019-04-02,2103,1435,TRAFF,2,5,7,3801,0,0,0,,0,4B4I,"FULTON AV","37TH AV",0.00,,Y,C,-,N,,,,,,,,,,N,2,0,1,2,A,-,11,21453,D,N,G,B,D,B,H,-,C,A,0,Y,,,,Y,,N,60,1,0,0,0,1,0,0,0,0,"- ","- ",,,"SAN FRANCISCO","SAN FRANCISCO",-122.49704742431641,37.771991729736328
8857977,2019,2019-05-21,3801,2019-04-11,0719,2374,INGLE,4,5,7,3801,0,0,0,,0,0H3,"CRESCENT AV","FOLSOM ST",0.00,,Y,B,-,N,,,,,,,,,,N,2,0,1,2,A,-,12,22450,A,N,D,G,A,A,H,-,A,D,0,,Y,,,Y,,L,04,1,0,0,0,0,0,1,0,0,"- ","- ",,,"SAN FRANCISCO","SAN FRANCISCO",-122.41371917724609,37.734748840332031
8857978,2019,2019-05-21,3801,2019-04-22,1911,564,TARAV,1,5,7,3801,0,0,0,,0,3I13D,"35TH AV","IRVING ST",0.00,,Y,A,-,N,,,,,,,,,,N,3,0,1,2,A,-,09,21804,A,N,D,G,A,A,H,-,A,A,0,,Y,,,Y,,L,04,0,1,0,0,0,0,1,0,0,"- ","- ",,,"SAN FRANCISCO","SAN FRANCISCO",-122.49427032470703,37.762798309326172
8857980,2019,2019-07-17,3801,2019-04-13,1440,2203,TENDE,6,5,7,3801,0,0,0,,0,3J51C,"MCALLISTER ST","LEAVENWORTH ST",0.00,,Y,A,-,N,,,,,,,,,,N,2,0,1,2,A,-,05,21651,B,N,-,G,A,A,H,-,A,A,0,,Y,,,Y,,A,01,1,0,0,0,0,0,1,0,0,"- ","- ",,,"SAN FRANCISCO","SAN FRANCISCO",-122.41368865966797,37.780929565429688
8857982,2019,2019-05-21,3801,2019-04-22,0542,2274,TENDE,1,5,7,3801,0,0,0,,0,,"ELLIS ST","CYRIL MAGNIN ST",0.00,,Y,A,-,N,,,,,,,,,,N,2,0,1,2,A,-,00,21958,A,N,G,B,D,A,H,-,C,A,0,Y,,,,Y,,N,60,1,0,0,0,1,0,0,0,0,"- ","- ",,,"SAN FRANCISCO","SAN FRANCISCO",-122.40866088867188,37.785430908203125
8857984,2019,2019-05-21,3801,2019-04-13,1030,190,SOUTH,6,5,7,3801,0,0,0,,0,3B40,"HARRIET ST","HARRISON ST",0.00,,Y,A,-,N,,,,,,,,,,N,4,0,1,2,A,-,12,22450,A,F,D,G,A,A,H,-,A,A,0,,Y,,,Y,,A,01,0,0,1,0,0,0,1,0,0,"- ","- ",,,"SAN FRANCISCO","SAN FRANCISCO",-122.40464019775391,37.776859283447266
8857989,2019,2019-05-21,3801,2019-04-08,1325,1016,NORTH,1,5,7,3801,0,0,0,,0,3E16A,"PINE ST","VAN NESS AV",78.00,E,N,A,-,N,,,,,,,,,,N,4,0,1,2,A,-,06,21760,B,N,B,G,A,-,H,-,A,D,0,,Y,Y,,Y,,O,05,0,0,1,0,0,0,1,0,0,"- ","- ",,,"SAN FRANCISCO","SAN FRANCISCO",-122.42197418212891,37.789436340332031
8857990,2019,2019-05-21,3801,2019-04-08,1350,2023,PARK,1,5,7,3801,0,0,0,,0,,"MASONIC AV","OAK ST",10.00,N,N,A,-,N,,,,,,,,,,,3,0,1,2,A,-,09,21804,A,N,D,G,A,A,H,-,A,A,0,,Y,,,Y,,L,04,0,1,0,0,0,0,1,0,0,"- ","- ",,,"SAN FRANCISCO","SAN FRANCISCO",-122.44575500488281,37.772106170654297