CASE_ID,ACCIDENT_YEAR,PROC_DATE,JURIS,COLLISION_DATE,COLLISION_TIME,OFFICER_ID,REPORTING_DISTRICT,DAY_OF_WEEK,CHP_SHIFT,POPULATION,CNTY_CITY_LOC,SPECIAL_COND,BEAT_TYPE,CHP_BEAT_TYPE,CITY_DIVISION_LAPD,CHP_BEAT_CLASS,BEAT_NUMBER,PRIMARY_RD,SECONDARY_RD,DISTANCE,DIRECTION,INTERSECTION,WEATHER_1,WEATHER_2,STATE_HWY_IND,CALTRANS_COUNTY,CALTRANS_DISTRICT,STATE_ROUTE,ROUTE_SUFFIX,POSTMILE_PREFIX,POSTMILE,LOCATION_TYPE,RAMP_INTERSECTION,SIDE_OF_HWY,TOW_AWAY,COLLISION_SEVERITY,NUMBER_KILLED,NUMBER_INJURED,PARTY_COUNT,PRIMARY_COLL_FACTOR,PCF_CODE_OF_VIOL,PCF_VIOL_CATEGORY,PCF_VIOLATION,PCF_VIOL_SUBSECTION,HIT_AND_RUN,TYPE_OF_COLLISION,MVIW,PED_ACTION,ROAD_SURFACE,ROAD_COND_1,ROAD_COND_2,LIGHTING,CONTROL_DEVICE,CHP_ROAD_TYPE,PEDESTRIAN_ACCIDENT,BICYCLE_ACCIDENT,MOTORCYCLE_ACCIDENT,TRUCK_ACCIDENT,NOT_PRIVATE_PROPERTY,ALCOHOL_INVOLVED,STWD_VEHTYPE_AT_FAULT,CHP_VEHTYPE_AT_FAULT,COUNT_SEVERE_INJ,COUNT_VISIBLE_INJ,COUNT_COMPLAINT_PAIN,COUNT_PED_KILLED,COUNT_PED_INJURED,COUNT_BICYCLIST_KILLED,COUNT_BICYCLIST_INJURED,COUNT_MC_KILLED,COUNT_MC_INJURED,PRIMARY_RAMP,SECONDARY_RAMP,LATITUDE,LONGITUDE,COUNTY,CITY,POINT_X,POINT_Y
8857993,2019,2019-05-21,3801,2019-04-06,2242,1094,TENDE,6,5,7,3801,0,0,0,,0,3J13E,"EDDY ST","MASON ST",0.00,,Y,A,-,N,,,,,,,,,,N,4,0,1,2,A,-,10,21950,A,F,A,B,B,A,H,-,C,A,0,Y,,,,Y,,A,01,0,0,1,0,1,0,0,0,0,"- ","- ",,,"SAN FRANCISCO","SAN FRANCISCO",-122.4093017578125,37.784381866455078
8857994,2019,2019-05-21,3801,2019-04-08,1135,299,CENTR,1,5,7,3801,0,0,0,,0,3A12A,"SUTTER ST","STOCKTON ST",0.00,,Y,A,-,N,,,,,,,,,,N,4,0,1,2,A,-,11,21456,B,N,D,G,A,A,-,-,A,A,0,,Y,,,Y,,L,04,0,0,1,0,0,0,1,0,0,"- ","- ",,,"SAN FRANCISCO","SAN FRANCISCO",-122.40693664550781,37.789421081542969
8857995,2019,2019-05-21,3801,2019-04-26,1601,801,SOUTH,5,5,7,3801,0,0,0,,0,,"MISSION BAY SOUTH BL","BRIDGEVIEW WY",0.00,,Y,A,-,N,,,,,,,,,,,4,0,1,2,A,-,11,21950,B,N,G,B,B,A,H,-,A,A,0,Y,,,,Y,,N,60,0,0,1,0,1,0,0,0,0,"- ","- ",,,"SAN FRANCISCO","SAN FRANCISCO",-122.38777923583984,37.770778656005859
8857996,2019,2019-05-21,3801,2019-04-17,0859,2400,NORTH,3,5,7,3801,0,0,0,,0,3E12A,"FULTON ST","FILLMORE ST",158.00,W,N,A,-,N,,,,,,,,,,N,3,0,1,3,A,-,08,22107,,N,H,G,A,A,H,-,A,A,0,,Y,,,Y,,A,01,0,1,0,0,0,0,1,0,0,"- ","- ",,,"SAN FRANCISCO","SAN FRANCISCO",-122.43209838867188,37.777626037597656
8857999,2019,2019-05-24,3801,2019-04-26,1338,1286,NORTH,5,5,7,3801,0,0,0,,0,3E12A,"GEARY BL","WEBSTER ST",0.00,,Y,A,-,N,,,,,,,,,,N,4,0,1,2,A,-,11,21950,B,N,G,B,D,A,H,-,A,A,0,Y,,,,Y,,N,60,0,0,1,0,1,0,0,0,0,"- ","- ",,,"SAN FRANCISCO","SAN FRANCISCO",-122.43129730224609,37.78472900390625
8858000,2019,2019-06-11,3801,2019-04-22,1810,1177,TENDE,1,5,7,3801,0,0,0,,0,3J13D,"MARKET ST","9TH ST",20.00,W,N,A,-,N,,,,,,,,,,N,4,0,1,2,A,-,21,22106,,F,C,G,A,A,H,-,A,-,0,,Y,,,Y,,A,01,0,0,1,0,0,0,1,0,0,"- ","- ",,,"SAN FRANCISCO","SAN FRANCISCO",-122.4163818359375,37.777462005615234
8858001,2019,2019-05-21,3801,2019-04-19,1912,2705,BAYVI,5,5,7,3801,0,0,0,,0,3C15D,"LANE ST","REVERE AV",0.00,,Y,E,-,N,,,,,,,,,,Y,3,0,1,4,A,-,12,22450,A,N,G,B,B,A,E,-,A,A,0,Y,,,,Y,,A,01,0,1,0,0,1,0,0,0,0,"- ","- ",,,"SAN FRANCISCO","SAN FRANCISCO",-122.39018249511719,37.731670379638672
8858005,2019,2019-05-21,3801,2019-04-22,2315,1060,SOUTH,1,5,7,3801,0,0,0,,0,001,"MISSION ST","2ND ST",22.00,W,N,A,-,N,,,,,,,,,,N,4,0,1,2,A,-,08,22107,,N,-,B,B,A,H,-,C,A,0,Y,,,,Y,,A,01,0,0,1,0,1,0,0,0,0,"- ","- ",,,"SAN FRANCISCO","SAN FRANCISCO",-122.39984130859375,37.787967681884766
8858013,2019,2019-05-21,3801,2019-04-16,0823,76,TRAFF,2,5,7,3801,0,0,0,,0,,"7TH ST","BERRY ST",7.00,S,N,A,-,N,,,,,,,,,,N,2,0,1,2,A,-,05,21460,A,N,A,G,A,A,-,-,A,-,0,,Y,,,Y,,L,04,1,0,0,0,0,0,1,0,0,"- ","- ",,,"SAN FRANCISCO","SAN FRANCISCO",-122.4000244140625,37.770465850830078
8858014,2019,2019-05-21,3801,2019-04-10,1350,242,NORTH,3,5,7,3801,0,0,0,,0,901,"RICHARDSON AV",FRANCISCO,45.00,S,N,B,-,N,,,,,,,,,,N,3,0,1,2,A,-,10,21950,A,N,G,B,B,A,H,-,A,A,0,Y,,,,Y,,A,01,0,1,0,0,1,0,0,0,0,"- ","- ",,,"SAN FRANCISCO","SAN FRANCISCO",-122.44699096679688,37.800277709960938
8858018,2019,2019-05-21,3801,2019-04-10,1230,1188,INGLE,3,5,7,3801,0,0,0,,0,3H11C,"SAN JOSE AV","29TH ST",0.00,,Y,A,-,N,,,,,,,,,,N,2,0,1,2,A,-,08,22107,,F,D,G,A,A,H,-,A,D,0,,Y,,,Y,Y,-,,1,0,0,0,0,0,1,0,0,"- ","- ",,,"SAN FRANCISCO","SAN FRANCISCO",-122.42275238037109,37.743930816650391
8858019,2019,2019-05-21,3801,2019-04-16,0921,998,NORTH,2,5,7,3801,0,0,0,,0,003,"HEMLOCK ST","LARKIN ST",0.00,,Y,A,-,N,,,,,,,,,,,4,0,1,2,D,-,00,,,F,G,B,E,A,H,-,A,D,0,Y,,,,Y,,-,"- ",0,0,1,0,1,0,0,0,0,"- ","- ",,,"SAN FRANCISCO","SAN FRANCISCO",-122.41835784912109,37.787490844726562
8858021,2019,2019-05-21,3801,2019-04-26,1900,1166,SOUTH,5,5,7,3801,0,0,0,,0,3B13D,"7TH ST","KING ST",0.00,,Y,-,-,N,,,,,,,,,,N,3,0,1,2,A,-,08,22107,,N,C,G,A,A,G,-,A,D,0,,Y,,,Y,,L,04,0,1,0,0,0,0,1,0,0,"- ","- ",,,"SAN FRANCISCO","SAN FRANCISCO",-122.40081024169922,37.771141052246094
8858022,2019,2019-06-06,3801,2019-04-10,1030,2455,CENTR,3,5,7,3801,0,0,0,,0,3A4A,"VALENCIA ST","17TH ST",0.00,,Y,A,-,N,,,,,,,,,,N,4,0,1,2,C,-,18,,,N,E,G,A,-,-,-,A,-,0,,Y,,,Y,,-,"- ",0,0,1,0,0,0,1,0,0,"- ","- ",,,"SAN FRANCISCO","SAN FRANCISCO",-122.42173767089844,37.763298034667969
8858023,2019,2019-06-06,3801,2019-04-15,1150,1482,TENDE,1,5,7,3801,0,0,0,,0,3J14A,"ELLIS ST","LEAVENWORTH ST",191.00,E,N,A,-,N,,,,,,,,,,N,4,0,1,2,A,-,11,21955,,N,G,B,E,A,H,-,A,D,0,Y,,,,Y,,N,60,0,0,1,0,1,0,0,0,0,"- ","- ",,,"SAN FRANCISCO","SAN FRANCISCO",-122.41377258300781,37.784759521484375
8858025,2019,2019-06-13,3801,2019-04-26,0900,1147,SOUTH,5,5,7,3801,0,0,0,,0,3B2A,"10TH ST","MISSION ST",15.00,N,N,A,-,N,,,,,,,,,,N,3,0,1,2,C,-,18,,,N,H,G,A,A,H,-,A,A,0,,Y,,,Y,,-,"- ",0,1,0,0,0,0,1,0,0,"- ","- ",,,"SAN FRANCISCO","SAN FRANCISCO",-122.41594696044922,37.775310516357422
8858026,2019,2019-05-21,3801,2019-04-10,0829,1300,SOUTH,3,5,7,3801,0,0,0,,0,3B14B,"MARKET ST","OCTAVIA ST",0.00,,Y,A,-,N,,,,,,,,,,N,3,0,1,2,A,-,08,22101,D,N,D,G,A,A,H,-,A,A,0,,Y,,,Y,,A,01,0,1,0,0,0,0,1,0,0,"- ","- ",,,"SAN FRANCISCO","SAN FRANCISCO",-122.42359161376953,37.771778106689453
8858029,2019,2019-05-21,3801,2019-04-25,0730,317,SOUTH,4,5,7,3801,0,0,0,,0,SECTOR,"MARKET ST","ELGIN PARK",0.00,,Y,A,-,N,,,,,,,,,,N,3,0,1,2,A,-,08,22107,,N,D,G,A,A,H,-,A,D,0,,Y,,,Y,,A,07,0,1,0,0,0,0,1,0,0,"- ","- ",,,"SAN FRANCISCO","SAN FRANCISCO",-122.42381286621094,37.771598815917969
8858033,2019,2019-05-21,3801,2019-04-04,1718,637,SOUTH,4,5,7,3801,0,0,0,,0,3B12D,"5TH ST","BRYANT ST",129.00,S,N,A,-,N,,,,,,,,,,N,3,0,1,2,A,-,00,20001,A,F,G,B,F,A,H,-,A,D,0,Y,,,,Y,Y,D,22,0,1,0,0,1,0,0,0,0,"- ","- ",,,"SAN FRANCISCO","SAN FRANCISCO",-122.39997863769531,37.777549743652344
8858034,2019,2019-05-21,3801,2019-04-09,1827,189,NORTH,2,5,7,3801,0,0,0,,0,001,"PAGE ST","WEBSTER ST",0.00,,Y,A,-,N,,,,,,,,,,N,3,0,1,2,A,-,04,21703,,N,C,G,A,A,H,-,B,D,0,,Y,,,Y,,A,01,0,1,0,0,0,0,1,0,0,"- ","- ",,,"SAN FRANCISCO","SAN FRANCISCO",-122.42897033691406,37.773250579833984
8858041,2019,2019-05-21,3801,2019-04-04,1556,637,SOUTH,4,5,7,3801,0,0,0,,0,3B12D,"BRANNAN ST","5TH ST",0.00,,Y,A,-,N,,,,,,,,,,N,4,0,1,2,A,-,12,21453,A,N,D,G,A,A,H,-,A,A,0,,Y,,,Y,,L,04,0,0,1,0,0,0,1,0,0,"- ","- ",,,"SAN FRANCISCO","SAN FRANCISCO",-122.39875793457031,37.776569366455078
8858053,2019,2019-05-21,3801,2019-04-06,0816,829,MISSI,6,5,7,3801,0,0,0,,0,3D11A,"24TH ST","MISSION ST",0.00,,Y,B,-,N,,,,,,,,,,N,4,0,1,2,A,-,10,21950,A,F,G,B,B,B,H,-,A,A,0,Y,,,,Y,,A,01,0,0,1,0,1,0,0,0,0,"- ","- ",,,"SAN FRANCISCO","SAN FRANCISCO",-122.41848754882812,37.75225830078125
8858054,2019,2019-05-21,3801,2019-04-09,0726,2089,CENTR,2,5,7,3801,0,0,0,,0,004,"BAY ST","POWELL ST",0.00,,Y,A,-,N,,,,,,,,,,N,3,0,1,2,A,-,10,21950,A,F,G,B,B,A,H,-,B,A,0,Y,,,,Y,,A,01,0,1,0,0,1,0,0,0,0,"- ","- ",,,"SAN FRANCISCO","SAN FRANCISCO",-122.41194152832031,37.805839538574219
8858055,2019,2019-05-28,3801,2019-04-18,0842,998,NORTH,4,5,7,3801,0,0,0,,0,002,"DIVISADERO ST","EDDY ST",0.00,,Y,A,-,N,,,,,,,,,,N,3,0,1,2,A,-,12,21453,A,N,H,G,A,A,H,-,A,A,0,,Y,Y,,Y,,-,"- ",0,1,0,0,0,0,1,0,0,"- ","- ",,,"SAN FRANCISCO","SAN FRANCISCO",-122.43891143798828,37.78057861328125
8858058,2019,2019-05-29,3801,2019-04-08,2025,2209,MISSI,1,5,7,3801,0,0,0,,0,3D15D,"VALENCIA ST","23RD ST",0.00,,Y,C,-,N,,,,,,,,,,N,3,0,1,2,A,-,09,21453,B,N,D,G,A,B,H,-,C,A,0,,Y,,,Y,,A,01,0,1,0,0,0,0,1,0,0,"- ","- ",,,"SAN FRANCISCO","SAN FRANCISCO",-122.42080688476562,37.753700256347656
8858059,2019,2019-05-21,3801,2019-04-12,2010,2161,MISSI,5,5,7,3801,0,0,0,,0,3D61,"VALENCIA ST","21ST ST",0.00,,Y,F,-,N,,,,,,,,,,N,4,0,1,2,A,-,09,21801,A,N,G,G,A,-,G,-,-,A,0,,Y,,,Y,,A,01,0,0,1,0,0,0,1,0,0,"- ","- ",,,"SAN FRANCISCO","SAN FRANCISCO",-122.42109680175781,37.756908416748047
8858061,2019,2019-05-21,3801,2019-04-06,2210,875,CENTR,6,5,7,3801,0,0,0,,0,3A12E,"POST ST","POWELL ST",0.00,,Y,B,-,N,,,,,,,,,,,4,0,1,2,A,-,12,21453,A,N,A,B,B,A,H,-,C,A,0,Y,,,,Y,,A,07,0,0,1,0,1,0,0,0,0,"- ","- ",,,"SAN FRANCISCO","SAN FRANCISCO",-122.40840148925781,37.788288116455078
8858065,2019,2019-05-21,3801,2019-04-06,2056,898,SOUTH,6,5,7,3801,0,0,0,,0,0B4,"MARKET ST","LAGUNA ST",0.00,,Y,A,-,N,,,,,,,,,,N,3,0,1,2,A,-,09,21801,A,N,G,B,A,A,H,-,C,A,0,,,Y,,Y,,A,01,0,1,0,0,0,0,0,0,1,"- ","- ",,,"SAN FRANCISCO","SAN FRANCISCO",-122.42485809326172,37.770748138427734
8858066,2019,2019-05-21,3801,2019-04-08,1827,310,TENDE,1,5,7,3801,0,0,0,,0,3J51C,"7TH ST","MARKET ST",0.00,,Y,B,C,N,,,,,,,,,,N,3,0,1,2,A,-,08,22100,B,N,B,G,A,B,H,-,B,A,0,,Y,,,Y,,L,04,0,1,0,0,0,0,1,0,0,"- ","- ",,,"SAN FRANCISCO","SAN FRANCISCO",-122.41250610351562,37.780479431152344
8858070,2019,2019-05-21,3801,2019-04-08,1747,1490,SOUTH,1,5,7,3801,0,0,0,,0,3B12D,"EMBARCADERO ST","HOWARD ST",176.00,S,N,B,C,N,,,,,,,,,,N,4,0,1,2,A,-,21,22106,,N,B,G,A,B,H,-,A,A,0,,Y,,,Y,,A,01,0,0,1,0,0,0,1,0,0,"- ","- ",,,"SAN FRANCISCO","SAN FRANCISCO",-122.39063262939453,37.792091369628906
8858073,2019,2019-07-17,3801,2019-04-07,0203,1240,MISSI,7,5,7,3801,0,0,0,,0,3D11E,"COLLINGWOOD ST","18TH ST",0.00,,Y,A,-,N,,,,,,,,,,Y,2,0,5,4,A,-,08,22100,A,F,G,B,E,A,H,-,C,A,0,Y,,,,Y,,A,01,1,0,4,0,1,0,0,0,0,"- ","- ",,,"SAN FRANCISCO","SAN FRANCISCO",-122.43609619140625,37.760818481445312
8858074,2019,2019-05-21,3801,2019-04-08,1722,32,NORTH,1,5,7,3801,0,0,0,,0,004,BROADWAY,"BUCHANAN ST",187.00,E,N,C,-,N,,,,,,,,,,N,4,0,1,2,A,-,03,22350,,F,C,G,A,B,H,-,A,D,0,,Y,,,Y,,A,01,0,0,1,0,0,0,1,0,0,"- ","- ",,,"SAN FRANCISCO","SAN FRANCISCO",-122.43096923828125,37.794761657714844
8858075,2019,2019-05-21,3801,2019-04-02,2341,4212,PARK,2,5,7,3801,0,0,0,,0,,"HAIGHT ST","MASONIC ST",0.00,,Y,A,-,N,,,,,,,,,,N,4,0,1,2,A,-,11,21453,D,N,G,B,B,B,-,-,C,A,0,Y,,,,Y,,N,60,0,0,1,0,1,0,0,0,0,"- ","- ",,,"SAN FRANCISCO","SAN FRANCISCO",-122.44535064697266,37.770210266113281
8858077,2019,2019-05-21,3801,2019-04-06,2100,1033,TARAV,6,5,7,3801,0,0,0,,0,3I13E,"46TH AV","TARAVAL ST",0.00,,Y,A,-,N,,,,,,,,,,N,3,0,1,2,A,-,06,21751,,N,B,G,A,A,H,-,D,D,0,,Y,,,Y,,L,04,0,1,0,0,0,0,1,0,0,"- ","- ",,,"SAN FRANCISCO","SAN FRANCISCO",-122.50463104248047,37.741771697998047
8858079,2019,2019-05-21,3801,2019-04-02,2102,1817,CENTR,2,5,7,3801,0,0,0,,0,3A61,"JONES ST","BUSH ST",0.00,,Y,A,-,N,,,,,,,,,,N,4,0,1,2,A,-,10,21950,A,N,G,B,B,B,H,-,D,A,0,Y,,,,Y,,A,01,0,0,1,0,1,0,0,0,0,"- ","- ",,,"SAN FRANCISCO","SAN FRANCISCO",-122.41371154785156,37.78955078125
8858126,2019,2019-05-24,3801,2019-04-07,1851,1544,CENTR,7,5,7,3801,0,0,0,,0,3A4,"THE EMBARCADERO NORTH","BAY ST",158.00,S,N,A,-,N,,,,,,,,,,N,4,0,1,2,A,-,17,22517,,N,B,G,A,A,H,-,A,D,0,,Y,,,Y,,A,01,0,0,1,0,0,0,1,0,0,"- ","- ",,,"SAN FRANCISCO","SAN FRANCISCO",-122.40550231933594,37.806400299072266
8858130,2019,2019-05-24,3801,2019-04-07,1723,4187,MISSI,7,5,7,3801,0,0,0,,0,3D15D,"VALENCIA ST","14TH ST",9.00,N,N,A,-,N,,,,,,,,,,N,4,0,1,2,A,-,12,21453,A,N,G,B,B,A,H,-,A,A,0,Y,Y,,,Y,,L,04,0,0,1,0,1,0,0,0,0,"- ","- ",,,"SAN FRANCISCO","SAN FRANCISCO",-122.42218017578125,37.768173217773438
8858146,2019,2019-05-24,3801,2019-04-05,1935,1909,NORTH,5,5,7,3801,0,0,0,,0,,"OAK ST","SCOTT ST",75.00,W,N,A,-,N,,,,,,,,,,N,2,0,1,2,A,-,07,21658,A,N,D,G,A,A,H,-,B,D,0,,Y,,,Y,,A,01,1,0,0,0,0,0,1,0,0,"- ","- ",,,"SAN FRANCISCO","SAN FRANCISCO",-122.43602752685547,37.773300170898438
8858150,2019,2019-05-24,3801,2019-04-05,1800,1544,CEBTR,5,5,7,3801,0,0,0,,0,3A2,"KEARNY ST","GEARY ST",0.00,,Y,A,-,N,,,,,,,,,,N,4,0,1,2,A,-,03,22350,A,N,C,G,A,A,H,-,A,A,0,,Y,,,Y,,L,04,0,0,1,0,0,0,1,0,0,"- ","- ",,,"SAN FRANCISCO","SAN FRANCISCO",-122.40351104736328,37.787948608398438
8858221,2019,2019-05-22,3801,2019-04-01,1926,524,SOUTH,1,5,7,3801,0,0,0,,0,3B1D,"RUSS ST","NATOMA ST",0.00,,Y,A,-,N,,,,,,,,,,N,4,0,1,2,A,-,12,22450,A,N,D,G,A,A,H,-,B,A,0,,Y,,,Y,,L,04,0,0,1,0,0,0,1,0,0,"- ","- ",,,"SAN FRANCISCO","SAN FRANCISCO",-122.40879058837891,37.779300689697266
8862403,2019,2019-08-26,3801,2019-04-14,1223,1917,TARAV,7,5,7,3801,0,0,0,,0,3I16A,"SKYLINE BL","GREAT HWY",0.00,,Y,A,-,Y,SF,4,35,-,-,1.260,I,5,S,N,4,0,1,2,A,-,09,21802,A,N,D,G,A,A,H,-,A,A,0,,Y,,,Y,,D,22,0,0,1,0,0,0,1,0,0,"- ","- ",,,"SAN FRANCISCO","SAN FRANCISCO",-122.50309753417969,37.725269317626953
8862430,2019,2019-05-23,3801,2019-04-11,1430,1149,CENTR,4,5,7,3801,0,0,0,,0,3A13A,"MASON ST","BEACH ST",0.00,,Y,A,-,N,,,,,,,,,,N,3,0,1,2,A,-,11,21954,A,N,G,B,D,A,H,-,A,A,0,Y,,,,Y,,N,60,0,1,0,0,1,0,0,0,0,"- ","- ",,,"SAN FRANCISCO","SAN FRANCISCO",-122.41397857666016,37.807491302490234
8862439,2019,2019-05-28,3801,2019-04-15,1653,2078,MISSI,1,5,7,3801,0,0,0,,0,3D5D,"MISSION ST","14TH ST",0.00,,Y,B,C,N,,,,,,,,,,N,4,0,1,2,A,-,05,21202,A,N,B,G,A,B,H,-,A,A,0,,Y,,,Y,,L,04,0,0,1,0,0,0,1,0,0,"- ","- ",,,"SAN FRANCISCO","SAN FRANCISCO",-122.41996765136719,37.768291473388672
8862451,2019,2019-05-24,3801,2019-04-19,1128,1371,SOUTH,5,5,7,3801,0,0,0,,0,3B13A,"6TH ST","BRYANT ST",0.00,,Y,A,-,N,,,,,,,,,,N,3,0,1,2,A,-,10,21950,A,N,G,B,B,A,H,-,A,A,0,Y,,,,Y,,D,22,0,1,0,0,1,0,0,0,0,"- ","- ",,,"SAN FRANCISCO","SAN FRANCISCO",-122.40249633789062,37.776058197021484
8862459,2019,2019-06-04,3801,2019-04-24,0742,2279,BAYVI,3,5,7,3801,0,0,0,,0,0C5,"HAWES ST","INGERSON AV",65.00,S,N,A,-,N,,,,,,,,,,N,3,0,1,3,-,-,"- ",,,N,G,B,F,A,H,-,A,D,0,Y,,,,Y,,-,"- ",0,1,0,0,1,0,0,0,0,"- ","- ",,,"SAN FRANCISCO","SAN FRANCISCO",-122.39125061035156,37.717891693115234
8863565,2019,2019-05-22,3801,2019-04-20,1133,1620,BAYVI,6,5,7,3801,0,0,0,,0,3C11A,"PALOU AV","BARNEVELD ST",390.00,E,N,A,-,N,,,,,,,,,,Y,3,0,1,2,A,-,11,21954,A,F,D,G,A,A,H,-,A,D,0,,Y,,,Y,,L,04,0,1,0,0,0,0,1,0,0,"- ","- ",,,"SAN FRANCISCO","SAN FRANCISCO",-122.40249633789062,37.7408447265625
8863593,2019,2019-05-22,3801,2019-04-12,2205,4300,NORTH,5,5,7,3801,0,0,0,,0,3E5E,"UNION ST","OCTAVIA ST",150.00,W,N,A,-,N,,,,,,,,,,N,4,0,1,2,A,-,11,21955,,N,G,B,D,A,H,-,C,D,0,Y,,,,Y,Y,N,60,0,0,1,0,1,0,0,0,0,"- ","- ",,,"SAN FRANCISCO","SAN FRANCISCO",-122.42941284179688,37.797863006591797
8867627,2019,2019-06-19,3801,2019-04-16,1910,4040,CENTR,2,5,7,3801,0,0,0,,0,3A15D,"2ND ST","MARKET ST",42.00,S,N,A,-,N,,,,,,,,,,N,3,0,1,2,A,-,08,22100,A,N,A,G,A,A,H,-,B,A,0,,Y,Y,,Y,,L,04,0,1,0,0,0,0,1,0,0,"- ","- ",,,"SAN FRANCISCO","SAN FRANCISCO",-122.40129852294922,37.789157867431641
8874731,2019,2019-06-19,3801,2019-05-18,1111,1478,NORTH,6,5,7,3801,0,0,0,,0,0E5,"LAGUNA ST","VALLEJO ST",0.00,,Y,C,-,N,,,,,,,,,,N,3,0,1,2,A,-,09,21804,A,N,D,G,A,B,H,-,A,A,0,,Y,,,Y,,A,01,0,1,0,0,0,0,1,0,0,"- ","- ",,,"SAN FRANCISCO","SAN FRANCISCO",-122.43016052246094,37.795848846435547
8874743,2019,2019-06-18,3801,2019-05-18,1200,1909,NORTH,6,5,7,3801,0,0,0,,0,,"FRANKLIN ST","OAK ST",6.00,N,N,C,-,N,,,,,,,,,,N,4,0,1,2,A,-,11,21106,B,N,G,B,D,B,-,-,A,A,0,Y,,,,Y,,N,60,0,0,1,0,1,0,0,0,0,"- ","- ",,,"SAN FRANCISCO","SAN FRANCISCO",-122.42095184326172,37.775226593017578
8875583,2019,2019-06-26,3801,2019-05-15,1811,1352,TENDE,3,5,7,3801,0,0,0,,0,3J11D,"ELLIS ST","CYRIL MAGNIN ST",0.00,,Y,B,C,N,,,,,,,,,,N,3,0,1,2,A,-,11,21461,5,N,A,B,D,B,H,-,A,D,0,Y,,,,Y,Y,N,60,0,1,0,0,1,0,0,0,0,"- ","- ",,,"SAN FRANCISCO","SAN FRANCISCO",-122.40866088867188,37.785430908203125
8875591,2019,2019-06-26,3801,2019-05-28,2147,555,MISSI,2,5,7,3801,0,0,0,,0,3D11E,"CASTRO ST","MARKET ST",0.00,,Y,A,-,N,,,,,,,,,,Y,4,0,1,2,A,-,10,21950,A,F,B,B,B,A,H,-,C,A,0,Y,,,,Y,,A,01,0,0,1,0,1,0,0,0,0,"- ","- ",,,"SAN FRANCISCO","SAN FRANCISCO",-122.43515777587891,37.762638092041016
8875595,2019,2019-06-25,3801,2019-05-03,0655,2376,SOUTH,5,5,7,3801,0,0,0,,0,3B2A,"2ND ST","TOWNSEND ST",0.00,,Y,A,-,N,,,,,,,,,,,4,0,1,2,A,-,04,21703,,N,C,G,A,A,H,-,B,A,0,,Y,,,Y,,-,"- ",0,0,1,0,0,0,1,0,0,"- ","- ",,,"SAN FRANCISCO","SAN FRANCISCO",-122.39051818847656,37.780620574951172
8877905,2019,2019-06-24,3801,2019-04-15,0846,1493,TRAFF,1,5,7,3801,0,0,0,,0,4B5E,"SAN JOSE AV",SENECA,10.00,N,N,A,-,N,,,,,,,,,,Y,2,0,1,2,A,-,10,21950,A,N,D,B,B,-,H,-,A,A,0,Y,,,Y,Y,,F,24,1,0,0,0,1,0,0,0,0,"- ","- ",,,"SAN FRANCISCO","SAN FRANCISCO",-122.44583129882812,37.721664428710938
8878165,2019,2019-06-26,3801,2019-05-14,0830,1810,MISSI,2,5,7,3801,0,0,0,,0,3D14D,"24TH ST","HARRISON ST",0.00,,Y,A,-,N,,,,,,,,,,N,2,0,1,2,A,-,08,22107,,N,B,G,A,A,H,-,A,A,0,,Y,,Y,Y,,F,26,1,0,0,0,0,0,1,0,0,"- ","- ",,,"SAN FRANCISCO","SAN FRANCISCO",-122.41188812255859,37.752651214599609
8878178,2019,2019-06-26,3801,2019-05-21,1228,1706,NORTH,2,5,7,3801,0,0,0,,0,3E13A,"BUSH ST","FRANKLIN ST",0.00,,Y,A,-,N,,,,,,,,,,N,4,0,1,2,A,-,10,21950,A,N,G,B,B,A,H,-,A,A,0,Y,,,,Y,,I,11,0,0,1,0,1,0,0,0,0,"- ","- ",,,"SAN FRANCISCO","SAN FRANCISCO",-122.42357635498047,37.788280487060547
8878186,2019,2019-07-24,3801,2019-05-14,0813,2266,INGLE,2,5,7,3801,0,0,0,,0,3H16A,"MISSION ST","SANTA ROSA AV",128.00,S,N,B,-,N,,,,,,,,,,N,4,0,1,2,A,-,08,22102,,N,D,G,A,A,H,-,A,D,0,,Y,,,Y,,A,08,0,0,1,0,0,0,1,0,0,"- ","- ",,,"SAN FRANCISCO","SAN FRANCISCO",-122.43423461914062,37.725456237792969
8878194,2019,2019-06-24,3801,2019-05-03,1500,1447,TENDE,5,5,7,3801,0,0,0,,0,3J11D,"MARKET ST","10TH ST",0.00,,Y,A,-,N,,,,,,,,,,N,3,0,1,2,A,-,08,22107,,N,H,G,A,A,H,-,A,A,0,,Y,,,Y,,L,04,0,1,0,0,0,0,1,0,0,"- ","- ",,,"SAN FRANCISCO","SAN FRANCISCO",-122.41752624511719,37.776531219482422