CASE_ID,ACCIDENT_YEAR,PROC_DATE,JURIS,COLLISION_DATE,COLLISION_TIME,OFFICER_ID,REPORTING_DISTRICT,DAY_OF_WEEK,CHP_SHIFT,POPULATION,CNTY_CITY_LOC,SPECIAL_COND,BEAT_TYPE,CHP_BEAT_TYPE,CITY_DIVISION_LAPD,CHP_BEAT_CLASS,BEAT_NUMBER,PRIMARY_RD,SECONDARY_RD,DISTANCE,DIRECTION,INTERSECTION,WEATHER_1,WEATHER_2,STATE_HWY_IND,CALTRANS_COUNTY,CALTRANS_DISTRICT,STATE_ROUTE,ROUTE_SUFFIX,POSTMILE_PREFIX,POSTMILE,LOCATION_TYPE,RAMP_INTERSECTION,SIDE_OF_HWY,TOW_AWAY,COLLISION_SEVERITY,NUMBER_KILLED,NUMBER_INJURED,PARTY_COUNT,PRIMARY_COLL_FACTOR,PCF_CODE_OF_VIOL,PCF_VIOL_CATEGORY,PCF_VIOLATION,PCF_VIOL_SUBSECTION,HIT_AND_RUN,TYPE_OF_COLLISION,MVIW,PED_ACTION,ROAD_SURFACE,ROAD_COND_1,ROAD_COND_2,LIGHTING,CONTROL_DEVICE,CHP_ROAD_TYPE,PEDESTRIAN_ACCIDENT,BICYCLE_ACCIDENT,MOTORCYCLE_ACCIDENT,TRUCK_ACCIDENT,NOT_PRIVATE_PROPERTY,ALCOHOL_INVOLVED,STWD_VEHTYPE_AT_FAULT,CHP_VEHTYPE_AT_FAULT,COUNT_SEVERE_INJ,COUNT_VISIBLE_INJ,COUNT_COMPLAINT_PAIN,COUNT_PED_KILLED,COUNT_PED_INJURED,COUNT_BICYCLIST_KILLED,COUNT_BICYCLIST_INJURED,COUNT_MC_KILLED,COUNT_MC_INJURED,PRIMARY_RAMP,SECONDARY_RAMP,LATITUDE,LONGITUDE,COUNTY,CITY,POINT_X,POINT_Y
8878693,2019,2019-06-19,3801,2019-05-23,0808,1217,PARK,4,5,7,3801,0,0,0,,0,3F13A,"OAK ST","BAKER ST",0.00,,Y,A,-,N,,,,,,,,,,N,3,0,1,2,A,-,08,22107,,F,D,G,A,A,H,-,A,A,0,,Y,,,Y,,A,01,0,1,0,0,0,0,1,0,0,"- ","- ",,,"SAN FRANCISCO","SAN FRANCISCO",-122.44075775146484,37.772701263427734
8878694,2019,2019-06-19,3801,2019-05-11,1611,2239,INGLE,6,5,7,3801,0,0,0,,0,3H11C,"CORTLAND AV","MISSION ST",63.00,E,N,A,-,N,,,,,,,,,,N,3,0,1,2,A,-,09,21804,,N,D,G,A,A,H,-,A,D,0,,Y,,,Y,,-,,0,1,0,0,0,0,1,0,0,"- ","- ",,,"SAN FRANCISCO","SAN FRANCISCO",-122.42264556884766,37.740936279296875
8878695,2019,2019-06-19,3801,2019-05-30,0200,1375,MISSI,4,5,7,3801,0,0,0,,0,3D15E,"17TH ST","CAPP ST",0.00,,Y,B,-,N,,,,,,,,,,N,4,0,1,2,A,-,11,21954,A,F,G,B,D,A,H,-,C,D,0,Y,,,,Y,,N,60,0,0,1,0,1,0,0,0,0,"- ","- ",,,"SAN FRANCISCO","SAN FRANCISCO",-122.41853332519531,37.763481140136719
8878698,2019,2019-06-19,3801,2019-05-11,0937,50,TENDE,6,5,7,3801,0,0,0,,0,003,"HYDE ST","GOLDEN GATE AV",0.00,,Y,A,-,N,,,,,,,,,,N,4,0,1,2,A,-,10,21950,A,F,G,B,B,A,H,-,A,A,0,Y,,,,Y,,A,01,0,0,1,0,1,0,0,0,0,"- ","- ",,,"SAN FRANCISCO","SAN FRANCISCO",-122.41549682617188,37.781650543212891
8878700,2019,2019-06-19,3801,2019-05-05,2225,1679,MISSI,7,5,7,3801,0,0,0,,0,3614E,"MISSION ST","23RD ST",256.00,S,N,A,-,N,,,,,,,,,,N,3,0,1,2,A,-,21,22106,,N,G,B,F,A,H,-,C,A,0,Y,,,,Y,,A,01,0,1,0,0,1,0,0,0,0,"- ","- ",,,"SAN FRANCISCO","SAN FRANCISCO",-122.41854858398438,37.753128051757812
8878710,2019,2019-06-19,3801,2019-05-10,2137,77,BAYVI,5,5,7,3801,0,0,0,,0,3C13E,"OSCEOLA LN","LA SALLE AV",195.00,W,N,A,-,N,,,,,,,,,,N,3,0,1,2,A,-,11,21954,A,N,G,B,D,A,H,-,C,A,0,Y,,,,Y,,N,60,0,1,0,0,1,0,0,0,0,"- ","- ",,,"SAN FRANCISCO","SAN FRANCISCO",-122.38362121582031,37.732006072998047
8878712,2019,2019-06-19,3801,2019-05-02,2129,2707,TARAV,4,5,7,3801,0,0,0,,0,"6 CAR","GRAFTON AV","MIRAMAR AV",0.00,,Y,A,-,N,,,,,,,,,,N,3,0,1,2,A,-,11,21954,A,N,G,B,E,A,H,-,D,D,0,Y,,,,Y,Y,N,60,0,1,0,0,1,0,0,0,0,"- ","- ",,,"SAN FRANCISCO","SAN FRANCISCO",-122.45818328857422,37.720020294189453
8878714,2019,2019-06-19,3801,2019-05-10,2105,1376,CENTR,5,5,7,3801,0,0,0,,0,3A12E,"SACRAMENTO ST","STOCKTON ST",0.00,,Y,A,-,N,,,,,,,,,,N,4,0,1,2,A,-,11,21456,C,N,G,B,B,A,H,-,C,A,0,Y,,,,Y,,N,60,0,0,1,0,1,0,0,0,0,"- ","- ",,,"SAN FRANCISCO","SAN FRANCISCO",-122.40769958496094,37.793190002441406
8878715,2019,2019-06-18,3801,2019-05-10,1655,1968,TENDE,5,5,7,3801,0,0,0,,0,3J12D,"LEAVENWORTH ST","TURK ST",60.00,N,N,A,-,N,,,,,,,,,,N,4,0,1,2,A,-,11,21955,,N,G,B,D,A,H,-,A,-,0,Y,,,,Y,,N,60,0,0,1,0,1,0,0,0,0,"- ","- ",,,"SAN FRANCISCO","SAN FRANCISCO",-122.41407775878906,37.782962799072266
8878717,2019,2019-06-19,3801,2019-05-18,2034,1378,SOUTH,6,5,7,3801,0,0,0,,0,3B13D,"EMBARCADERO SOUTH ST","HOWARD ST",0.00,,Y,B,C,N,,,,,,,,,,N,4,0,1,2,D,-,00,,,F,G,B,B,B,H,-,B,A,0,Y,,,,Y,,-,"- ",0,0,1,0,1,0,0,0,0,"- ","- ",,,"SAN FRANCISCO","SAN FRANCISCO",,
8878894,2019,2019-06-21,3801,2019-04-20,1900,582,CENTR,6,5,7,3801,0,0,0,,0,3A11D,"POWELL ST","POST ST",0.00,,Y,A,-,N,,,,,,,,,,N,3,0,1,2,A,-,17,22517,,F,B,G,A,A,H,-,A,D,0,,Y,,,Y,,-,,0,1,0,0,0,0,1,0,0,"- ","- ",,,"SAN FRANCISCO","SAN FRANCISCO",-122.40840148925781,37.788288116455078
8878914,2019,2019-06-20,3801,2019-04-30,1615,399,PARK,2,5,7,3801,0,0,0,,0,"3 BEAT","STANYAN ST","WALLER ST",0.00,,Y,A,-,N,,,,,,,,,,N,3,0,1,2,A,-,09,21801,A,N,H,G,A,A,H,-,A,A,0,,Y,,,Y,,A,01,0,1,0,0,0,0,1,0,0,"- ","- ",,,"SAN FRANCISCO","SAN FRANCISCO",-122.45334625244141,37.76824951171875
8879031,2019,2019-06-20,3801,2019-05-17,2236,4300,NORTH,5,5,7,3801,0,0,0,,0,3E12E,"DIVISADERO ST","HAYES ST",90.00,N,N,A,-,N,,,,,,,,,,N,4,0,1,2,A,-,11,21955,,N,G,B,D,A,H,-,C,D,0,Y,,,,Y,Y,N,60,0,0,1,0,1,0,0,0,0,"- ","- ",,,"SAN FRANCISCO","SAN FRANCISCO",-122.43784332275391,37.775222778320312
8879109,2019,2019-06-21,3801,2019-05-17,2105,400,INGLE,5,5,7,3801,0,0,0,,0,3H11D,"CONGO ST","MANGELS AV",0.00,,Y,A,-,N,,,,,,,,,,N,4,0,1,2,A,-,11,21954,A,N,G,B,E,A,H,-,C,A,0,Y,,,,Y,,N,60,0,0,1,0,1,0,0,0,0,"- ","- ",,,"SAN FRANCISCO","SAN FRANCISCO",-122.44203186035156,37.733081817626953
8879291,2019,2019-06-21,3801,2019-05-28,1712,1851,NORTH,2,5,7,3801,0,0,0,,0,3E6D,"POLK ST","POLK ST 1958",0.00,,-,A,-,N,,,,,,,,,,N,4,0,1,2,A,-,05,21460,A,F,D,G,A,A,H,-,A,D,0,,Y,,,Y,,-,,0,0,1,0,0,0,1,0,0,"- ","- ",,,"SAN FRANCISCO","SAN FRANCISCO",,
8879295,2019,2019-06-21,3801,2019-05-28,1628,1702,TARAV,2,5,7,3801,0,0,0,,0,3I13D,"SLOAT BL","34TH AV",0.00,,Y,A,-,N,,,,,,,,,,N,3,0,1,2,A,-,10,21950,A,N,G,B,B,A,H,-,A,A,0,Y,,,,Y,,A,01,0,1,0,0,1,0,0,0,0,"- ","- ",,,"SAN FRANCISCO","SAN FRANCISCO",-122.49124908447266,37.734130859375
8879299,2019,2019-06-21,3801,2019-05-28,1605,2352,NORTH,2,5,7,3801,0,0,0,,0,NORTHE,"BUSH ST","POLK ST",0.00,,Y,A,-,N,,,,,,,,,,N,4,0,1,2,A,-,08,22107,,N,B,G,A,A,H,-,A,A,0,,Y,,,Y,,L,04,0,0,1,0,0,0,1,0,0,"- ","- ",,,"SAN FRANCISCO","SAN FRANCISCO",-122.42030334472656,37.788688659667969
8879303,2019,2019-06-21,3801,2019-05-24,1915,182,BAYVI,5,5,7,3801,0,0,0,,0,3C11D,"KANSAS ST","MARIN ST",98.00,N,N,A,-,N,,,,,,,,,,N,4,0,1,2,A,-,03,22350,,F,B,B,D,A,H,-,A,D,0,Y,,,,Y,,A,01,0,0,1,0,1,0,0,0,0,"- ","- ",,,"SAN FRANCISCO","SAN FRANCISCO",-122.40200805664062,37.748519897460938
8879847,2019,2019-06-18,3801,2019-05-19,1107,4358,BAYVI,7,5,7,3801,0,0,0,,0,005,"REVERE AV","HAWES ST",15.00,S,N,B,-,N,,,,,,,,,,N,3,0,1,2,A,-,03,22350,,F,G,B,B,B,H,-,A,A,0,Y,,,,Y,Y,A,01,0,1,0,0,1,0,0,0,0,"- ","- ",,,"SAN FRANCISCO","SAN FRANCISCO",-122.38264465332031,37.727386474609375
8891293,2019,2019-10-29,3801,2019-09-27,1724,1194,SOUTH,5,5,7,3801,0,0,0,,0,3B14D,"MISSION ST","6TH ST",27.00,W,N,A,-,N,,,,,,,,,,N,3,0,1,2,A,-,07,21658,A,N,B,G,A,A,H,-,A,A,0,,Y,,,Y,,-,"- ",0,1,0,0,0,0,1,0,0,"- ","- ",,,"SAN FRANCISCO","SAN FRANCISCO",-122.40875244140625,37.780925750732422
8891297,2019,2019-10-29,3801,2019-09-27,1359,1454,MISSI,5,5,7,3801,0,0,0,,0,3D45C,"16TH ST","RONDEL PL",0.00,,Y,A,-,N,,,,,,,,,,N,4,0,1,2,A,-,21,22106,,N,G,B,F,A,H,-,A,D,0,Y,,,,Y,,A,01,0,0,1,0,1,0,0,0,0,"- ","- ",,,"SAN FRANCISCO","SAN FRANCISCO",-122.42124176025391,37.764949798583984
8891313,2019,2019-10-29,3801,2019-09-26,2010,643,TARVA,4,5,7,3801,0,0,0,,0,3I11D,"JULES AV","OCEAN AV",0.00,,Y,A,-,N,,,,,,,,,,N,3,0,1,2,A,-,10,21950,A,N,G,B,B,A,H,-,C,A,0,Y,,,,Y,,A,01,0,1,0,0,1,0,0,0,0,"- ","- ",,,"SAN FRANCISCO","SAN FRANCISCO",-122.46122741699219,37.724948883056641
8891319,2019,2019-10-24,3801,2019-09-06,0905,552,SOUTH,5,5,7,3801,0,0,0,,0,03B,"BERRY ST","4TH ST",65.00,E,N,A,-,N,,,,,,,,,,N,4,0,1,2,D,-,00,,,N,D,G,A,A,H,-,A,D,0,,Y,,,Y,,-,"- ",0,0,1,0,0,0,1,0,0,"- ","- ",,,"SAN FRANCISCO","SAN FRANCISCO",-122.39318084716797,37.775905609130859
8891329,2019,2019-10-29,3801,2019-09-29,0757,1310,SOUTH,7,5,7,3801,0,0,0,,0,3B12A,"CLARA ST","4TH ST",0.00,,Y,A,-,N,,,,,,,,,,N,4,0,1,2,A,-,10,21950,A,F,G,B,B,A,A,-,B,A,0,Y,,,,Y,Y,A,01,0,0,1,0,1,0,0,0,0,"- ","- ",,,"SAN FRANCISCO","SAN FRANCISCO",-122.400146484375,37.781200408935547
8891337,2019,2019-10-29,3801,2019-09-28,1733,209,NORTH,6,5,7,3801,0,0,0,,0,,"FILLMORE ST","TURK ST",0.00,,Y,A,-,N,,,,,,,,,,N,2,0,1,2,A,-,10,21950,A,N,G,B,B,A,H,-,A,A,0,Y,,,,Y,,A,07,1,0,0,0,1,0,0,0,0,"- ","- ",,,"SAN FRANCISCO","SAN FRANCISCO",-122.43212890625,37.780490875244141
8891862,2019,2019-10-25,3801,2019-09-20,2121,1851,NORTH,5,5,7,3801,0,0,0,,0,3E13E,"VAN NESS AV","GROVE ST",0.00,,Y,A,-,N,,,,,,,,,,N,4,0,1,2,A,-,11,21453,D,N,E,B,B,A,H,-,C,A,0,Y,,,,Y,,N,60,0,0,1,0,1,0,0,0,0,"- ","- ",,,"SAN FRANCISCO","SAN FRANCISCO",-122.41996002197266,37.778251647949219
8891870,2019,2019-10-25,3801,2019-09-19,1009,1557,SOUTH,4,5,7,3801,0,0,0,,0,3B15A,"7TH ST","NATOMA ST",0.00,,Y,A,-,N,,,,,,,,,,N,4,0,1,2,C,-,18,,,N,G,B,E,A,H,-,A,D,0,Y,,,,Y,,-,"- ",0,0,1,0,1,0,0,0,0,"- ","- ",,,"SAN FRANCISCO","SAN FRANCISCO",-122.40989685058594,37.778400421142578
8891873,2019,2019-10-28,3801,2019-09-24,1636,1402,TENDE,2,5,7,3801,0,0,0,,0,3J55C,"CHARLES J BRENHAM PL","MCALLISTER ST",0.00,,Y,A,-,N,,,,,,,,,,Y,3,0,1,2,A,-,17,22517,,N,B,G,A,A,H,-,A,A,0,,Y,,,Y,,-,,0,1,0,0,0,0,1,0,0,"- ","- ",,,"SAN FRANCISCO","SAN FRANCISCO",-122.41309356689453,37.780998229980469
8891886,2019,2019-10-25,3801,2019-09-25,1950,1836,TARAV,3,5,7,3801,0,0,0,,0,3I15D,"PACHECO ST","30TH AV",0.00,,Y,A,-,N,,,,,,,,,,N,4,0,1,2,A,-,10,21950,A,N,G,B,B,A,H,-,C,A,0,Y,,,,Y,,A,01,0,0,1,0,1,0,0,0,0,"- ","- ",,,"SAN FRANCISCO","SAN FRANCISCO",-122.48800659179688,37.749988555908203
8891889,2019,2019-10-28,3801,2019-09-23,1530,1389,MISSI,1,5,7,3801,0,0,0,,0,3D13D,"SOUTH VAN NESS AV","20TH ST",0.00,,Y,A,-,N,,,,,,,,,,N,3,0,1,2,A,-,10,21950,A,F,G,B,B,A,H,-,A,A,0,Y,,,,Y,,A,01,0,1,0,0,1,0,0,0,0,"- ","- ",,,"SAN FRANCISCO","SAN FRANCISCO",-122.41690826416016,37.758758544921875
8891890,2019,2019-10-25,3801,2019-09-25,1927,1062,TARAV,3,5,7,3801,0,0,0,,0,3I13D,"LAKE MERCED BL","BROTHERHOOD WY",100.00,N,N,A,-,N,,,,,,,,,,N,4,0,1,2,A,-,08,22107,,N,B,G,A,A,H,-,C,A,0,,Y,,,Y,,A,01,0,0,1,0,0,0,1,0,0,"- ","- ",,,"SAN FRANCISCO","SAN FRANCISCO",-122.48519897460938,37.714664459228516
8891893,2019,2019-10-28,3801,2019-09-23,1916,2705,BAYVI,1,5,7,3801,0,0,0,,0,3C11D,"26TH ST","WISCONSIN ST",42.00,S,N,A,-,N,,,,,,,,,,N,2,0,1,1,A,-,15,21201,A,N,E,G,A,A,H,-,A,D,0,,Y,,,Y,,L,04,1,0,0,0,0,0,1,0,0,"- ","- ",,,"SAN FRANCISCO","SAN FRANCISCO",-122.39846801757812,37.751056671142578
8891894,2019,2019-10-25,3801,2019-09-25,1902,32,NORTH,3,5,7,3801,0,0,0,,0,"2 CAR","MCCALLISTER ST","WEBSTER ST",141.00,W,N,A,-,N,,,,,,,,,,N,3,0,1,2,A,-,11,21954,A,N,G,B,D,A,H,-,A,D,0,Y,,,,Y,,N,60,0,1,0,0,1,0,0,0,0,"- ","- ",,,"SAN FRANCISCO","SAN FRANCISCO",-122.43059539794922,37.778778076171875
8891897,2019,2019-10-28,3801,2019-09-23,1841,1736,CENTR,1,5,7,3801,0,0,0,,0,3A13D,"PACIFIC AV","LEAVENWORTH ST",160.00,W,N,A,-,N,,,,,,,,,,N,4,0,1,2,D,-,00,,,N,G,B,D,A,-,-,A,A,0,Y,,,,Y,,-,"- ",0,0,1,0,1,0,0,0,0,"- ","- ",,,"SAN FRANCISCO","SAN FRANCISCO",-122.41718292236328,37.795608520507812
8891906,2019,2019-10-25,3801,2019-09-25,1702,892,SOUTH,3,5,7,3801,0,0,0,,0,3B14D,"MCCOPPIN ST","VALENCIA ST",122.00,E,N,A,-,N,,,,,,,,,,N,3,0,1,2,D,-,00,,,N,B,G,A,A,H,-,A,A,0,,Y,,,Y,,-,"- ",0,1,0,0,0,0,1,0,0,"- ","- ",,,"SAN FRANCISCO","SAN FRANCISCO",-122.42211151123047,37.771617889404297
8891914,2019,2019-10-25,3801,2019-09-25,1221,1917,TARAV,3,5,7,3801,0,0,0,,0,3I3A,"19TH AV","WINSTON DR",0.00,,Y,A,-,N,,,,,,,,,,N,2,0,1,2,A,-,10,21950,A,N,G,B,B,A,H,-,A,A,0,Y,,,,Y,,A,07,1,0,0,0,1,0,0,0,0,"- ","- ",,,"SAN FRANCISCO","SAN FRANCISCO",-122.47503662109375,37.7269287109375
8891918,2019,2019-11-08,3801,2019-09-29,0930,2127,SOUTH,7,5,7,3801,0,0,0,,0,4B1,"7TH ST","BRYANT ST",15.00,N,N,A,-,N,,,,,,,,,,N,4,0,1,2,A,-,00,21567,,N,D,G,A,A,H,-,A,A,0,,Y,,,Y,,L,04,0,0,1,0,0,0,1,0,0,"- ","- ",,,"SAN FRANCISCO","SAN FRANCISCO",-122.40488433837891,37.774410247802734
8891921,2019,2019-10-25,3801,2019-09-20,2125,209,NORTH,5,5,7,3801,0,0,0,,0,03E,"VAN NESS AV","FELL ST",0.00,,Y,A,-,N,,,,,,,,,,N,3,0,1,2,A,-,12,21453,A,N,D,G,A,A,H,-,C,A,0,,Y,,,Y,,L,04,0,1,0,0,0,0,1,0,0,"- ","- ",,,"SAN FRANCISCO","SAN FRANCISCO",-122.41950225830078,37.776378631591797
8891922,2019,2019-11-06,3801,2019-09-26,1757,2407,NORTH,4,5,7,3801,0,0,0,,0,3E13D,"MARKET ST","GOUGH ST",5.00,W,N,A,-,N,,,,,,,,,,,4,0,1,2,-,-,"- ",,,N,B,G,A,A,H,-,A,A,0,,Y,,,Y,,-,"- ",0,0,1,0,0,0,1,0,0,"- ","- ",,,"SAN FRANCISCO","SAN FRANCISCO",-122.42222595214844,37.772861480712891
8891924,2019,2019-11-05,3801,2019-09-23,1616,71,RICHM,1,5,7,3801,0,0,0,,0,,"POINT LOBOS AV","BALBOA ST",1063.00,N,N,A,-,N,,,,,,,,,,N,3,0,1,2,A,-,06,21755,,N,D,G,A,A,H,-,A,D,0,,Y,,,Y,,L,04,0,1,0,0,0,0,1,0,0,"- ","- ",,,"SAN FRANCISCO","SAN FRANCISCO",-122.51286315917969,37.777622222900391
8891926,2019,2019-10-25,3801,2019-09-26,1900,738,NORTH,4,5,7,3801,0,0,0,,0,3E15D,"NORTH POINT ST","WEBSTER ST",0.00,,Y,A,-,N,,,,,,,,,,N,3,0,1,2,A,-,10,21950,A,N,G,B,B,A,H,-,A,A,0,Y,,,,Y,,A,01,0,1,0,0,1,0,0,0,0,"- ","- ",,,"SAN FRANCISCO","SAN FRANCISCO",-122.43515777587891,37.803821563720703
8891928,2019,2019-10-28,3801,2019-09-23,1538,2144,MISSI,1,5,7,3801,0,0,0,,0,3D11D,"MISSION ST","20TH ST",0.00,,Y,A,-,N,,,,,,,,,,N,3,0,2,2,A,-,11,21954,A,N,D,B,D,A,H,-,A,A,0,Y,,,,Y,,N,60,0,2,0,0,1,0,0,0,0,"- ","- ",,,"SAN FRANCISCO","SAN FRANCISCO",-122.41903686523438,37.758628845214844
8891929,2019,2019-10-25,3801,2019-09-20,1140,198,BAYVI,5,5,7,3801,0,0,0,,0,0C5,"JENNINGS ST","FITZGERALD AV",25.00,S,N,A,-,N,,,,,,,,,,,3,0,1,2,A,-,07,21658,A,N,B,G,A,A,H,-,A,D,0,,Y,,,Y,,L,04,0,1,0,0,0,0,1,0,0,"- ","- ",,,"SAN FRANCISCO","SAN FRANCISCO",-122.39324951171875,37.721954345703125
8891932,2019,2019-10-28,3801,2019-09-23,1537,890,BAYVI,1,5,7,3801,0,0,0,,0,"4 CAR","SAN BRUNO AV","BURROWS ST",0.00,,Y,A,-,N,,,,,,,,,,N,4,0,1,2,A,-,09,21802,A,N,B,B,A,A,H,-,A,A,0,,Y,,,Y,Y,A,01,0,0,1,0,0,0,1,0,0,"- ","- ",,,"SAN FRANCISCO","SAN FRANCISCO",-122.40412139892578,37.728828430175781
8891933,2019,2019-10-25,3801,2019-09-20,0850,4313,RICHM,5,5,7,3801,0,0,0,,0,0G3,"BALBOA ST","12TH AV",0.00,,Y,A,-,N,,,,,,,,,,N,4,0,1,2,A,-,09,21802,A,N,D,G,A,A,H,-,A,A,0,,Y,,,Y,,A,01,0,0,1,0,0,0,1,0,0,"- ","- ",,,"SAN FRANCISCO","SAN FRANCISCO",-122.470458984375,37.776939392089844
8891938,2019,2019-10-25,3801,2019-09-15,1525,318,MISSI,7,5,7,3801,0,0,0,,0,001,"VALENCIA ST","BROSNAN ST",0.00,,Y,A,-,N,,,,,,,,,,N,4,0,1,2,A,-,09,21801,A,N,D,G,A,A,H,-,A,A,0,,Y,,,Y,,A,01,0,0,1,0,0,0,1,0,0,"- ","- ",,,"SAN FRANCISCO","SAN FRANCISCO",-122.42224884033203,37.768768310546875
8891941,2019,2019-10-25,3801,2019-09-19,2331,2718,BAYVI,4,5,7,3801,0,0,0,,0,3C11D,"23RD ST","MINNESOTA ST",86.00,E,N,A,-,N,,,,,,,,,,N,4,0,1,2,A,-,11,21954,A,N,G,B,E,A,H,-,C,D,0,Y,,,,Y,,N,60,0,0,1,0,1,0,0,0,0,"- ","- ",,,"SAN FRANCISCO","SAN FRANCISCO",-122.38967895507812,37.755306243896484
8891946,2019,2019-10-25,3801,2019-09-30,1120,2743,SOUTH,1,5,7,3801,0,0,0,,0,3B4,"8TH ST","RINGOLD ST",3.00,E,N,A,-,N,,,,,,,,,,N,4,0,1,2,A,-,08,22107,,N,D,G,A,A,H,-,A,D,0,,Y,,,Y,,A,08,0,0,1,0,0,0,1,0,0,"- ","- ",,,"SAN FRANCISCO","SAN FRANCISCO",-122.40946960449219,37.774543762207031
8891950,2019,2019-10-25,3801,2019-09-30,0847,891,PARK,1,5,7,3801,0,0,0,,0,3F2A,"17TH ST","CLAYTON ST",0.00,,Y,A,-,N,,,,,,,,,,N,4,0,1,2,A,-,12,21453,A,N,G,B,B,A,H,-,A,A,0,Y,,,,Y,,A,01,0,0,1,0,1,0,0,0,0,"- ","- ",,,"SAN FRANCISCO","SAN FRANCISCO",-122.44676971435547,37.76177978515625
8891952,2019,2019-10-28,3801,2019-09-23,0758,1990,SOUTH,1,5,7,3801,0,0,0,,0,"5 CAR","5TH ST","BERRY ST",0.00,,Y,B,-,N,,,,,,,,,,N,4,0,1,2,A,-,10,21950,A,N,G,B,B,A,H,-,A,A,0,Y,,,,Y,,A,01,0,0,1,0,1,0,0,0,0,"- ","- ",,,"SAN FRANCISCO","SAN FRANCISCO",-122.39555358886719,37.774028778076172
8891957,2019,2019-10-25,3801,2019-09-15,1912,1861,TARAV,7,5,7,3801,0,0,0,,0,3I11D,"19TH AV","JUDAH ST",0.00,,Y,C,-,N,,,,,,,,,,Y,3,0,1,5,A,-,17,21663,,F,-,B,D,B,H,-,C,A,0,Y,,,,Y,,A,01,0,1,0,0,1,0,0,0,0,"- ","- ",,,"SAN FRANCISCO","SAN FRANCISCO",-122.47702789306641,37.761699676513672
8891958,2019,2019-11-06,3801,2019-09-30,0817,4333,NORTH,1,5,7,3801,0,0,0,,0,003,"OFARRELL ST","POLK ST",21.00,E,N,A,-,N,,,,,,,,,,N,2,0,1,2,A,-,11,21954,A,N,A,B,E,A,H,-,A,A,0,Y,,,,Y,,N,60,1,0,0,0,1,0,0,0,0,"- ","- ",,,"SAN FRANCISCO","SAN FRANCISCO",-122.41947937011719,37.784976959228516
8891960,2019,2019-10-28,3801,2019-09-23,0010,882,TENDE,1,5,7,3801,0,0,0,,0,3J11E,"STEVENSON ST","6TH ST",290.00,W,N,A,-,N,,,,,,,,,,N,4,0,1,2,A,-,21,22106,,F,G,B,E,A,H,-,C,D,0,Y,,,,Y,,A,01,0,0,1,0,1,0,0,0,0,"- ","- ",,,"SAN FRANCISCO","SAN FRANCISCO",-122.41038513183594,37.781211853027344
8891961,2019,2019-10-25,3801,2019-09-19,1430,279,BAYVI,4,5,7,3801,0,0,0,,0,3C13A,"INGALLS ST","PALOU AV",0.00,,Y,A,-,N,,,,,,,,,,N,4,0,1,2,A,-,00,20001,A,F,A,B,B,A,H,-,A,D,0,Y,,,,Y,Y,A,01,0,0,1,0,1,0,0,0,0,"- ","- ",,,"SAN FRANCISCO","SAN FRANCISCO",-122.38343811035156,37.729751586914062
8891962,2019,2019-10-25,3801,2019-09-30,0806,1804,MISSI,1,5,7,3801,0,0,0,,0,3D11A,"SANCHEZ ST","16TH ST",150.00,S,N,A,-,N,,,,,,,,,,N,3,0,1,2,A,-,11,21955,,N,G,B,E,A,H,-,A,D,0,Y,,,,Y,,N,60,0,1,0,0,1,0,0,0,0,"- ","- ",,,"SAN FRANCISCO","SAN FRANCISCO",-122.43083953857422,37.763950347900391
8891965,2019,2019-10-25,3801,2019-09-19,1231,4006,TARAV,4,5,7,3801,0,0,0,,0,3I46,"OCEAN AV","PLYMOUTH AV",3.00,W,N,A,-,N,,,,,,,,,,N,4,0,1,2,A,-,12,21453,A,N,D,B,B,A,H,-,A,A,0,Y,,,,Y,,M,94,0,0,1,0,1,0,0,0,0,"- ","- ",,,"SAN FRANCISCO","SAN FRANCISCO",-122.45655059814453,37.723983764648438
8891967,2019,2019-10-25,3801,2019-09-27,0749,405,INGLE,5,5,7,3801,0,0,0,,0,3H60,"MANSELL ST","BRAZIL AV",0.00,,Y,A,-,N,,,,,,,,,,N,4,0,1,2,A,-,10,21950,A,N,G,B,B,B,H,-,A,A,0,Y,,,,Y,,A,01,0,0,1,0,1,0,0,0,0,"- ","- ",,,"SAN FRANCISCO","SAN FRANCISCO",-122.42250061035156,37.717861175537109
8891968,2019,2019-11-04,3801,2019-09-22,2101,1389,MISSI,7,5,7,3801,0,0,0,,0,3D11D,"MARKET ST","CASTRO ST",0.00,,Y,A,-,N,,,,,,,,,,N,4,0,1,2,A,-,10,21950,A,N,G,B,B,A,H,-,C,A,0,Y,,,,Y,,A,01,0,0,1,0,1,0,0,0,0,"- ","- ",,,"SAN FRANCISCO","SAN FRANCISCO",-122.43515777587891,37.762638092041016