CASE_ID,ACCIDENT_YEAR,PROC_DATE,JURIS,COLLISION_DATE,COLLISION_TIME,OFFICER_ID,REPORTING_DISTRICT,DAY_OF_WEEK,CHP_SHIFT,POPULATION,CNTY_CITY_LOC,SPECIAL_COND,BEAT_TYPE,CHP_BEAT_TYPE,CITY_DIVISION_LAPD,CHP_BEAT_CLASS,BEAT_NUMBER,PRIMARY_RD,SECONDARY_RD,DISTANCE,DIRECTION,INTERSECTION,WEATHER_1,WEATHER_2,STATE_HWY_IND,CALTRANS_COUNTY,CALTRANS_DISTRICT,STATE_ROUTE,ROUTE_SUFFIX,POSTMILE_PREFIX,POSTMILE,LOCATION_TYPE,RAMP_INTERSECTION,SIDE_OF_HWY,TOW_AWAY,COLLISION_SEVERITY,NUMBER_KILLED,NUMBER_INJURED,PARTY_COUNT,PRIMARY_COLL_FACTOR,PCF_CODE_OF_VIOL,PCF_VIOL_CATEGORY,PCF_VIOLATION,PCF_VIOL_SUBSECTION,HIT_AND_RUN,TYPE_OF_COLLISION,MVIW,PED_ACTION,ROAD_SURFACE,ROAD_COND_1,ROAD_COND_2,LIGHTING,CONTROL_DEVICE,CHP_ROAD_TYPE,PEDESTRIAN_ACCIDENT,BICYCLE_ACCIDENT,MOTORCYCLE_ACCIDENT,TRUCK_ACCIDENT,NOT_PRIVATE_PROPERTY,ALCOHOL_INVOLVED,STWD_VEHTYPE_AT_FAULT,CHP_VEHTYPE_AT_FAULT,COUNT_SEVERE_INJ,COUNT_VISIBLE_INJ,COUNT_COMPLAINT_PAIN,COUNT_PED_KILLED,COUNT_PED_INJURED,COUNT_BICYCLIST_KILLED,COUNT_BICYCLIST_INJURED,COUNT_MC_KILLED,COUNT_MC_INJURED,PRIMARY_RAMP,SECONDARY_RAMP,LATITUDE,LONGITUDE,COUNTY,CITY,POINT_X,POINT_Y
8891969,2019,2019-10-25,3801,2019-09-19,1133,1226,SOUTH,4,5,7,3801,0,0,0,,0,,"5TH ST","HOWARD ST",0.00,,Y,A,-,N,,,,,,,,,,N,4,0,1,2,A,-,10,21950,A,N,F,B,B,A,H,-,A,A,0,Y,,,,Y,,A,07,0,0,1,0,1,0,0,0,0,"- ","- ",,,"SAN FRANCISCO","SAN FRANCISCO",-122.40493011474609,37.781509399414062
8891973,2019,2019-10-25,3801,2019-09-09,1009,1557,SOUTH,1,5,7,3801,0,0,0,,0,3B15A,"7TH ST","NATOMA ST",0.00,,Y,A,-,N,,,,,,,,,,N,4,0,1,2,C,-,18,,,N,G,B,E,A,H,-,A,D,0,Y,,,,Y,,-,"- ",0,0,1,0,1,0,0,0,0,"- ","- ",,,"SAN FRANCISCO","SAN FRANCISCO",-122.40989685058594,37.778400421142578
8891974,2019,2019-10-24,3801,2019-09-23,1620,111,MISSI,1,5,7,3801,0,0,0,,0,0D5,"CALEDONIA ST","16TH ST",122.00,N,N,A,-,N,,,,,,,,,,N,4,0,1,2,A,-,11,21954,A,N,G,B,E,A,H,-,A,D,0,Y,,,,Y,,N,60,0,0,1,0,1,0,0,0,0,"- ","- ",,,"SAN FRANCISCO","SAN FRANCISCO",-122.42139434814453,37.765274047851562
8891977,2019,2019-10-25,3801,2019-09-19,0821,1429,INGLE,4,5,7,3801,0,0,0,,0,3H13A,"BRADFORD ST","BERNAL HTS BL",0.00,,Y,A,-,N,,,,,,,,,,N,2,0,1,2,A,-,08,22107,,N,B,G,A,A,H,-,A,A,0,,Y,,,Y,,A,01,1,0,0,0,0,0,1,0,0,"- ","- ",,,"SAN FRANCISCO","SAN FRANCISCO",-122.40946197509766,37.741970062255859
8891982,2019,2019-10-24,3801,2019-09-21,0934,198,BAYVI,6,5,7,3801,0,0,0,,0,0C3,"SAN BRUNO AV","WAYLAND ST",4.00,S,N,A,-,N,,,,,,,,,,N,2,0,1,2,A,-,10,21950,A,N,G,B,B,A,H,-,A,D,0,Y,,,,Y,,A,01,1,0,0,0,1,0,0,0,0,"- ","- ",,,"SAN FRANCISCO","SAN FRANCISCO",-122.40311431884766,37.726428985595703
8891985,2019,2019-10-25,3801,2019-09-18,2135,715,TENDE,3,5,7,3801,0,0,0,,0,3J90D,"MCALLISTER ST","HYDE ST",0.00,,Y,A,-,N,,,,,,,,,,N,3,0,1,2,A,-,10,21950,A,F,G,B,B,A,H,-,C,A,0,Y,,,,Y,,A,01,0,1,0,0,1,0,0,0,0,"- ","- ",,,"SAN FRANCISCO","SAN FRANCISCO",-122.41532135009766,37.780738830566406
8891989,2019,2019-10-25,3801,2019-09-18,1728,4102,SOUTH,3,5,7,3801,0,0,0,,0,3B12D,"FREMONT ST","HARRISON ST",0.00,,Y,A,-,N,,,,,,,,,,N,3,0,1,2,A,-,08,22107,,F,G,B,B,A,H,-,A,A,0,Y,,,,Y,,A,01,0,1,0,0,1,0,0,0,0,"- ","- ",,,"SAN FRANCISCO","SAN FRANCISCO",-122.39205932617188,37.786788940429688
8891991,2019,2019-10-25,3801,2019-09-24,2011,1389,MISSI,2,5,7,3801,0,0,0,,0,3D11D,"VALENCIA ST","VALENCIA ST 630",0.00,,Y,A,-,N,,,,,,,,,,N,4,0,1,3,A,-,17,22517,,N,B,G,A,A,H,-,C,A,0,,Y,,,Y,,A,01,0,0,1,0,0,0,1,0,0,"- ","- ",,,"SAN FRANCISCO","SAN FRANCISCO",,
8891996,2019,2019-10-28,3801,2019-09-21,1054,2039,TARAV,6,5,7,3801,0,0,0,,0,004,"KENSINGTON WY","ULLOA ST",0.00,,Y,A,-,N,,,,,,,,,,N,3,0,1,2,A,-,17,21200,,N,D,G,A,A,H,-,A,A,0,,Y,,,Y,,L,04,0,1,0,0,0,0,1,0,0,"- ","- ",,,"SAN FRANCISCO","SAN FRANCISCO",-122.4598388671875,37.741050720214844
8891997,2019,2019-11-08,3801,2019-09-18,1333,1833,SOUTH,3,5,7,3801,0,0,0,,0,0B2,"5TH ST","MISSION ST",0.00,,Y,A,-,N,,,,,,,,,,N,4,0,1,2,A,-,10,21950,A,N,G,B,B,A,H,-,A,A,0,Y,,,,Y,,A,01,0,0,1,0,1,0,0,0,0,"- ","- ",,,"SAN FRANCISCO","SAN FRANCISCO",-122.40648651123047,37.782741546630859
8891999,2019,2019-11-08,3801,2019-09-26,1837,4118,NORTH,4,5,7,3801,0,0,0,,0,,"POLK ST","ELM ST",0.00,,Y,A,-,N,,,,,,,,,,N,4,0,1,2,A,-,09,21804,A,N,D,G,A,A,H,-,A,D,0,,Y,,,Y,,A,01,0,0,1,0,0,0,1,0,0,"- ","- ",,,"SAN FRANCISCO","SAN FRANCISCO",-122.41890716552734,37.781700134277344
8892002,2019,2019-11-01,3801,2019-09-13,2145,2030,TARA,5,5,7,3801,0,0,0,,0,,"IRVING ST","9TH AV",138.00,W,N,A,-,N,,,,,,,,,,N,3,0,1,2,A,-,21,22106,,N,G,B,E,A,H,-,C,D,0,Y,,,,Y,Y,A,01,0,1,0,0,1,0,0,0,0,"- ","- ",,,"SAN FRANCISCO","SAN FRANCISCO",-122.466796875,37.764022827148438
8892003,2019,2019-11-06,3801,2019-09-17,1216,1362,RICHM,2,5,7,3801,0,0,0,,0,3G4C,"GEARY BL","26TH AV",0.00,,Y,A,-,N,,,,,,,,,,N,4,0,1,2,D,-,00,,,N,B,B,D,A,H,-,A,A,0,Y,,,,Y,,-,"- ",0,0,1,0,1,0,0,0,0,"- ","- ",,,"SAN FRANCISCO","SAN FRANCISCO",-122.48580932617188,37.780101776123047
8892004,2019,2019-10-31,3801,2019-09-18,1125,1052,RICHM,3,5,7,3801,0,0,0,,0,,"6TH AV","GEARY BL",77.00,N,N,A,-,N,,,,,,,,,,N,3,0,1,2,A,-,21,22106,,N,B,G,A,A,H,-,A,A,0,,Y,,,Y,,A,01,0,1,0,0,0,0,1,0,0,"- ","- ",,,"SAN FRANCISCO","SAN FRANCISCO",-122.46430206298828,37.781299591064453
8892005,2019,2019-11-01,3801,2019-09-08,0552,4294,SOUTH,7,5,7,3801,0,0,0,,0,0B3,"6TH ST","HARRISON ST",0.00,,Y,A,-,N,,,,,,,,,,Y,3,0,1,2,D,-,00,,,F,G,B,B,A,H,-,C,A,0,Y,,,,Y,,-,"- ",0,1,0,0,1,0,0,0,0,"- ","- ",,,"SAN FRANCISCO","SAN FRANCISCO",-122.40408325195312,37.777309417724609
8892011,2019,2019-11-06,3801,2019-09-17,0910,4358,BAYVI,2,5,7,3801,0,0,0,,0,,"LA SALLE AV","CASHMERE ST",85.00,E,N,A,-,N,,,,,,,,,,N,2,0,1,3,A,-,03,22350,,F,G,B,D,A,H,-,A,D,0,Y,,,,Y,,A,01,1,0,0,0,1,0,0,0,0,"- ","- ",,,"SAN FRANCISCO","SAN FRANCISCO",-122.38701629638672,37.735496520996094
8892016,2019,2019-10-31,3801,2019-09-18,0910,4267,TARAV,3,5,7,3801,0,0,0,,0,3I1A,"18TH AV","PACHECO ST",0.00,,Y,C,-,N,,,,,,,,,,N,4,0,1,2,D,-,00,,,N,G,B,B,B,H,-,A,A,0,Y,,,,Y,,-,"- ",0,0,1,0,1,0,0,0,0,"- ","- ",,,"SAN FRANCISCO","SAN FRANCISCO",-122.47512817382812,37.75054931640625
8892020,2019,2019-10-31,3801,2019-09-06,0840,1917,TARAV,5,5,7,3801,0,0,0,,0,3I16A,"PORTOLA DR","CLAREMONT BL",0.00,,Y,B,E,N,,,,,,,,,,N,2,0,1,2,A,-,08,22107,,N,D,G,A,B,H,-,A,A,0,,Y,,,Y,,A,01,1,0,0,0,0,0,1,0,0,"- ","- ",,,"SAN FRANCISCO","SAN FRANCISCO",-122.46528625488281,37.739700317382812
8892021,2019,2019-11-01,3801,2019-09-07,1628,1696,NORTH,6,5,7,3801,0,0,0,,0,3E12D,"OCTAVIA ST","OAK ST",0.00,,Y,A,-,N,,,,,,,,,,N,4,0,1,2,A,-,12,21457,A,N,D,G,A,A,H,-,A,A,0,,Y,,,Y,,L,04,0,0,1,0,0,0,1,0,0,"- ","- ",,,"SAN FRANCISCO","SAN FRANCISCO",-122.42430114746094,37.774799346923828
8892022,2019,2019-11-01,3801,2019-09-13,1613,524,SOUTH,5,5,7,3801,0,0,0,,0,3B13D,"8TH ST","HOWARD ST",0.00,,Y,A,-,N,,,,,,,,,,N,3,0,1,2,A,-,08,22107,,F,D,G,A,A,H,-,A,A,0,,Y,,,Y,,A,01,0,1,0,0,0,0,1,0,0,"- ","- ",,,"SAN FRANCISCO","SAN FRANCISCO",-122.41159057617188,37.776229858398438
8892023,2019,2019-11-06,3801,2019-09-16,2302,2380,SOUTH,1,5,7,3801,0,0,0,,0,0B2,"TEHAMA ST","5TH ST",0.00,,Y,A,-,N,,,,,,,,,,N,3,0,1,2,A,-,17,21663,,F,B,B,F,A,H,-,C,A,0,Y,,,,Y,Y,A,01,0,1,0,0,1,0,0,0,0,"- ","- ",,,"SAN FRANCISCO","SAN FRANCISCO",-122.40440368652344,37.781089782714844
8892039,2019,2019-11-06,3801,2019-09-15,1440,279,BAYVI,7,5,7,3801,0,0,0,,0,,"PALOU AV","PALOU AV 1190",0.00,,-,A,-,N,,,,,,,,,,N,3,0,1,2,A,-,12,22450,A,N,D,G,A,A,H,-,A,A,0,,Y,,,Y,,L,04,0,1,0,0,0,0,1,0,0,"- ","- ",,,"SAN FRANCISCO","SAN FRANCISCO",,
8892048,2019,2019-11-04,3801,2019-09-17,2140,4314,RICHM,2,5,7,3801,0,0,0,,0,0G3,"4TH AV","BALBOA ST",0.00,,Y,A,-,N,,,,,,,,,,N,2,0,1,2,A,-,12,22450,A,N,D,G,A,A,H,-,C,A,0,,Y,,,Y,,-,"- ",1,0,0,0,0,0,1,0,0,"- ","- ",,,"SAN FRANCISCO","SAN FRANCISCO",-122.46189117431641,37.777320861816406
8892054,2019,2019-11-01,3801,2019-09-04,1747,244,NORTH,3,5,7,3801,0,0,0,,0,3E46C,"POLK ST","CALIFORNIA ST",90.00,S,N,A,-,N,,,,,,,,,,N,3,0,1,3,A,-,06,21755,A,N,B,G,A,A,H,-,A,D,0,,Y,,,Y,,L,04,0,1,0,0,0,0,1,0,0,"- ","- ",,,"SAN FRANCISCO","SAN FRANCISCO",-122.42063140869141,37.790325164794922
8892057,2019,2019-10-31,3801,2019-09-06,1841,2132,MISSI,5,5,7,3801,0,0,0,,0,3D60,"CLIPPER ST","DOUGLASS ST",0.00,,Y,A,-,N,,,,,,,,,,N,3,0,1,2,A,-,12,22450,A,N,D,G,A,A,H,-,A,A,0,,Y,,,Y,,L,04,0,1,0,0,0,0,1,0,0,"- ","- ",,,"SAN FRANCISCO","SAN FRANCISCO",-122.43824768066406,37.748661041259766
8892058,2019,2019-11-01,3801,2019-09-15,1800,1601,SOUTH,7,5,7,3801,0,0,0,,0,3B14D,"NATOMA ST","6TH ST",65.00,E,N,A,-,N,,,,,,,,,,N,2,0,1,2,A,-,17,21663,,F,G,B,F,A,H,-,A,D,0,Y,,,,Y,,-,,1,0,0,0,1,0,0,0,0,"- ","- ",,,"SAN FRANCISCO","SAN FRANCISCO",-122.40750885009766,37.780307769775391
8892059,2019,2019-11-06,3801,2019-09-14,1206,891,PARK,6,5,7,3801,0,0,0,,0,3F14A,"17TH ST","ORD ST",0.00,,Y,A,-,N,,,,,,,,,,N,4,0,1,2,A,-,10,21950,A,N,G,B,B,A,H,-,A,D,0,Y,,,,Y,,A,08,0,0,1,0,1,0,0,0,0,"- ","- ",,,"SAN FRANCISCO","SAN FRANCISCO",-122.44017028808594,37.762168884277344
8892062,2019,2019-11-01,3801,2019-09-09,1345,86,TARAV,1,5,7,3801,0,0,0,,0,3I5A,"PINTO AV","ARBALLO DR",0.00,,Y,A,-,N,,,,,,,,,,N,2,0,1,2,A,-,10,21950,A,N,G,B,B,A,H,-,A,D,0,Y,,,,Y,,A,01,1,0,0,0,1,0,0,0,0,"- ","- ",,,"SAN FRANCISCO","SAN FRANCISCO",-122.4830322265625,37.720458984375
8892063,2019,2019-11-06,3801,2019-09-14,1055,1217,PARK,6,5,7,3801,0,0,0,,0,PARK3,"MASONIC AV","FELL ST",0.00,,Y,A,-,N,,,,,,,,,,N,4,0,1,2,D,-,00,,,N,D,G,A,A,H,-,A,A,0,,Y,,,Y,,-,"- ",0,0,1,0,0,0,1,0,0,"- ","- ",,,"SAN FRANCISCO","SAN FRANCISCO",-122.4459228515625,37.772979736328125
8892065,2019,2019-10-31,3801,2019-09-06,1430,2140,TEND,5,5,7,3801,0,0,0,,0,3J101,"TURK ST","LEAVENWORTH ST",0.00,,Y,A,-,N,,,,,,,,,,N,4,0,1,2,A,-,11,21453,D,N,G,B,B,A,H,-,A,A,0,Y,,,,Y,,N,60,0,0,1,0,1,0,0,0,0,"- ","- ",,,"SAN FRANCISCO","SAN FRANCISCO",-122.41403961181641,37.782798767089844
8892066,2019,2019-11-01,3801,2019-09-05,1601,2132,MISSI,4,5,7,3801,0,0,0,,0,3D60,"GRAND VIEW AV","22ND ST",150.00,S,N,A,-,N,,,,,,,,,,N,4,0,1,2,A,-,21,22106,,N,G,B,E,A,H,-,A,D,0,Y,,,,Y,,A,01,0,0,1,0,1,0,0,0,0,"- ","- ",,,"SAN FRANCISCO","SAN FRANCISCO",-122.44143676757812,37.753768920898438
8892068,2019,2019-10-31,3801,2019-09-17,1630,2342,NORTH,2,5,7,3801,0,0,0,,0,3E12D,"STEINER ST","GEARY BL",0.00,,Y,A,-,N,,,,,,,,,,N,3,0,1,2,A,-,08,22107,,N,D,G,A,A,H,-,A,D,0,,Y,,,Y,,A,01,0,1,0,0,0,0,1,0,0,"- ","- ",,,"SAN FRANCISCO","SAN FRANCISCO",-122.43457794189453,37.784320831298828
8892072,2019,2019-10-31,3801,2019-09-17,1649,152,PARK,2,5,7,3801,0,0,0,,0,3F13D,"STANYAN ST","FELL ST",0.00,,Y,A,-,N,,,,,,,,,,,3,0,1,2,A,-,12,21453,A,N,D,G,A,A,H,-,A,A,0,,Y,,,Y,,L,04,0,1,0,0,0,0,1,0,0,"- ","- ",,,"SAN FRANCISCO","SAN FRANCISCO",-122.45407104492188,37.771968841552734
8892076,2019,2019-10-31,3801,2019-09-17,1335,2139,NORTH,2,5,7,3801,0,0,0,,0,901,"FILLMORE ST","FILBERT ST",0.00,,Y,A,-,N,,,,,,,,,,N,4,0,1,2,A,-,11,21956,A,N,G,B,E,A,H,-,A,A,0,Y,,,,Y,,N,60,0,0,1,0,1,0,0,0,0,"- ","- ",,,"SAN FRANCISCO","SAN FRANCISCO",-122.43567657470703,37.798019409179688
8892080,2019,2019-10-31,3801,2019-09-17,1313,4103,CENTR,2,5,7,3801,0,0,0,,0,3A12C,"SANSOME ST","CLAY ST",0.00,,Y,A,-,N,,,,,,,,,,N,4,0,1,2,A,-,12,21453,A,N,D,G,A,A,H,-,A,A,0,,Y,Y,,Y,,C,06,0,0,1,0,0,0,1,0,0,"- ","- ",,,"SAN FRANCISCO","SAN FRANCISCO",-122.40148162841797,37.794868469238281
8896081,2019,2019-10-30,3801,2019-09-10,1716,1031,TENDE,2,5,7,3801,0,0,0,,0,005,"MASON ST","ELLIS ST",0.00,,Y,A,-,N,,,,,,,,,,N,4,0,1,2,A,-,10,21950,A,N,-,B,B,A,H,-,A,A,0,Y,,,,Y,,A,01,0,0,1,0,1,0,0,0,0,"- ","- ",,,"SAN FRANCISCO","SAN FRANCISCO",-122.40946197509766,37.785331726074219
8896083,2019,2019-10-31,3801,2019-09-04,0743,196,CENTR,3,5,7,3801,0,0,0,,0,,"PINE ST","KEARNY ST",0.00,,Y,A,-,N,,,,,,,,,,,4,0,1,2,A,-,08,22100,B,N,D,G,A,A,H,-,A,A,0,,Y,,,Y,,A,01,0,0,1,0,0,0,1,0,0,"- ","- ",,,"SAN FRANCISCO","SAN FRANCISCO",-122.40421295166016,37.791690826416016
8896085,2019,2019-10-30,3801,2019-09-10,1644,1435,TRAFF,2,5,7,3801,0,0,0,,0,4BFI,"GOLDEN GATE AV","LEAVENWORTH ST",6.00,E,N,A,-,N,,,,,,,,,,Y,2,0,1,2,A,-,01,23152,F,N,G,B,B,A,H,-,A,A,0,Y,,,,Y,,A,07,1,0,0,0,1,0,0,0,0,"- ","- ",,,"SAN FRANCISCO","SAN FRANCISCO",-122.41384124755859,37.781871795654297
8896087,2019,2019-11-04,3801,2019-09-04,0719,652,PARK,3,5,7,3801,0,0,0,,0,NORTH,"DIVISADERO ST","OAK ST",0.00,,Y,A,-,N,,,,,,,,,,N,3,0,1,2,A,-,08,22100,A,F,D,G,A,A,H,-,A,A,0,,Y,,,Y,,A,01,0,1,0,0,0,0,1,0,0,"- ","- ",,,"SAN FRANCISCO","SAN FRANCISCO",-122.43743133544922,37.773139953613281
8896094,2019,2019-10-31,3801,2019-09-16,0153,1104,MISSI,1,5,7,3801,0,0,0,,0,3D13E,BARTLETT,"21ST ST",34.00,S,N,C,-,N,,,,,,,,,,N,3,0,2,2,A,-,03,22350,,N,A,G,A,B,H,-,C,D,0,,Y,Y,,Y,Y,C,03,0,2,0,0,0,0,1,0,1,"- ","- ",,,"SAN FRANCISCO","SAN FRANCISCO",-122.41998291015625,37.756866455078125
8896095,2019,2019-10-31,3801,2019-09-03,2037,2409,INGLE,2,5,7,3801,0,0,0,,0,3H11D,"CRESCENT AV","NEVADA ST",0.00,,Y,A,-,N,,,,,,,,,,N,4,0,1,2,A,-,10,21950,A,N,G,B,B,A,H,-,C,A,0,Y,,,,Y,,A,01,0,0,1,0,1,0,0,0,0,"- ","- ",,,"SAN FRANCISCO","SAN FRANCISCO",-122.41178131103516,37.734710693359375
8896097,2019,2019-11-15,3801,2019-09-09,1308,719,CENTR,1,5,7,3801,0,0,0,,0,3A14C,"MARKET ST","BATTERY ST",20.00,S,N,A,-,N,,,,,,,,,,N,3,0,1,2,A,-,03,22350,,N,A,B,-,A,H,-,A,D,0,Y,,,,Y,,A,01,0,1,0,0,1,0,0,0,0,"- ","- ",,,"SAN FRANCISCO","SAN FRANCISCO",-122.39955902099609,37.790733337402344
8896100,2019,2019-10-29,3801,2019-09-04,1106,4307,NORTH,3,5,7,3801,0,0,0,,0,3E12A,"GOUGH ST","TURK ST",0.00,,Y,A,-,N,,,,,,,,,,N,4,0,1,2,A,-,10,21950,A,N,G,B,B,A,-,-,A,A,0,Y,,,,Y,,A,01,0,0,1,0,1,0,0,0,0,"- ","- ",,,"SAN FRANCISCO","SAN FRANCISCO",-122.42391967773438,37.781528472900391
8896105,2019,2019-10-30,3801,2019-09-09,0906,2148,NORTH,1,5,7,3801,0,0,0,,0,,"BUSH ST","STEINER ST",0.00,,Y,A,-,N,,,,,,,,,,N,3,0,1,2,A,-,06,21760,C,N,B,G,A,A,H,-,A,A,0,,Y,,,Y,,A,01,0,1,0,0,0,0,1,0,0,"- ","- ",,,"SAN FRANCISCO","SAN FRANCISCO",-122.43511199951172,37.786819458007812
8896108,2019,2019-10-29,3801,2019-09-06,1325,4103,CENTR,5,5,7,3801,0,0,0,,0,3A12C,"HYDE ST","BEACH ST",20.00,S,N,A,-,N,,,,,,,,,,N,3,0,1,2,D,-,00,,,N,G,B,E,A,H,-,A,D,0,Y,,,,Y,,-,"- ",0,1,0,0,1,0,0,0,0,"- ","- ",,,"SAN FRANCISCO","SAN FRANCISCO",-122.42053985595703,37.806606292724609
8896109,2019,2019-10-30,3801,2019-09-10,0830,737,NORTH,2,5,7,3801,0,0,0,,0,3E13A,"GOLDEN GATE","VAN NESS",110.00,W,N,A,-,N,,,,,,,,,,N,4,0,1,2,A,-,17,22517,,N,B,G,A,A,H,-,A,D,0,,Y,,,Y,,-,,0,0,1,0,0,0,1,0,0,"- ","- ",,,"SAN FRANCISCO","SAN FRANCISCO",-122.42090606689453,37.780963897705078
8896116,2019,2019-11-22,3801,2019-09-01,1450,2144,MISSI,7,5,7,3801,0,0,0,,0,3D13D,"15TH ST","GUERRERO ST",0.00,,Y,A,-,N,,,,,,,,,,N,3,0,1,2,A,-,10,21950,A,N,G,B,B,A,H,-,A,A,0,Y,,,,Y,Y,A,01,0,1,0,0,1,0,0,0,0,"- ","- ",,,"SAN FRANCISCO","SAN FRANCISCO",-122.42424011230469,37.766399383544922
8896122,2019,2019-10-31,3801,2019-09-12,1202,LARA,MISSI,4,5,7,3801,0,0,0,,0,003,"18TH ST","HATTIE ST",0.00,,Y,A,-,N,,,,,,,,,,N,2,0,1,2,A,-,08,22107,,N,A,G,A,A,H,-,A,A,0,,Y,,,Y,,L,04,1,0,0,0,0,0,1,0,0,"- ","- ",,,"SAN FRANCISCO","SAN FRANCISCO",-122.44091796875,37.760528564453125
8896124,2019,2019-10-29,3801,2019-09-03,1136,748,CENTR,2,5,7,3801,0,0,0,,0,0A4,"NORTH POINT","POWELL ST",0.00,,Y,A,-,N,,,,,,,,,,N,4,0,1,2,A,-,10,21950,A,N,G,B,B,A,H,-,A,A,0,Y,,,,Y,,A,07,0,0,1,0,1,0,0,0,0,"- ","- ",,,"SAN FRANCISCO","SAN FRANCISCO",-122.41213226318359,37.806758880615234
8896130,2019,2019-10-31,3801,2019-09-12,0805,504,NORTH,4,5,7,3801,0,0,0,,0,3E27,"POLK ST","SACRAMENTO ST",0.00,,Y,A,-,N,,,,,,,,,,N,4,0,1,2,A,-,09,21801,,N,D,G,A,A,H,-,A,A,0,,Y,,,Y,Y,A,01,0,0,1,0,0,0,1,0,0,"- ","- ",,,"SAN FRANCISCO","SAN FRANCISCO",-122.42086791992188,37.791500091552734
8896132,2019,2019-10-29,3801,2019-09-03,0227,2427,TARAV,2,5,7,3801,0,0,0,,0,3I15E,"19TH AV","OCEAN AV",0.00,,Y,A,-,N,,,,,,,,,,N,4,0,1,2,A,-,11,21453,D,N,G,B,B,A,H,-,C,A,0,Y,,,,Y,,N,60,0,0,1,0,1,0,0,0,0,"- ","- ",,,"SAN FRANCISCO","SAN FRANCISCO",-122.47496795654297,37.732440948486328
8896134,2019,2019-10-31,3801,2019-09-12,0012,1102,MISSI,4,5,7,3801,0,0,0,,0,0D5,"CAPP ST","18TH ST",0.00,,Y,A,-,N,,,,,,,,,,N,3,0,1,2,A,-,00,21958,A,N,G,B,B,A,H,-,C,A,0,Y,,,,Y,,A,01,0,1,0,0,1,0,0,0,0,"- ","- ",,,"SAN FRANCISCO","SAN FRANCISCO",-122.41826629638672,37.761890411376953
8896137,2019,2019-10-30,3801,2019-09-09,1725,1930,TENDE,1,5,7,3801,0,0,0,,0,,"MARKET ST","GRANT ST",33.00,W,N,A,-,N,,,,,,,,,,N,3,0,1,2,A,-,17,22109,,N,H,G,A,A,H,-,A,A,0,,Y,,,Y,,A,01,0,1,0,0,0,0,1,0,0,"- ","- ",,,"SAN FRANCISCO","SAN FRANCISCO",-122.4046630859375,37.786705017089844
8896138,2019,2019-10-31,3801,2019-09-11,2333,2463,NORTH,3,5,7,3801,0,0,0,,0,3E16E,"CHESTNUT ST","FRANKLIN ST",0.00,,Y,A,-,N,,,,,,,,,,N,2,0,1,2,A,-,17,21451,A,N,A,G,A,A,H,-,C,A,0,,Y,,,Y,,A,01,1,0,0,0,0,0,1,0,0,"- ","- ",,,"SAN FRANCISCO","SAN FRANCISCO",-122.42637634277344,37.802070617675781
8896146,2019,2019-10-31,3801,2019-09-11,2101,1702,TARAV,3,5,7,3801,0,0,0,,0,3I14D,"MONTANA ST","CAPITOL AV",0.00,,Y,A,-,N,,,,,,,,,,,4,0,1,2,A,-,10,21950,A,N,G,B,B,A,H,-,C,D,0,Y,,,,Y,,A,01,0,0,1,0,1,0,0,0,0,"- ","- ",,,"SAN FRANCISCO","SAN FRANCISCO",-122.45906829833984,37.716598510742188
8896147,2019,2019-10-31,3801,2019-09-26,1645,215,BAYVI,4,5,7,3801,0,0,0,,0,5CAR,"3RD ST","YOSEMITE AV",0.00,,Y,A,-,N,,,,,,,,,,N,2,0,1,2,A,-,10,21950,A,N,B,B,B,A,H,-,A,A,0,Y,,,,Y,,A,08,1,0,0,0,1,0,0,0,0,"- ","- ",,,"SAN FRANCISCO","SAN FRANCISCO",-122.39331817626953,37.727798461914062
8896151,2019,2019-10-31,3801,2019-09-26,1521,1291,TEND,4,5,7,3801,0,0,0,,0,3J12D,"GOLDEN GATE AV","GOLDEN GATE AV  50",0.00,,Y,A,-,N,,,,,,,,,,Y,3,0,1,2,A,-,00,21954,,N,G,B,A,A,H,-,A,A,0,,,,,Y,Y,-,,0,1,0,0,0,0,0,0,0,"- ","- ",,,"SAN FRANCISCO","SAN FRANCISCO",,
8896155,2019,2019-10-31,3801,2019-09-26,0900,2202,INGLE,4,5,7,3801,0,0,0,,0,INGLES,"VALENCIA ST","DUNCAN ST",0.00,,Y,A,-,N,,,,,,,,,,N,4,0,1,2,A,-,09,21802,A,N,D,G,A,A,H,-,A,D,0,,Y,,,Y,,L,04,0,0,1,0,0,0,1,0,0,"- ","- ",,,"SAN FRANCISCO","SAN FRANCISCO",,
8898054,2019,2019-07-24,3801,2019-06-25,1534,172,RICHM,2,5,7,3801,0,0,0,,0,3G3D,"CLEMENT ST","10TH AV",144.00,E,N,A,-,N,,,,,,,,,,N,3,0,1,2,A,-,21,22106,,N,D,G,A,A,H,-,A,D,0,,Y,,,Y,,A,07,0,1,0,0,0,0,1,0,0,"- ","- ",,,"SAN FRANCISCO","SAN FRANCISCO",-122.46820831298828,37.782749176025391