CASE_ID,ACCIDENT_YEAR,PROC_DATE,JURIS,COLLISION_DATE,COLLISION_TIME,OFFICER_ID,REPORTING_DISTRICT,DAY_OF_WEEK,CHP_SHIFT,POPULATION,CNTY_CITY_LOC,SPECIAL_COND,BEAT_TYPE,CHP_BEAT_TYPE,CITY_DIVISION_LAPD,CHP_BEAT_CLASS,BEAT_NUMBER,PRIMARY_RD,SECONDARY_RD,DISTANCE,DIRECTION,INTERSECTION,WEATHER_1,WEATHER_2,STATE_HWY_IND,CALTRANS_COUNTY,CALTRANS_DISTRICT,STATE_ROUTE,ROUTE_SUFFIX,POSTMILE_PREFIX,POSTMILE,LOCATION_TYPE,RAMP_INTERSECTION,SIDE_OF_HWY,TOW_AWAY,COLLISION_SEVERITY,NUMBER_KILLED,NUMBER_INJURED,PARTY_COUNT,PRIMARY_COLL_FACTOR,PCF_CODE_OF_VIOL,PCF_VIOL_CATEGORY,PCF_VIOLATION,PCF_VIOL_SUBSECTION,HIT_AND_RUN,TYPE_OF_COLLISION,MVIW,PED_ACTION,ROAD_SURFACE,ROAD_COND_1,ROAD_COND_2,LIGHTING,CONTROL_DEVICE,CHP_ROAD_TYPE,PEDESTRIAN_ACCIDENT,BICYCLE_ACCIDENT,MOTORCYCLE_ACCIDENT,TRUCK_ACCIDENT,NOT_PRIVATE_PROPERTY,ALCOHOL_INVOLVED,STWD_VEHTYPE_AT_FAULT,CHP_VEHTYPE_AT_FAULT,COUNT_SEVERE_INJ,COUNT_VISIBLE_INJ,COUNT_COMPLAINT_PAIN,COUNT_PED_KILLED,COUNT_PED_INJURED,COUNT_BICYCLIST_KILLED,COUNT_BICYCLIST_INJURED,COUNT_MC_KILLED,COUNT_MC_INJURED,PRIMARY_RAMP,SECONDARY_RAMP,LATITUDE,LONGITUDE,COUNTY,CITY,POINT_X,POINT_Y
8898141,2019,2019-08-30,3801,2019-06-29,0056,668,NORTH,6,5,7,3801,0,0,0,,0,3E12E,"LAGUNA ST","ELLIS ST",0.00,,Y,A,-,N,,,,,,,,,,N,4,0,1,2,A,-,10,21950,A,F,G,B,D,A,H,-,C,D,0,Y,,,,Y,,-,,0,0,1,0,1,0,0,0,0,"- ","- ",,,"SAN FRANCISCO","SAN FRANCISCO",-122.42758178710938,37.782978057861328
8899044,2019,2019-07-24,3801,2019-06-23,0026,1339,NORTH,7,5,7,3801,0,0,0,,0,,"FRANKLIN ST","TURK ST",50.00,N,N,A,-,N,,,,,,,,,,N,3,0,1,2,A,-,17,21657,,N,A,G,A,A,H,-,C,A,0,,Y,,,Y,,L,04,0,1,0,0,0,0,1,0,0,"- ","- ",,,"SAN FRANCISCO","SAN FRANCISCO",-122.42227935791016,37.781864166259766
8899072,2019,2019-07-24,3801,2019-06-07,2135,2380,SOUTH,5,5,7,3801,0,0,0,,0,002,"HARRISON ST","5TH ST",25.00,W,N,A,-,N,,,,,,,,,,N,3,0,1,2,A,-,17,21200,A,N,D,G,A,-,H,-,C,A,0,,Y,,,Y,,L,04,0,1,0,0,0,0,1,0,0,"- ","- ",,,"SAN FRANCISCO","SAN FRANCISCO",-122.40193176269531,37.779010772705078
8899088,2019,2019-07-24,3801,2019-06-07,0853,1533,BAYVI,5,5,7,3801,0,0,0,,0,3C45,"25TH ST","INDIANA ST",0.00,,Y,A,-,N,,,,,,,,,,N,4,0,1,2,A,-,12,22450,A,N,G,B,B,A,H,-,A,A,0,Y,,,,Y,,A,08,0,0,1,0,1,0,0,0,0,"- ","- ",,,"SAN FRANCISCO","SAN FRANCISCO",-122.39069366455078,37.752681732177734
8899092,2019,2019-07-24,3801,2019-06-05,1825,1173,RICHM,3,5,7,3801,0,0,0,,0,901,"23RD AV","BALBOA ST",0.00,,Y,A,-,N,,,,,,,,,,N,3,0,1,2,A,-,11,21954,A,N,D,B,E,A,H,-,A,D,0,Y,,,,Y,,N,60,0,1,0,0,1,0,0,0,0,"- ","- ",,,"SAN FRANCISCO","SAN FRANCISCO",-122.48235321044922,37.776409149169922
8899093,2019,2019-07-24,3801,2019-05-29,1356,1994,TRAFF,3,5,7,3801,0,0,0,,0,1356,"EDDY ST","TAYLOR ST",8.00,W,N,A,-,N,,,,,,,,,,Y,2,0,2,2,A,-,00,21453,1,F,G,B,B,A,H,-,A,A,0,Y,,,,Y,,A,01,1,0,1,0,1,0,0,0,0,"- ","- ",,,"SAN FRANCISCO","SAN FRANCISCO",-122.41098022460938,37.784156799316406
8899096,2019,2019-07-24,3801,2019-06-05,0735,1237,TARAV,3,5,7,3801,0,0,0,,0,3I16A,"ALEMANY BL","SAINT CHARLES AV",5.00,E,N,A,-,N,,,,,,,,,,N,3,0,1,2,A,-,11,21950,B,N,G,B,B,A,H,-,A,A,0,Y,,,,Y,,N,60,0,1,0,0,1,0,0,0,0,"- ","- ",,,"SAN FRANCISCO","SAN FRANCISCO",-122.46929168701172,37.710624694824219
8899104,2019,2019-07-24,3801,2019-06-06,2037,1463,MISSI,4,5,7,3801,0,0,0,,0,3D11D,"VALENCIA ST","17TH ST",0.00,,Y,A,-,N,,,,,,,,,,,3,0,1,2,A,-,08,22102,,N,D,G,A,A,-,-,A,D,0,,Y,Y,,Y,,C,03,0,1,0,0,0,0,1,0,0,"- ","- ",,,"SAN FRANCISCO","SAN FRANCISCO",-122.42173767089844,37.763298034667969
8899105,2019,2019-07-24,3801,2019-05-27,1419,1357,SOUTH,1,5,7,3801,0,0,0,,0,3B12B,"MISSION ST","5TH ST",0.00,,Y,A,-,N,,,,,,,,,,N,4,0,1,2,A,-,12,21453,A,N,C,G,A,A,H,-,A,A,0,,Y,,,Y,,L,04,0,0,1,0,0,0,1,0,0,"- ","- ",,,"SAN FRANCISCO","SAN FRANCISCO",-122.40648651123047,37.782741546630859
8899108,2019,2019-07-24,3801,2019-06-06,1330,1129,TARAV,4,5,7,3801,0,0,0,,0,002,"28TH AV","ORTEGA ST",0.00,,Y,A,-,N,,,,,,,,,,N,3,0,1,2,A,-,11,21950,B,N,G,B,B,A,H,-,A,A,0,Y,,,,Y,,N,60,0,1,0,0,1,0,0,0,0,"- ","- ",,,"SAN FRANCISCO","SAN FRANCISCO",-122.48597717285156,37.751941680908203
8899116,2019,2019-07-24,3801,2019-06-12,2315,2441,SOUTH,3,5,7,3801,0,0,0,,0,4CAR,"KING ST","3RD ST",0.00,,Y,A,-,N,,,,,,,,,,N,4,0,1,2,A,-,12,21453,A,F,G,B,C,A,H,-,C,A,0,Y,,,,Y,,A,01,0,0,1,0,1,0,0,0,0,"- ","- ",,,"SAN FRANCISCO","SAN FRANCISCO",-122.39195251464844,37.7781982421875
8899125,2019,2019-07-30,3801,2019-06-12,1526,937,CENTR,3,5,7,3801,0,0,0,,0,3A15D,"THE EMBARCADERO","DON CHEE WY",0.00,,Y,A,-,N,,,,,,,,,,N,4,0,1,2,A,-,11,21456,,N,D,G,A,A,H,-,A,A,0,,Y,,,Y,,L,04,0,0,1,0,0,0,1,0,0,"- ","- ",,,"SAN FRANCISCO","SAN FRANCISCO",-122.39325714111328,37.794239044189453
8899161,2019,2019-07-26,3801,2019-06-18,0938,211,SOUTH,2,5,7,3801,0,0,0,,0,3B41,"TOWNSEND ST","3RD ST",70.00,W,N,A,-,N,,,,,,,,,,N,4,0,1,2,A,-,17,21209,A,F,B,G,A,A,H,-,A,D,0,,Y,,,Y,,I,11,0,0,1,0,0,0,1,0,0,"- ","- ",,,"SAN FRANCISCO","SAN FRANCISCO",-122.39292144775391,37.778724670410156
8899169,2019,2019-07-26,3801,2019-06-22,0204,2494,SOUTH,6,5,7,3801,0,0,0,,0,3B12E,"3RD ST","SOUTH ST",50.00,S,N,A,-,N,,,,,,,,,,Y,2,0,2,3,A,-,01,23153,A,F,G,B,E,A,D,-,C,D,0,Y,,,,Y,Y,A,01,1,0,1,0,1,0,0,0,0,"- ","- ",,,"SAN FRANCISCO","SAN FRANCISCO",-122.38919830322266,37.768661499023438
8899283,2019,2019-07-25,3801,2019-06-11,1637,4314,RICHM,2,5,7,3801,0,0,0,,0,0G4,"24TH AV","ANZA ST",0.00,,Y,A,-,N,,,,,,,,,,N,3,0,1,2,A,-,11,21954,A,N,G,B,D,A,H,-,A,A,0,Y,,,,Y,,N,60,0,1,0,0,1,0,0,0,0,"- ","- ",,,"SAN FRANCISCO","SAN FRANCISCO",-122.4835205078125,37.778209686279297
8899284,2019,2019-07-25,3801,2019-06-30,0845,196,CENTR,7,5,7,3801,0,0,0,,0,3A13A,"MONTGOMERY ST","REFERENCE POINT",19.00,E,N,B,-,N,,,,,,,,,,N,4,0,1,2,A,-,11,21955,,N,G,B,D,A,H,-,A,A,0,Y,,,,Y,,N,60,0,0,1,0,1,0,0,0,0,"- ","- ",,,"SAN FRANCISCO","SAN FRANCISCO",,
8899289,2019,2019-07-26,3801,2019-06-10,2240,414,SOUTH,1,5,7,3801,0,0,0,,0,3B16E,"AVE H","9TH ST",0.00,,Y,A,-,N,,,,,,,,,,N,3,0,2,3,A,-,10,21950,A,N,G,B,B,A,H,-,C,D,0,Y,,,,Y,,A,01,0,2,0,0,2,0,0,0,0,"- ","- ",,,"SAN FRANCISCO","SAN FRANCISCO",-122.36994171142578,37.825241088867188
8899290,2019,2019-07-25,3801,2019-06-16,0105,2038,PARK,7,5,7,3801,0,0,0,,0,,"MASONIC AV","PAGE ST",4.00,S,N,A,-,N,,,,,,,,,,,2,0,2,2,A,-,11,21453,D,N,G,B,B,A,H,-,C,A,0,Y,,,,Y,,N,60,1,0,1,0,1,0,0,0,0,"- ","- ",,,"SAN FRANCISCO","SAN FRANCISCO",-122.44554138183594,37.771129608154297
8899291,2019,2019-07-25,3801,2019-06-11,1038,964,NORTH,2,5,7,3801,0,0,0,,0,0E4,"GEARY BL","FILLMORE ST",0.00,,Y,A,-,N,,,,,,,,,,N,3,0,1,2,A,-,10,21950,A,N,-,B,B,A,H,-,A,A,0,Y,,,,Y,,A,01,0,1,0,0,1,0,0,0,0,"- ","- ",,,"SAN FRANCISCO","SAN FRANCISCO",-122.43295288085938,37.784530639648438
8899292,2019,2019-07-25,3801,2019-06-03,0835,2728,MISSI,1,5,7,3801,0,0,0,,0,908,"16TH ST","POTRERO AV",28.00,E,N,B,-,N,,,,,,,,,,N,4,0,1,2,A,-,11,21950,B,N,G,B,E,A,H,-,A,A,0,Y,,,,Y,,N,60,0,0,1,0,1,0,0,0,0,"- ","- ",,,"SAN FRANCISCO","SAN FRANCISCO",-122.40746307373047,37.765777587890625
8899293,2019,2019-07-26,3801,2019-06-21,0945,2316,SOUTH,5,5,7,3801,0,0,0,,0,0B2,"5TH ST","BRANNAN ST",0.00,,Y,A,-,N,,,,,,,,,,N,3,0,1,2,A,-,09,21801,,F,A,G,A,A,H,-,A,A,0,,Y,,,Y,Y,M,94,0,1,0,0,0,0,1,0,0,"- ","- ",,,"SAN FRANCISCO","SAN FRANCISCO",-122.39875793457031,37.776569366455078
8899303,2019,2019-08-30,3801,2019-06-10,1948,713,CENTR,1,5,7,3801,0,0,0,,0,3A14D,"NORTHPOINT ST","STOCKTON ST",0.00,,Y,A,-,N,,,,,,,,,,N,4,0,1,2,A,-,10,21950,A,N,G,B,B,A,H,-,A,A,0,Y,,,,Y,,A,01,0,0,1,0,1,0,0,0,0,"- ","- ",,,"SAN FRANCISCO","SAN FRANCISCO",,
8899312,2019,2019-07-25,3801,2019-06-05,1631,1371,SOUTH,3,5,7,3801,0,0,0,,0,004,"3RD ST","CHINA BASIN ST",0.00,,Y,A,-,N,,,,,,,,,,N,4,0,1,2,A,-,06,21750,A,N,D,G,A,A,H,-,A,A,0,,Y,,,Y,,L,04,0,0,1,0,0,0,1,0,0,"- ","- ",,,"SAN FRANCISCO","SAN FRANCISCO",-122.38970947265625,37.772018432617188
8899313,2019,2019-07-26,3801,2019-06-20,1849,2008,MISSI,4,5,7,3801,0,0,0,,0,3D14D,"VALENCIA ST","15TH ST",206.00,S,N,A,-,N,,,,,,,,,,N,4,0,1,2,A,-,09,21801,A,N,B,G,A,A,H,-,A,D,0,,Y,,,Y,,A,01,0,0,1,0,0,0,1,0,0,"- ","- ",,,"SAN FRANCISCO","SAN FRANCISCO",-122.42197418212891,37.765964508056641
8899314,2019,2019-07-25,3801,2019-06-19,1245,229,MISSI,3,5,7,3801,0,0,0,,0,0D1,"DOLORES ST","15TH ST",0.00,,Y,A,-,N,,,,,,,,,,N,4,0,1,2,A,-,10,21950,A,F,G,B,B,A,H,-,A,A,0,Y,,,,Y,,A,07,0,0,1,0,1,0,0,0,0,"- ","- ",,,"SAN FRANCISCO","SAN FRANCISCO",-122.42659759521484,37.766258239746094
8899315,2019,2019-07-25,3801,2019-06-09,1601,812,PARK,7,5,7,3801,0,0,0,,0,3F13D,"CHURCH ST","DUBOCE AV",0.00,,Y,A,-,N,,,,,,,,,,N,4,0,1,2,A,-,08,22107,,N,D,G,A,A,H,-,A,D,0,,Y,,,Y,,A,07,0,0,1,0,0,0,1,0,0,"- ","- ",,,"SAN FRANCISCO","SAN FRANCISCO",-122.42912292480469,37.769458770751953
8899318,2019,2019-07-25,3801,2019-06-18,0640,2479,SOUTH,2,5,7,3801,0,0,0,,0,3B13A,"HOWARD ST","7TH ST",0.00,,Y,B,-,N,,,,,,,,,,N,4,0,1,2,A,-,08,22107,,N,B,G,A,A,H,-,B,A,0,,Y,,,Y,,A,01,0,0,1,0,0,0,1,0,0,"- ","- ",,,"SAN FRANCISCO","SAN FRANCISCO",-122.40940093994141,37.777980804443359
8899323,2019,2019-08-19,3801,2019-06-09,0056,1026,BAYVU,7,5,7,3801,0,0,0,,0,3C13E,"JENNINGS ST","QUESADA AV",0.00,,-,A,-,N,,,,,,,,,,N,4,0,1,1,D,-,00,,,N,H,G,A,A,H,-,C,A,0,,Y,,,Y,,-,"- ",0,0,1,0,0,0,1,0,0,"- ","- ",,,"SAN FRANCISCO","SAN FRANCISCO",-122.38585662841797,37.730171203613281
8899324,2019,2019-07-25,3801,2019-06-05,0930,2023,PARK,3,5,7,3801,0,0,0,,0,001,"JOHN F KENNEDY DR","NANCY PELOSI DR",0.00,,Y,A,-,N,,,,,,,,,,N,4,0,1,2,A,-,03,22350,,N,H,B,B,A,H,-,A,D,0,Y,Y,,,Y,,L,04,0,0,1,0,1,0,0,0,0,"- ","- ",,,"SAN FRANCISCO","SAN FRANCISCO",,
8899326,2019,2019-07-25,3801,2019-06-17,2222,262,TRAFF,1,5,7,3801,0,0,0,,0,4B4E,"GENEVA AV","PRAGUE ST",0.00,,-,A,-,N,,,,,,,,,,N,3,0,2,3,A,-,11,21954,A,F,G,B,D,A,H,-,C,D,0,Y,,,,Y,,N,60,0,1,1,0,2,0,0,0,0,"- ","- ",,,"SAN FRANCISCO","SAN FRANCISCO",-122.43196105957031,37.712779998779297
8899327,2019,2019-07-29,3801,2019-06-08,1813,2700,CENTR,6,5,7,3801,0,0,0,,0,3A40C,"BEACH ST","POWELL ST",0.00,,-,A,-,N,,,,,,,,,,N,3,0,1,2,A,-,08,22108,,N,G,B,E,A,H,-,A,D,0,Y,,,,Y,,A,01,0,1,0,0,1,0,0,0,0,"- ","- ",,,"SAN FRANCISCO","SAN FRANCISCO",-122.41232299804688,37.807701110839844
8899328,2019,2019-07-25,3801,2019-06-05,0330,145,CENTR,3,5,7,3801,0,0,0,,0,3A62,"FRANCISCO ST","COLUMBUS AV",10.00,E,N,A,-,N,,,,,,,,,,N,4,0,1,2,A,-,11,21955,,N,G,B,E,A,H,-,C,A,0,Y,,,,Y,,N,60,0,0,1,0,1,0,0,0,0,"- ","- ",,,"SAN FRANCISCO","SAN FRANCISCO",-122.41603851318359,37.804412841796875
8899329,2019,2019-07-26,3801,2019-06-22,0944,2493,NORTH,6,5,7,3801,0,0,0,,0,3E13A,"HAYES ST","POLK ST",45.00,W,N,A,-,N,,,,,,,,,,N,4,0,1,2,A,-,11,21955,,F,G,B,E,A,H,-,A,D,0,Y,,,,Y,Y,N,60,0,0,1,0,1,0,0,0,0,"- ","- ",,,"SAN FRANCISCO","SAN FRANCISCO",-122.41819000244141,37.777488708496094
8899330,2019,2019-07-25,3801,2019-06-17,2020,4314,RICHM,1,5,7,3801,0,0,0,,0,0G3,"MASONIC AV","GEARY BL",133.00,N,N,B,-,N,,,,,,,,,,N,3,0,1,2,A,-,03,22350,,N,D,G,A,A,H,-,B,D,0,,Y,,,Y,,L,04,0,1,0,0,0,0,1,0,0,"- ","- ",,,"SAN FRANCISCO","SAN FRANCISCO",-122.44786834716797,37.782279968261719
8899332,2019,2019-07-25,3801,2019-06-05,0010,311,PARK,3,5,7,3801,0,0,0,,0,3F13E,"JOHN F KENNEDY DR","CONSERVATORY DR",60.00,W,N,A,-,N,,,,,,,,,,N,2,0,1,2,A,-,03,22350,,N,C,G,A,A,H,-,C,D,0,,Y,,,Y,,-,"- ",1,0,0,0,0,0,1,0,0,"- ","- ",,,"SAN FRANCISCO","SAN FRANCISCO",-122.46224975585938,37.771823883056641
8899338,2019,2019-07-25,3801,2019-06-17,1625,1817,CENTR,1,5,7,3801,0,0,0,,0,,"GRANT AV","COMMERCIAL ST",4.00,N,N,A,-,N,,,,,,,,,,N,4,0,1,2,A,-,11,21955,,N,G,B,D,A,H,-,A,D,0,Y,,,,Y,,N,60,0,0,1,0,1,0,0,0,0,"- ","- ",,,"SAN FRANCISCO","SAN FRANCISCO",-122.40618133544922,37.793849945068359
8899341,2019,2019-07-26,3801,2019-06-21,1922,2451,MISSI,5,5,7,3801,0,0,0,,0,3D14D,"VALENCIA ST","16TH ST",0.00,,Y,A,-,N,,,,,,,,,,N,3,0,1,2,A,-,17,22517,,F,H,G,A,A,H,-,A,D,0,,Y,,,Y,,A,01,0,1,0,0,0,0,1,0,0,"- ","- ",,,"SAN FRANCISCO","SAN FRANCISCO",-122.42189025878906,37.764911651611328
8899347,2019,2019-07-29,3801,2019-06-22,1000,1213,RICHM,6,5,7,3801,0,0,0,,0,3G44B,"25TH AV","CALIFORNIA ST",0.00,,Y,A,-,N,,,,,,,,,,N,3,0,1,2,A,-,08,22107,,N,G,B,B,A,H,-,A,A,0,Y,,,,Y,,-,,0,1,0,0,1,0,0,0,0,"- ","- ",,,"SAN FRANCISCO","SAN FRANCISCO",-122.48500061035156,37.783878326416016
8899350,2019,2019-07-25,3801,2019-06-23,2130,2494,SOUTH,7,5,7,3801,0,0,0,,0,3B13E,"MISSION ST","8TH ST",0.00,,Y,A,-,N,,,,,,,,,,N,3,0,1,2,A,-,10,21950,A,N,G,B,B,A,H,-,C,A,0,Y,,,,Y,,A,01,0,1,0,0,1,0,0,0,0,"- ","- ",,,"SAN FRANCISCO","SAN FRANCISCO",-122.41316223144531,37.777458190917969
8899352,2019,2019-07-26,3801,2019-06-26,1802,459,INGLE,3,5,7,3801,0,0,0,,0,3H62,"OCEAN AV","HOWTH ST",0.00,,Y,A,-,N,,,,,,,,,,N,3,0,1,2,A,-,11,21453,D,N,D,B,B,A,H,-,A,A,0,Y,,,,Y,,N,60,0,1,0,0,1,0,0,0,0,"- ","- ",,,"SAN FRANCISCO","SAN FRANCISCO",-122.44957733154297,37.72296142578125
8900569,2019,2019-07-25,3801,2019-06-03,1830,1351,INGLE,1,5,7,3801,0,0,0,,0,3H15D,"MOUNT VERNON ST","SAN JOSE AV",0.00,,Y,A,-,N,,,,,,,,,,N,4,0,1,2,A,-,10,21950,A,N,G,B,B,A,H,-,A,D,0,Y,,,,Y,,A,01,0,0,1,0,1,0,0,0,0,"- ","- ",,,"SAN FRANCISCO","SAN FRANCISCO",-122.44867706298828,37.718360900878906
8900589,2019,2019-07-25,3801,2019-06-03,1335,1856,NORTE,1,5,7,3801,0,0,0,,0,3E12A,"WEBSTER ST","GEARY BL",0.00,,Y,A,-,N,,,,,,,,,,N,4,0,1,2,A,-,11,21950,B,N,A,B,D,A,H,-,A,A,0,Y,,,,Y,,N,60,0,0,1,0,1,0,0,0,0,"- ","- ",,,"SAN FRANCISCO","SAN FRANCISCO",-122.43129730224609,37.78472900390625
8900591,2019,2019-07-26,3801,2019-06-29,0112,2457,SOTHE,6,5,7,3801,0,0,0,,0,3B13E,"8TH ST","MISSION ST",0.00,,Y,A,-,N,,,,,,,,,,Y,4,0,1,2,A,-,10,21950,A,F,G,G,A,A,H,-,C,A,0,,Y,,,Y,,A,01,0,0,1,0,0,0,1,0,0,"- ","- ",,,"SAN FRANCISCO","SAN FRANCISCO",-122.41316223144531,37.777458190917969
8900593,2019,2019-07-25,3801,2019-06-05,1710,677,SOUTH,3,5,7,3801,0,0,0,,0,3B14C,"10TH ST","MISSION ST",0.00,,Y,A,-,N,,,,,,,,,,N,3,0,1,2,A,-,05,21651,B,N,B,G,A,A,H,-,A,A,0,,Y,,,Y,,L,04,0,1,0,0,0,0,1,0,0,"- ","- ",,,"SAN FRANCISCO","SAN FRANCISCO",-122.41590881347656,37.775279998779297
8900595,2019,2019-07-26,3801,2019-06-28,0435,1060,SOUTH,5,5,7,3801,0,0,0,,0,004,"MISSION ST","9TH ST",225.00,E,N,A,-,N,,,,,,,,,,N,3,0,1,2,A,-,00,21954,,N,G,B,D,A,H,-,C,D,0,Y,,,,Y,Y,N,60,0,1,0,0,1,0,0,0,0,"- ","- ",,,"SAN FRANCISCO","SAN FRANCISCO",-122.41416931152344,37.776679992675781
8900597,2019,2019-07-25,3801,2019-06-07,1145,203,MISSI,5,5,7,3801,0,0,0,,0,,"FOLSOM ST","15TH ST",15.00,N,N,A,-,N,,,,,,,,,,N,3,0,1,2,A,-,10,21950,A,N,G,B,B,A,H,-,A,A,0,Y,,,,Y,,A,01,0,1,0,0,1,0,0,0,0,"- ","- ",,,"SAN FRANCISCO","SAN FRANCISCO",-122.41546630859375,37.766971588134766
8900601,2019,2019-08-14,3801,2019-06-06,1015,2200,NORTH,4,5,7,3801,0,0,0,,0,901,"STEINER ST","ELLIS ST",57.00,N,N,A,-,N,,,,,,,,,,N,3,0,1,2,A,-,09,21804,A,F,G,B,F,A,H,-,A,D,0,Y,,,,Y,,A,01,0,1,0,0,1,0,0,0,0,"- ","- ",,,"SAN FRANCISCO","SAN FRANCISCO",-122.43418884277344,37.782306671142578
8900602,2019,2019-07-26,3801,2019-06-10,1205,2210,SOUTH,1,5,7,3801,0,0,0,,0,3B12A,"6TH ST","NATOMA ST",0.00,,Y,A,-,N,,,,,,,,,,N,4,0,1,2,A,-,10,21950,A,N,G,B,D,A,H,-,A,D,0,Y,,,,Y,,A,01,0,0,1,0,1,0,0,0,0,"- ","- ",37.780220031738281,-122.40776824951172,"SAN FRANCISCO","SAN FRANCISCO",-122.40766906738281,37.780178070068359
8900605,2019,2019-07-25,3801,2019-06-06,0850,1016,NORTH,4,5,7,3801,0,0,0,,0,3E1A,"FELL ST","FRANKLIN ST",18.00,E,N,A,-,N,,,,,,,,,,N,4,0,1,2,A,-,21,22106,,F,H,G,A,-,H,-,A,D,0,,Y,,,Y,,-,,0,0,1,0,0,0,1,0,0,"- ","- ",,,"SAN FRANCISCO","SAN FRANCISCO",-122.42108154296875,37.776168823242188
8900609,2019,2019-07-25,3801,2019-06-06,2257,2488,MISSI,4,5,7,3801,0,0,0,,0,3D13E,"DOLORES ST","18TH ST",0.00,,Y,A,-,N,,,,,,,,,,N,4,0,1,2,A,-,05,21650,1,N,D,G,A,A,H,-,C,A,0,,Y,,,Y,,L,04,0,0,1,0,0,0,1,0,0,"- ","- ",,,"SAN FRANCISCO","SAN FRANCISCO",-122.42616271972656,37.761440277099609
8900611,2019,2019-07-26,3801,2019-06-28,1838,366,,5,5,7,3801,0,0,0,,0,J1D,"MARKET ST","MASON ST",74.00,W,N,A,-,N,,,,,,,,,,N,4,0,1,2,A,-,11,21955,,N,G,B,D,A,H,-,A,D,0,Y,,,,Y,Y,N,60,0,0,1,0,1,0,0,0,0,"- ","- ",37.782920837402344,-122.40933990478516,"SAN FRANCISCO","SAN FRANCISCO",-122.40925598144531,37.783084869384766
8900615,2019,2019-07-26,3801,2019-06-29,1600,203,MISSI,6,5,7,3801,0,0,0,,0,3D44C,"20TH ST","VALENCIA ST",0.00,,Y,A,-,N,,,,,,,,,,,4,0,1,2,A,-,10,21950,A,N,G,B,B,A,H,-,A,A,0,Y,,,,Y,,A,01,0,0,1,0,1,0,0,0,0,"- ","- ",,,"SAN FRANCISCO","SAN FRANCISCO",-122.42125701904297,37.758510589599609
8900619,2019,2019-07-26,3801,2019-06-29,1745,2495,MISIS,6,5,7,3801,0,0,0,,0,3D13D,"VALENCIA ST","LIBERTY ST",16.00,S,N,A,-,N,,,,,,,,,,N,3,0,1,2,A,-,11,21955,,N,G,B,D,A,H,-,A,D,0,Y,,,,Y,,N,60,0,1,0,0,1,0,0,0,0,"- ","- ",,,"SAN FRANCISCO","SAN FRANCISCO",-122.42116546630859,37.757644653320312
8900623,2019,2019-07-26,3801,2019-06-30,1653,1876,NORTH,7,5,7,3801,0,0,0,,0,3E16D,"VAN NESS AV","UNION ST",27.00,N,N,A,-,N,,,,,,,,,,N,4,0,1,2,D,-,00,,,N,D,B,D,A,H,-,A,A,0,Y,,,,Y,,-,"- ",0,0,1,0,1,0,0,0,0,"- ","- ",,,"SAN FRANCISCO","SAN FRANCISCO",-122.424072265625,37.798614501953125
8900627,2019,2019-07-26,3801,2019-06-29,1118,50,TENDE,6,5,7,3801,0,0,0,,0,003,"TURK ST","HYDE ST",0.00,,Y,A,-,N,,,,,,,,,,N,3,0,1,2,A,-,10,21950,A,N,G,B,B,A,H,-,A,A,0,Y,,,,Y,,A,01,0,1,0,0,1,0,0,0,0,"- ","- ",,,"SAN FRANCISCO","SAN FRANCISCO",-122.41568756103516,37.782569885253906
8900630,2019,2019-07-25,3801,2019-06-02,1245,1833,SOUTH,7,5,7,3801,0,0,0,,0,0B1,"HARRISON ST","FREMONT ST",0.00,,Y,A,-,N,,,,,,,,,,N,4,0,1,2,A,-,10,21950,A,N,G,B,B,A,H,-,C,A,0,Y,,,,Y,,-,"- ",0,0,1,0,1,0,0,0,0,"- ","- ",,,"SAN FRANCISCO","SAN FRANCISCO",-122.39205932617188,37.786788940429688
8900634,2019,2019-07-25,3801,2019-06-01,2034,427,BAYVI,6,5,7,3801,0,0,0,,0,3C15D,REVERE,JENNINGS,154.00,W,N,A,-,N,,,,,,,,,,N,2,0,1,2,A,-,03,22350,,F,G,B,D,A,H,-,C,D,0,Y,,,,Y,,-,,1,0,0,0,1,0,0,0,0,"- ","- ",,,"SAN FRANCISCO","SAN FRANCISCO",-122.38685607910156,37.729782104492188
8900637,2019,2019-07-25,3801,2019-06-16,1400,4020,MISIS,7,5,7,3801,0,0,0,,0,3D16C,"14TH ST","GUERRERO ST",75.00,E,N,A,-,N,,,,,,,,,,N,3,0,1,3,A,-,02,21211,B,N,E,G,A,A,H,-,A,D,0,,Y,,,Y,,A,01,0,1,0,0,0,0,1,0,0,"- ","- ",,,"SAN FRANCISCO","SAN FRANCISCO",-122.42414855957031,37.768035888671875