CASE_ID,ACCIDENT_YEAR,PROC_DATE,JURIS,COLLISION_DATE,COLLISION_TIME,OFFICER_ID,REPORTING_DISTRICT,DAY_OF_WEEK,CHP_SHIFT,POPULATION,CNTY_CITY_LOC,SPECIAL_COND,BEAT_TYPE,CHP_BEAT_TYPE,CITY_DIVISION_LAPD,CHP_BEAT_CLASS,BEAT_NUMBER,PRIMARY_RD,SECONDARY_RD,DISTANCE,DIRECTION,INTERSECTION,WEATHER_1,WEATHER_2,STATE_HWY_IND,CALTRANS_COUNTY,CALTRANS_DISTRICT,STATE_ROUTE,ROUTE_SUFFIX,POSTMILE_PREFIX,POSTMILE,LOCATION_TYPE,RAMP_INTERSECTION,SIDE_OF_HWY,TOW_AWAY,COLLISION_SEVERITY,NUMBER_KILLED,NUMBER_INJURED,PARTY_COUNT,PRIMARY_COLL_FACTOR,PCF_CODE_OF_VIOL,PCF_VIOL_CATEGORY,PCF_VIOLATION,PCF_VIOL_SUBSECTION,HIT_AND_RUN,TYPE_OF_COLLISION,MVIW,PED_ACTION,ROAD_SURFACE,ROAD_COND_1,ROAD_COND_2,LIGHTING,CONTROL_DEVICE,CHP_ROAD_TYPE,PEDESTRIAN_ACCIDENT,BICYCLE_ACCIDENT,MOTORCYCLE_ACCIDENT,TRUCK_ACCIDENT,NOT_PRIVATE_PROPERTY,ALCOHOL_INVOLVED,STWD_VEHTYPE_AT_FAULT,CHP_VEHTYPE_AT_FAULT,COUNT_SEVERE_INJ,COUNT_VISIBLE_INJ,COUNT_COMPLAINT_PAIN,COUNT_PED_KILLED,COUNT_PED_INJURED,COUNT_BICYCLIST_KILLED,COUNT_BICYCLIST_INJURED,COUNT_MC_KILLED,COUNT_MC_INJURED,PRIMARY_RAMP,SECONDARY_RAMP,LATITUDE,LONGITUDE,COUNTY,CITY,POINT_X,POINT_Y
8900639,2019,2019-08-14,3801,2019-06-30,2115,235,"BAY V",7,5,7,3801,0,0,0,,0,3C14E,"BAY SHORE BL","OAKDALE AV",203.00,N,N,A,-,N,,,,,,,,,,N,4,0,1,2,A,-,05,21650,1,N,B,G,A,A,H,-,C,A,0,,Y,,,Y,,L,04,0,0,1,0,0,0,1,0,0,"- ","- ",,,"SAN FRANCISCO","SAN FRANCISCO",-122.40486145019531,37.743518829345703
8900648,2019,2019-07-26,3801,2019-06-19,1712,817,NORTH,3,5,7,3801,0,0,0,,0,3E12D,"MCALLISTER ST","BUCHANAN ST",0.00,,Y,A,-,N,,,,,,,,,,N,3,0,1,2,A,-,17,22517,,F,H,G,A,A,H,-,A,D,0,,Y,,,Y,,-,,0,1,0,0,0,0,1,0,0,"- ","- ",,,"SAN FRANCISCO","SAN FRANCISCO",-122.42855834960938,37.779041290283203
8900652,2019,2019-08-26,3801,2019-06-18,0840,A23073,BAYVI,2,5,7,3801,0,0,0,,0,3C00,"RHODE ISLAND ST","16TH ST",0.00,,Y,A,-,N,,,,,,,,,,,3,0,1,2,A,-,17,22517,,N,H,G,A,A,-,-,A,A,0,,Y,,,Y,Y,-,,0,1,0,0,0,0,1,0,0,"- ","- ",,,"SAN FRANCISCO","SAN FRANCISCO",-122.40267944335938,37.766098022460938
8900660,2019,2019-07-26,3801,2019-06-18,1855,1119,SOUTH,2,5,7,3801,0,0,0,,0,,"BRANNAN ST","4TH ST",60.00,E,N,A,-,N,,,,,,,,,,N,4,0,1,2,A,-,09,21801,A,N,B,G,A,A,H,-,A,A,0,,Y,,,Y,,L,04,0,0,1,0,0,0,1,0,0,"- ","- ",,,"SAN FRANCISCO","SAN FRANCISCO",-122.39639282226562,37.778446197509766
8900676,2019,2019-07-26,3801,2019-06-13,1623,459,RICHM,4,5,7,3801,0,0,0,,0,190426,"JOHN F KENNEDY DR","MARX MEADOW DR",58.00,W,N,A,-,N,,,,,,,,,,N,3,0,1,2,A,-,08,22107,,N,B,G,A,A,H,-,A,D,0,,Y,,,Y,,A,01,0,1,0,0,0,0,1,0,0,"- ","- ",,,"SAN FRANCISCO","SAN FRANCISCO",-122.48674011230469,37.770805358886719
8900680,2019,2019-07-26,3801,2019-06-13,1413,2262,BAYVI,4,5,7,3801,0,0,0,,0,5CAR,"3RD ST","GILLMAN AV",3.00,S,N,A,-,N,,,,,,,,,,N,4,0,1,2,A,-,00,21456,D,N,G,B,B,A,H,-,A,A,0,Y,,,,Y,,N,60,0,0,1,0,1,0,0,0,0,"- ","- ",,,"SAN FRANCISCO","SAN FRANCISCO",-122.39557647705078,37.722362518310547
8900684,2019,2019-08-26,3801,2019-06-13,1027,50,TENDE,4,5,7,3801,0,0,0,,0,005,"ELLIS ST","CYRIL MAGNIN ST",0.00,,Y,A,-,N,,,,,,,,,,N,4,0,1,2,A,-,11,21453,D,N,G,B,B,A,H,-,A,A,0,Y,,,,Y,,N,60,0,0,1,0,1,0,0,0,0,"- ","- ",,,"SAN FRANCISCO","SAN FRANCISCO",-122.40866088867188,37.785430908203125
8900688,2019,2019-07-26,3801,2019-06-13,0805,2461,CENTR,4,5,7,3801,0,0,0,,0,3A11C,"LAGUNA ST","CLEARY ST",0.00,,Y,A,-,N,,,,,,,,,,N,3,0,1,2,D,-,00,,,F,G,B,B,A,H,-,A,A,0,Y,,,,Y,,-,"- ",0,1,0,0,1,0,0,0,0,"- ","- ",,,"SAN FRANCISCO","SAN FRANCISCO",-122.42778015136719,37.783908843994141
8900722,2019,2019-07-26,3801,2019-06-27,0845,1853,CENTR,4,5,7,3801,0,0,0,,0,3A2,"BUSH ST","TIMOTHY PFLUEGER PL",0.00,,Y,A,-,N,,,,,,,,,,N,3,0,1,2,A,-,10,21950,A,N,G,B,B,A,H,-,A,D,0,Y,,,,Y,,A,01,0,1,0,0,1,0,0,0,0,"- ","- ",,,"SAN FRANCISCO","SAN FRANCISCO",,
8900730,2019,2019-07-26,3801,2019-06-13,0855,207,CENTR,4,5,7,3801,0,0,0,,0,3A14A,"COLUMBUS AV","VALLEJO ST",15.00,N,N,A,-,N,,,,,,,,,,N,4,0,1,2,A,-,10,21950,A,N,G,B,B,A,H,-,A,A,0,Y,,,,Y,,A,01,0,0,1,0,1,0,0,0,0,"- ","- ",,,"SAN FRANCISCO","SAN FRANCISCO",-122.40792846679688,37.798748016357422
8900731,2019,2019-07-25,3801,2019-06-28,1238,229,MISSI,5,5,7,3801,0,0,0,,0,0D1,"VALENCIA ST","18TH ST",300.00,S,N,A,-,N,,,,,,,,,,N,4,0,1,2,A,-,08,22107,,N,B,G,A,A,H,-,A,D,0,,Y,,,Y,,A,01,0,0,1,0,0,0,1,0,0,"- ","- ",,,"SAN FRANCISCO","SAN FRANCISCO",-122.42147827148438,37.760887145996094
8900733,2019,2019-07-26,3801,2019-06-25,0613,2375,RICHM,2,5,7,3801,0,0,0,,0,3G60,"MARTIN LUTHER KING JR DR","19TH AV",37.00,E,N,A,-,N,,,,,,,,,,Y,4,0,1,2,A,-,09,21453,B,N,F,G,A,A,H,-,A,A,0,,Y,Y,,Y,,L,04,0,0,1,0,0,0,1,0,0,"- ","- ",,,"SAN FRANCISCO","SAN FRANCISCO",-122.47724914550781,37.766063690185547
8900734,2019,2019-07-31,3801,2019-06-27,0153,2424,SOUTH,4,5,7,3801,0,0,0,,0,3B1E,"HOWARD ST","1ST ST",0.00,,Y,A,-,N,,,,,,,,,,N,1,1,0,2,A,-,10,21950,A,N,G,B,B,A,-,-,C,A,0,Y,,,,Y,,A,01,0,0,0,1,0,0,0,0,0,"- ","- ",,,"SAN FRANCISCO","SAN FRANCISCO",-122.39604187011719,37.788551330566406
8900738,2019,2019-07-26,3801,2019-06-12,1732,1194,TENDE,3,5,7,3801,0,0,0,,0,3J93,"MARKET ST","7TH ST",157.00,E,N,A,-,N,,,,,,,,,,N,4,0,1,3,A,-,17,22517,,N,B,G,A,A,H,-,A,D,0,,Y,,,Y,,-,,0,0,1,0,0,0,1,0,0,"- ","- ",,,"SAN FRANCISCO","SAN FRANCISCO",-122.41213226318359,37.780788421630859
8900739,2019,2019-07-25,3801,2019-06-28,1040,1145,SOUTH,5,5,7,3801,0,0,0,,0,3B45,"HOWARD ST","3RD ST",18.00,E,N,A,-,N,,,,,,,,,,N,4,0,1,2,A,-,21,22106,,F,G,B,B,A,H,-,A,A,0,Y,,,,Y,Y,A,01,0,0,1,0,1,0,0,0,0,"- ","- ",,,"SAN FRANCISCO","SAN FRANCISCO",-122.40045928955078,37.785045623779297
8900741,2019,2019-07-26,3801,2019-06-25,1309,1190,SOUTH,2,5,7,3801,0,0,0,,0,3B14A,"FOLSOM ST","HAWTHORNE ST",8.00,E,N,A,-,N,,,,,,,,,,N,3,0,1,2,A,-,10,21950,A,N,G,B,B,A,H,-,A,A,0,Y,,,,Y,,A,07,0,1,0,0,1,0,0,0,0,"- ","- ",,,"SAN FRANCISCO","SAN FRANCISCO",-122.39781188964844,37.784694671630859
8900745,2019,2019-07-26,3801,2019-06-25,0938,0552,SOUTH,2,5,7,3801,0,0,0,,0,3B60,"TOWNSEND ST","6TH ST",0.00,,Y,A,-,N,,,,,,,,,,N,4,0,1,2,A,-,03,22350,,N,-,B,A,A,H,-,A,-,0,,,,,Y,,A,07,0,0,1,0,0,0,0,0,0,"- ","- ",,,"SAN FRANCISCO","SAN FRANCISCO",-122.39942932128906,37.773609161376953
8900747,2019,2019-07-25,3801,2019-06-27,1752,4294,SOUTH,4,5,7,3801,0,0,0,,0,0B5,"MISSION ROCK ST","3RD ST",18.00,E,N,A,-,N,,,,,,,,,,N,4,0,1,2,A,-,11,21950,B,N,G,B,B,A,H,-,A,A,0,Y,,,,Y,,N,60,0,0,1,0,1,0,0,0,0,"- ","- ",,,"SAN FRANCISCO","SAN FRANCISCO",-122.38973999023438,37.772918701171875
8900749,2019,2019-07-26,3801,2019-06-26,0820,298,PARK,3,5,7,3801,0,0,0,,0,3F13A,"MASONIC AV","HAYES ST",0.00,,Y,B,-,N,,,,,,,,,,N,4,0,1,2,A,-,08,22101,D,N,D,G,A,A,H,-,A,A,0,,Y,,,Y,,A,01,0,0,1,0,0,0,1,0,0,"- ","- ",,,"SAN FRANCISCO","SAN FRANCISCO",-122.44611358642578,37.773941040039062
8900750,2019,2019-07-26,3801,2019-06-11,1822,892,SOUTH,2,5,7,3801,0,0,0,,0,3B12D,"5TH ST","HARRISON ST",0.00,,Y,A,-,N,,,,,,,,,,N,4,0,1,2,D,-,00,,,N,B,G,A,-,H,-,A,-,0,,Y,Y,,Y,,-,"- ",0,0,1,0,0,0,1,0,0,"- ","- ",,,"SAN FRANCISCO","SAN FRANCISCO",-122.40187072753906,37.779060363769531
8900756,2019,2019-07-25,3801,2019-06-03,1540,4314,RICHM,1,5,7,3801,0,0,0,,0,0G3,"5TH AV","CLEMENT ST",129.00,N,N,B,-,N,,,,,,,,,,N,2,0,1,2,C,-,18,,,N,G,B,E,A,H,-,A,D,0,Y,,,,Y,,-,"- ",1,0,0,0,1,0,0,0,0,"- ","- ",,,"SAN FRANCISCO","SAN FRANCISCO",-122.46338653564453,37.783344268798828
8900758,2019,2019-07-26,3801,2019-06-27,1024,1102,MISSI,4,5,7,3801,0,0,0,,0,0D1,"MARKET ST","EUREKA ST",0.00,,Y,A,-,N,,,,,,,,,,N,4,0,1,2,A,-,12,21453,A,N,D,G,A,A,H,-,A,A,0,,Y,,,Y,,A,08,0,0,1,0,0,0,1,0,0,"- ","- ",,,"SAN FRANCISCO","SAN FRANCISCO",-122.43834686279297,37.76171875
8900761,2019,2019-07-26,3801,2019-06-26,1354,268,MISSI,3,5,7,3801,0,0,0,,0,3D10,"MISSION ST","17TH ST",40.00,S,N,A,-,N,,,,,,,,,,N,3,0,2,2,A,-,09,21801,A,N,B,G,A,A,H,-,A,A,0,,Y,Y,,Y,,L,04,0,2,0,0,0,0,1,0,1,"- ","- ",,,"SAN FRANCISCO","SAN FRANCISCO",-122.41949462890625,37.763309478759766
8900763,2019,2019-07-25,3801,2019-06-04,0910,991,TRAFF,2,5,7,3801,0,0,0,,0,4B5H,"3RD ST",JERROLD,18.00,N,N,A,-,N,,,,,,,,,,N,3,0,1,2,A,-,08,22107,,N,G,B,B,A,H,-,A,A,0,Y,,,,Y,,A,07,0,1,0,0,1,0,0,0,0,"- ","- ",,,"SAN FRANCISCO","SAN FRANCISCO",-122.38934326171875,37.738826751708984
8900764,2019,2019-07-25,3801,2019-06-15,1100,1336,NORTH,6,5,7,3801,0,0,0,,0,3E12A,"FULTON ST","WEBSTER ST",0.00,,Y,A,-,N,,,,,,,,,,N,3,0,1,2,A,-,08,22101,D,N,G,B,E,A,H,-,A,A,0,Y,,,,Y,Y,A,01,0,1,0,0,1,0,0,0,0,"- ","- ",,,"SAN FRANCISCO","SAN FRANCISCO",-122.42990875244141,37.777908325195312
8900770,2019,2019-07-26,3801,2019-06-27,1755,1787,NORTH,4,5,7,3801,0,0,0,,0,05E,"GREEN ST","LAGUNA ST",0.00,,Y,A,-,N,,,,,,,,,,N,4,0,1,2,A,-,12,22450,A,N,C,G,A,A,H,-,A,D,0,,Y,,,Y,,L,04,0,0,1,0,0,0,1,0,0,"- ","- ",,,"SAN FRANCISCO","SAN FRANCISCO",-122.43035125732422,37.796791076660156
8900771,2019,2019-07-25,3801,2019-06-29,1920,386,INGLE,6,5,7,3801,0,0,0,,0,3H2D,"BOSWORTH ST","DIAMOND ST",0.00,,Y,A,-,N,,,,,,,,,,N,4,0,1,2,A,-,11,21453,D,N,G,B,D,A,H,-,A,A,0,Y,,,,Y,,N,60,0,0,1,0,1,0,0,0,0,"- ","- ",,,"SAN FRANCISCO","SAN FRANCISCO",-122.43412780761719,37.733558654785156
8900774,2019,2019-07-26,3801,2019-06-23,2155,2488,,7,5,7,3801,0,0,0,,0,3D15E,"CASTRO ST","MARKET ST",0.00,,Y,A,-,N,,,,,,,,,,N,3,0,2,3,A,-,10,21950,A,F,G,B,B,A,H,-,C,A,0,Y,,,,Y,Y,A,01,0,2,0,0,2,0,0,0,0,"- ","- ",,,"SAN FRANCISCO","SAN FRANCISCO",-122.43515777587891,37.762638092041016
8900776,2019,2019-07-25,3801,2019-06-15,1110,1633,TENDE,6,5,7,3801,0,0,0,,0,3J12A,"6TH ST","JESSIE ST",0.00,,Y,A,-,N,,,,,,,,,,N,4,0,1,2,A,-,11,21954,A,N,A,B,B,A,H,-,A,A,0,Y,,,,Y,,N,60,0,0,1,0,1,0,0,0,0,"- ","- ",,,"SAN FRANCISCO","SAN FRANCISCO",-122.40921020507812,37.781398773193359
8900778,2019,2019-07-26,3801,2019-06-23,2142,276,NORTH,7,5,7,3801,0,0,0,,0,3E15E,"LAGUNA ST","UNION ST",0.00,,Y,A,-,N,,,,,,,,,,N,3,0,1,2,A,-,10,21950,A,N,G,B,B,A,H,-,D,A,0,Y,,,,Y,,A,01,0,1,0,0,1,0,0,0,0,"- ","- ",,,"SAN FRANCISCO","SAN FRANCISCO",-122.4305419921875,37.797710418701172
8900782,2019,2019-07-26,3801,2019-06-11,2035,1253,MISSI,2,5,7,3801,0,0,0,,0,3D41D,"DOLORES ST","17TH ST",102.00,N,N,A,-,N,,,,,,,,,,N,3,0,1,2,A,-,08,22107,,N,D,G,A,A,H,-,C,A,0,,Y,,,Y,,A,01,0,1,0,0,0,0,1,0,0,"- ","- ",,,"SAN FRANCISCO","SAN FRANCISCO",-122.42632293701172,37.763290405273438
8900786,2019,2019-07-26,3801,2019-06-11,2201,377,SOUTH,2,5,7,3801,0,0,0,,0,3B11E,"MISSION ST","MAIN ST",0.00,,Y,A,-,N,,,,,,,,,,Y,3,0,1,2,A,-,12,21453,A,N,G,B,B,A,H,-,C,A,0,Y,,,,Y,Y,A,01,0,1,0,0,1,0,0,0,0,"- ","- ",,,"SAN FRANCISCO","SAN FRANCISCO",-122.39497375488281,37.791858673095703
8900787,2019,2019-07-25,3801,2019-06-12,1040,1286,NORTH,3,5,7,3801,0,0,0,,0,3E42C,"STOCKTON ST","GEARY ST",0.00,,Y,-,-,N,,,,,,,,,,N,4,0,1,2,A,-,10,21950,A,M,G,B,B,A,G,-,A,A,0,Y,,,,Y,Y,A,01,0,0,1,0,1,0,0,0,0,"- ","- ",,,"SAN FRANCISCO","SAN FRANCISCO",-122.40657806396484,37.787559509277344
8900790,2019,2019-07-26,3801,2019-06-11,1948,970,SOUTH,2,5,7,3801,0,0,0,,0,0B4,"S VAN NESS AV","OTIS ST",3.00,N,N,A,-,N,,,,,,,,,,N,3,0,1,2,A,-,05,21651,B,N,D,G,A,A,H,-,A,A,0,,Y,,,Y,,L,04,0,1,0,0,0,0,1,0,0,"- ","- ",,,"SAN FRANCISCO","SAN FRANCISCO",-122.41863250732422,37.773117065429688
8900798,2019,2019-07-26,3801,2019-06-25,2215,2485,CENTR,2,5,7,3801,0,0,0,,0,3CAR,"BEACH ST","JONES ST",83.00,E,N,A,-,N,,,,,,,,,,Y,4,0,1,2,A,-,07,21658,A,F,G,B,F,A,H,-,C,D,0,Y,,,,Y,,A,01,0,0,1,0,1,0,0,0,0,"- ","- ",,,"SAN FRANCISCO","SAN FRANCISCO",-122.41697692871094,37.807117462158203
8904294,2019,2019-08-08,3801,2019-06-28,1810,1666,PARK,5,5,7,3801,0,0,0,,0,4CAR,"OAK ST","DIVISADERO ST",0.00,,Y,A,-,N,,,,,,,,,,N,4,0,1,2,A,-,03,22350,,N,C,G,A,A,H,-,A,A,0,,Y,,,Y,,L,04,0,0,1,0,0,0,1,0,0,"- ","- ",,,"SAN FRANCISCO","SAN FRANCISCO",-122.43743133544922,37.773139953613281
8904298,2019,2019-08-08,3801,2019-06-29,1920,4040,CENTR,6,5,7,3801,0,0,0,,0,3A14D,"THE EMBARCADERO","POWELL ST",237.00,E,N,A,-,N,,,,,,,,,,N,4,0,3,2,A,-,09,21804,A,N,B,G,A,A,H,-,A,D,0,,Y,,,Y,,L,04,0,0,3,0,0,0,3,0,0,"- ","- ",,,"SAN FRANCISCO","SAN FRANCISCO",-122.41169738769531,37.808444976806641
8904302,2019,2019-08-08,3801,2019-06-29,2007,54,NORTH,6,5,7,3801,0,0,0,,0,3E16D,"POLK ST","POLK ST 1544",0.00,,Y,A,-,N,,,,,,,,,,N,3,0,1,2,C,-,18,,,N,E,G,A,A,H,-,A,D,0,,Y,,,Y,,-,"- ",0,1,0,0,0,0,1,0,0,"- ","- ",,,"SAN FRANCISCO","SAN FRANCISCO",,
8904314,2019,2019-08-08,3801,2019-06-16,2104,441,TRAFF,7,5,7,3801,0,0,0,,0,,"BEACH ST","COLUMBUS AV",0.00,,Y,A,-,N,,,,,,,,,,,2,0,1,2,A,-,10,21950,,F,G,B,-,A,H,-,C,-,0,Y,,,,Y,,-,,1,0,0,0,1,0,0,0,0,"- ","- ",,,"SAN FRANCISCO","SAN FRANCISCO",-122.41956329345703,37.806770324707031
8905072,2019,2019-10-01,3801,2019-08-24,1720,2286,,6,5,7,3801,0,0,0,,0,4B4H,"GEARY BL","WEBSTER ST",54.00,E,N,A,-,N,,,,,,,,,,Y,2,0,2,3,B,-,22,,,N,G,B,E,A,H,-,A,D,0,Y,,,,Y,,J,48,1,1,0,0,2,0,0,0,0,"- ","- ",,,"SAN FRANCISCO","SAN FRANCISCO",-122.43111419677734,37.784751892089844
8909625,2019,2019-10-24,3801,2019-09-20,2032,2321,,5,5,7,3801,0,0,0,,0,3C13D,"3RD ST","NEWCOMB AV",0.00,,Y,A,-,N,,,,,,,,,,N,4,0,1,2,A,-,11,21954,A,F,G,B,E,A,H,-,C,A,0,Y,,,,Y,Y,N,60,0,0,1,0,1,0,0,0,0,"- ","- ",,,"SAN FRANCISCO","SAN FRANCISCO",-122.39048767089844,37.735630035400391
8909643,2019,2019-10-29,3801,2019-09-30,1529,4366,PARK,1,5,7,3801,0,0,0,,0,3F1D,"JUDAH ST","6TH AV",0.00,,Y,A,-,N,,,,,,,,,,N,3,0,1,2,A,-,10,21950,A,N,D,B,B,A,H,-,A,A,0,Y,,,,Y,,M,44,0,1,0,0,1,0,0,0,0,"- ","- ",,,"SAN FRANCISCO","SAN FRANCISCO",-122.46296691894531,37.762340545654297
8909647,2019,2019-10-29,3801,2019-09-26,1230,4352,SOUTH,4,5,7,3801,0,0,0,,0,0B1,"HOWARD ST","1ST ST",0.00,,Y,A,-,N,,,,,,,,,,N,2,0,1,2,A,-,10,21950,A,N,G,B,B,A,H,-,A,A,0,Y,,,,Y,,A,08,1,0,0,0,1,0,0,0,0,"- ","- ",,,"SAN FRANCISCO","SAN FRANCISCO",-122.39604187011719,37.788551330566406
8909658,2019,2019-10-31,3801,2019-09-09,1115,1950,RICHM,1,5,7,3801,0,0,0,,0,3G1A,"MARTIN LUTHER KING DR","CROSSOVER DR",0.00,,Y,A,-,N,,,,,,,,,,N,3,0,1,2,A,-,03,22350,,N,B,G,A,A,H,-,A,D,0,,Y,,,Y,,A,01,0,1,0,0,0,0,1,0,0,"- ","- ",,,"SAN FRANCISCO","SAN FRANCISCO",-122.47737884521484,37.766040802001953
8910864,2019,2020-03-23,3801,2019-10-16,0810,2210,SOUTH,3,5,7,3801,0,0,0,,0,0B2,"5TH ST","HARRISON ST",0.00,,Y,A,-,N,,,,,,,,,,N,4,0,1,2,A,-,10,21950,A,N,G,B,B,A,H,-,A,A,0,Y,,,,Y,,A,01,0,0,1,0,1,0,0,0,0,"- ","- ",,,"SAN FRANCISCO","SAN FRANCISCO",-122.40187072753906,37.779060363769531
8911052,2020,2020-05-12,3801,2020-03-05,2303,1148,MISSI,4,5,7,3801,0,0,0,,0,3D90,"VALENCIA ST","18TH ST",7.00,N,N,A,-,N,,,,,,,,,,Y,1,1,1,3,A,-,10,21950,A,N,G,B,B,A,H,-,C,A,0,Y,,,,Y,,D,22,0,1,0,1,1,0,0,0,0,"- ","- ",,,"SAN FRANCISCO","SAN FRANCISCO",-122.42156219482422,37.761730194091797
8911085,2019,2020-05-19,3801,2019-05-11,1931,379,TRAFF,6,5,7,3801,0,0,0,,0,4B3H,"HYDE ST","GOLDEN GATE AV",15.00,S,N,A,-,N,,,,,,,,,,N,1,1,0,2,D,-,00,,,N,G,B,D,A,H,-,B,A,0,Y,,,,Y,,-,"- ",0,0,0,1,0,0,0,0,0,"- ","- ",,,"SAN FRANCISCO","SAN FRANCISCO",-122.41548919677734,37.781608581542969
8911438,2020,2020-08-19,3801,2020-02-21,0827,2127,TRAFF,5,5,7,3801,0,0,0,,0,4B1A,"OFARRELL ST","POLK ST",11.00,E,N,A,-,N,,,,,,,,,,N,1,1,0,2,A,-,10,21950,A,N,G,B,B,A,H,-,A,A,0,Y,,,,Y,,D,22,0,0,0,1,0,0,0,0,0,"- ","- ",,,"SAN FRANCISCO","SAN FRANCISCO",-122.41950988769531,37.78497314453125
8911439,2020,2020-08-19,3801,2020-03-01,0727,1887,TRAFF,7,5,7,3801,0,0,0,,0,,"GEARY ST","TAYLOR ST",13.00,W,N,B,-,N,,,,,,,,,,Y,1,1,0,2,A,-,10,21950,A,N,G,B,B,A,H,-,A,A,0,Y,,,,Y,,D,22,0,0,0,1,0,0,0,0,0,"- ","- ",,,"SAN FRANCISCO","SAN FRANCISCO",-122.41155242919922,37.786945343017578
8911447,2020,2020-08-19,3801,2020-05-29,0729,1487,TRAFF,5,5,7,3801,0,0,0,,0,4B1C,"FREDERICK ST","WILLARD ST",388.00,W,N,B,-,N,,,,,,,,,,Y,1,1,0,3,A,-,17,22517,,N,B,G,A,A,H,-,A,D,0,,Y,,,Y,,-,,0,0,0,0,0,1,0,0,0,"- ","- ",,,"SAN FRANCISCO","SAN FRANCISCO",-122.45590209960938,37.765987396240234
8911448,2020,2020-08-19,3801,2020-06-18,0700,1994,TRAFF,4,5,7,3801,0,0,0,,0,4B1G,"SAN BRUNO AV","DWIGHT ST",15.00,N,N,A,-,N,,,,,,,,,,N,1,1,0,2,A,-,11,21453,D,N,G,B,D,A,H,-,A,A,0,Y,,,,Y,Y,N,60,0,0,0,1,0,0,0,0,0,"- ","- ",,,"SAN FRANCISCO","SAN FRANCISCO",-122.40211486816406,37.724079132080078
8911450,2020,2021-02-16,3801,2020-07-10,2128,2310,NORTH,5,5,7,3801,0,0,0,,0,3E13E,"VAN NESS AV","GROVE ST",17.00,S,N,A,-,Y,SF,4,1,-,T,5.070,H,-,S,Y,1,1,0,2,A,-,00,21456,C,N,G,B,D,A,D,-,C,A,0,Y,,,,Y,,N,60,0,0,0,1,0,0,0,0,0,"- ","- ",,,"SAN FRANCISCO","SAN FRANCISCO",-122.41995239257812,37.778205871582031
8911451,2020,2020-08-19,3801,2020-07-17,1743,4178,MISSI,5,5,7,3801,0,0,0,,0,4B3A,"DOLORES ST","CUMBERLAND ST",19.00,N,N,A,-,N,,,,,,,,,,N,1,1,1,2,A,-,03,22350,,N,C,B,E,A,G,-,-,D,0,Y,Y,,,Y,Y,L,04,0,1,0,0,1,1,0,0,0,"- ","- ",,,"SAN FRANCISCO","SAN FRANCISCO",-122.42592620849609,37.759082794189453
8911452,2020,2020-08-19,3801,2020-07-19,1201,1766,TRAFF,7,5,7,3801,0,0,0,,0,4B103,"BAYSHORE BL","JERROLD AV",127.00,S,N,A,-,N,,,,,,,,,,Y,1,1,0,2,A,-,11,21954,A,F,G,B,D,A,H,-,A,D,0,Y,,,,Y,,N,60,0,0,0,1,0,0,0,0,0,"- ","- ",,,"SAN FRANCISCO","SAN FRANCISCO",-122.40364074707031,37.747039794921875
8911453,2020,2020-08-19,3801,2020-08-11,0658,4036,TRAFF,2,5,7,3801,0,0,0,,0,4B5D,"GEARY BL","GOUGH ST",10.00,W,N,B,-,N,,,,,,,,,,Y,1,1,1,2,A,-,12,21453,A,N,G,B,B,A,H,-,A,A,0,Y,,,,Y,,A,07,0,0,1,1,0,0,0,0,0,"- ","- ",,,"SAN FRANCISCO","SAN FRANCISCO",-122.42472076416016,37.785411834716797
8913734,2019,2019-12-17,3801,2019-07-27,0200,426,NORTH,6,5,7,3801,0,0,0,,0,3E13E,"TURK ST","VAN NESS AV",0.00,,Y,A,-,Y,SF,4,101,-,-,5.352,I,5,N,,2,0,1,2,A,-,10,21950,A,F,G,B,B,A,H,-,C,A,0,Y,,,,Y,Y,A,07,1,0,0,0,1,0,0,0,0,"- ","- ",,,"SAN FRANCISCO","SAN FRANCISCO",-122.42055511474609,37.781963348388672
8916812,2019,2019-09-19,3801,2019-07-11,2050,455,SOUTH,4,5,7,3801,0,0,0,,0,0B2,"3RD ST","TOWNSEND ST",0.00,,Y,A,-,N,,,,,,,,,,,4,0,1,2,A,-,09,21801,A,N,D,G,A,A,-,-,C,A,0,,Y,,,Y,,A,01,0,0,1,0,0,0,1,0,0,"- ","- ",,,"SAN FRANCISCO","SAN FRANCISCO",-122.39275360107422,37.778858184814453
8916816,2019,2019-08-23,3801,2019-07-11,2035,1544,CENTR,4,5,7,3801,0,0,0,,0,3A15D,"MARKET ST","BEALE ST",0.00,,Y,A,-,N,,,,,,,,,,N,4,0,1,2,A,-,08,22107,,F,B,G,A,A,H,-,C,A,0,,Y,,,Y,Y,A,01,0,0,1,0,0,0,1,0,0,"- ","- ",,,"SAN FRANCISCO","SAN FRANCISCO",-122.3973388671875,37.792488098144531
8916832,2019,2019-08-23,3801,2019-07-11,1808,2244,TENDE,4,5,7,3801,0,0,0,,0,3J13D,"LARKIN ST","EDDY ST",0.00,,Y,A,-,N,,,,,,,,,,N,4,0,1,2,A,-,10,21950,A,N,G,B,B,A,H,-,A,A,0,Y,,,,Y,,A,01,0,0,1,0,1,0,0,0,0,"- ","- ",,,"SAN FRANCISCO","SAN FRANCISCO",-122.41751861572266,37.783298492431641