CASE_ID,ACCIDENT_YEAR,PROC_DATE,JURIS,COLLISION_DATE,COLLISION_TIME,OFFICER_ID,REPORTING_DISTRICT,DAY_OF_WEEK,CHP_SHIFT,POPULATION,CNTY_CITY_LOC,SPECIAL_COND,BEAT_TYPE,CHP_BEAT_TYPE,CITY_DIVISION_LAPD,CHP_BEAT_CLASS,BEAT_NUMBER,PRIMARY_RD,SECONDARY_RD,DISTANCE,DIRECTION,INTERSECTION,WEATHER_1,WEATHER_2,STATE_HWY_IND,CALTRANS_COUNTY,CALTRANS_DISTRICT,STATE_ROUTE,ROUTE_SUFFIX,POSTMILE_PREFIX,POSTMILE,LOCATION_TYPE,RAMP_INTERSECTION,SIDE_OF_HWY,TOW_AWAY,COLLISION_SEVERITY,NUMBER_KILLED,NUMBER_INJURED,PARTY_COUNT,PRIMARY_COLL_FACTOR,PCF_CODE_OF_VIOL,PCF_VIOL_CATEGORY,PCF_VIOLATION,PCF_VIOL_SUBSECTION,HIT_AND_RUN,TYPE_OF_COLLISION,MVIW,PED_ACTION,ROAD_SURFACE,ROAD_COND_1,ROAD_COND_2,LIGHTING,CONTROL_DEVICE,CHP_ROAD_TYPE,PEDESTRIAN_ACCIDENT,BICYCLE_ACCIDENT,MOTORCYCLE_ACCIDENT,TRUCK_ACCIDENT,NOT_PRIVATE_PROPERTY,ALCOHOL_INVOLVED,STWD_VEHTYPE_AT_FAULT,CHP_VEHTYPE_AT_FAULT,COUNT_SEVERE_INJ,COUNT_VISIBLE_INJ,COUNT_COMPLAINT_PAIN,COUNT_PED_KILLED,COUNT_PED_INJURED,COUNT_BICYCLIST_KILLED,COUNT_BICYCLIST_INJURED,COUNT_MC_KILLED,COUNT_MC_INJURED,PRIMARY_RAMP,SECONDARY_RAMP,LATITUDE,LONGITUDE,COUNTY,CITY,POINT_X,POINT_Y
8916836,2019,2019-08-23,3801,2019-07-11,1730,2132,MISSI,4,5,7,3801,0,0,0,,0,3D60,"VALENCIA ST","18TH ST",70.00,N,N,A,-,N,,,,,,,,,,N,3,0,1,2,A,-,06,21760,C,N,B,G,A,A,H,-,A,D,0,,Y,,,Y,,A,01,0,1,0,0,0,0,1,0,0,"- ","- ",,,"SAN FRANCISCO","SAN FRANCISCO",-122.42157745361328,37.76190185546875
8916856,2019,2019-08-23,3801,2019-07-10,1911,524,SOUTH,3,5,7,3801,0,0,0,,0,3B11D,"5TH ST","HARRISON ST",0.00,,Y,A,-,N,,,,,,,,,,N,2,0,2,2,A,-,11,21954,A,N,A,B,D,A,H,-,A,A,0,Y,,,,Y,,N,60,1,1,0,0,1,0,0,0,0,"- ","- ",,,"SAN FRANCISCO","SAN FRANCISCO",-122.40187072753906,37.779060363769531
8916868,2019,2019-08-23,3801,2019-07-10,1206,1518,CENTR,3,5,7,3801,0,0,0,,0,3A44C,"STOCKTON ST","COLUMBUS AV",92.00,S,N,A,-,N,,,,,,,,,,N,3,0,1,2,A,-,00,21954,,N,G,B,E,A,H,-,A,A,0,Y,,Y,,Y,,N,60,0,1,0,0,1,0,0,0,0,"- ","- ",,,"SAN FRANCISCO","SAN FRANCISCO",-122.40892028808594,37.799251556396484
8916925,2019,2019-09-26,3801,2019-07-30,1122,504,NORTH,2,5,7,3801,0,0,0,,0,3E60,"VAN NESS AV","WILLOW ST",0.00,,Y,A,-,N,,,,,,,,,,N,4,0,1,2,A,-,00,22106,A,N,G,B,D,A,H,-,A,A,0,Y,,,,Y,,D,22,0,0,1,0,1,0,0,0,0,"- ","- ",,,"SAN FRANCISCO","SAN FRANCISCO",-122.42096710205078,37.783329010009766
8916946,2019,2019-08-23,3801,2019-07-03,1143,198,BAYVI,3,5,7,3801,0,0,0,,0,0C1,"BARNEVELD AV","MCKINNON AV",48.00,N,N,A,-,N,,,,,,,,,,,3,0,1,2,A,-,21,22106,,N,G,B,F,A,H,-,A,A,0,Y,,,,Y,,D,22,0,1,0,0,1,0,0,0,0,"- ","- ",,,"SAN FRANCISCO","SAN FRANCISCO",-122.40319061279297,37.743938446044922
8916958,2019,2019-09-09,3801,2019-07-08,0740,196,CENTR,1,5,7,3801,0,0,0,,0,3A13A,"COSMO PL","JONES ST",59.00,E,N,B,-,N,,,,,,,,,,N,2,0,1,2,A,-,11,21954,A,N,G,B,E,A,H,-,A,A,0,Y,,,Y,Y,,N,60,1,0,0,0,1,0,0,0,0,"- ","- ",,,"SAN FRANCISCO","SAN FRANCISCO",-122.41318511962891,37.787982940673828
8919601,2019,2019-08-23,3801,2019-07-10,1809,1825,NORTH,3,5,7,3801,0,0,0,,0,3E15D,"STEINER ST","FILBERT ST",0.00,,Y,A,-,N,,,,,,,,,,N,4,0,1,2,A,-,12,22450,A,N,A,G,A,A,H,-,A,A,0,,Y,,,Y,,L,04,0,0,1,0,0,0,1,0,0,"- ","- ",,,"SAN FRANCISCO","SAN FRANCISCO",-122.43733215332031,37.797809600830078
8919602,2019,2019-08-22,3801,2019-07-07,2218,1413,TENDR,7,5,7,3801,0,0,0,,0,,"8TH ST","MARKET ST",69.00,S,N,A,-,N,,,,,,,,,,N,4,0,1,2,A,-,06,21756,A,N,G,B,E,A,H,-,C,A,0,Y,,,,Y,,A,01,0,0,1,0,1,0,0,0,0,"- ","- ",,,"SAN FRANCISCO","SAN FRANCISCO",-122.41458892822266,37.778579711914062
8919603,2019,2019-08-27,3801,2019-07-26,2121,1856,NORTH,5,5,7,3801,0,0,0,,0,0E1,"BUCHANAN ST","PAGE ST",0.00,,Y,A,-,N,,,,,,,,,,N,3,0,1,2,A,-,10,21950,A,N,A,B,B,A,H,-,C,A,0,Y,,,,Y,,A,01,0,1,0,0,1,0,0,0,0,"- ","- ",,,"SAN FRANCISCO","SAN FRANCISCO",-122.42735290527344,37.773448944091797
8919606,2019,2019-08-22,3801,2019-07-07,0937,1764,TAFF,7,5,7,3801,0,0,0,,0,4BIJ,"5TH ST","MARKET ST",150.00,S,N,A,-,N,,,,,,,,,,N,2,0,1,2,A,-,11,21954,A,N,G,B,D,A,H,-,A,A,0,Y,,,,Y,,N,60,1,0,0,0,1,0,0,0,0,"- ","- ",,,"SAN FRANCISCO","SAN FRANCISCO",-122.40769958496094,37.783702850341797
8919613,2019,2019-08-23,3801,2019-07-09,0611,1276,MISSI,2,5,7,3801,0,0,0,,0,3D16A,"16TH ST","SOUTH VAN NESS AV",0.00,,Y,A,-,N,,,,,,,,,,N,3,0,1,2,A,-,00,20001,,F,G,B,E,A,H,-,A,A,0,Y,,,,Y,,A,08,0,1,0,0,1,0,0,0,0,"- ","- ",,,"SAN FRANCISCO","SAN FRANCISCO",-122.41748809814453,37.765178680419922
8919615,2019,2019-08-27,3801,2019-07-26,0820,1336,NORTH,5,5,7,3801,0,0,0,,0,0E2,"GEARY BL","DIVISADERO ST",0.00,,Y,A,-,N,,,,,,,,,,N,2,0,2,2,A,-,11,21453,D,N,G,B,B,A,H,-,A,A,0,Y,,Y,,Y,,N,60,1,0,1,0,1,0,0,0,1,"- ","- ",,,"SAN FRANCISCO","SAN FRANCISCO",-122.43948364257812,37.783359527587891
8919617,2019,2019-08-23,3801,2019-07-08,2304,412,TENDE,1,5,7,3801,0,0,0,,0,2100,"LARKIN ST","ELLIS ST",0.00,,Y,A,-,N,,,,,,,,,,N,2,0,1,2,A,-,12,21453,A,N,G,B,B,A,-,-,C,A,0,Y,,,,Y,,A,01,1,0,0,0,1,0,0,0,0,"- ","- ",,,"SAN FRANCISCO","SAN FRANCISCO",-122.41771697998047,37.784248352050781
8919624,2019,2019-08-22,3801,2019-07-18,2307,1823,SOUTH,4,5,7,3801,0,0,0,,0,3B12E,"NATOMA ST","5TH ST",0.00,,Y,A,-,N,,,,,,,,,,N,2,0,1,2,A,-,10,21950,A,F,D,G,A,A,H,-,C,D,0,,Y,,,Y,,A,01,1,0,0,0,0,0,1,0,0,"- ","- ",,,"SAN FRANCISCO","SAN FRANCISCO",-122.40545654296875,37.781948089599609
8919627,2019,2019-08-27,3801,2019-07-04,0209,1100,TENDE,4,5,7,3801,0,0,0,,0,3J14E,"EDDY ST","LEAVENWORTH ST",10.00,E,N,A,-,N,,,,,,,,,,N,4,0,1,2,A,-,10,21950,A,N,G,B,B,A,-,-,C,A,0,Y,,,,Y,Y,A,01,0,0,1,0,1,0,0,0,0,"- ","- ",,,"SAN FRANCISCO","SAN FRANCISCO",-122.41420745849609,37.783733367919922
8919628,2019,2019-08-22,3801,2019-07-17,1825,556,SOUTH,3,5,7,3801,0,0,0,,0,0B1,"MISSION ST","THE EMBARCADERO",90.00,W,N,A,-,N,,,,,,,,,,Y,3,0,1,2,A,-,08,22107,,N,B,G,A,A,H,-,A,A,0,,Y,,,Y,,A,01,0,1,0,0,0,0,1,0,0,"- ","- ",,,"SAN FRANCISCO","SAN FRANCISCO",-122.39284515380859,37.793533325195312
8919629,2019,2019-08-23,3801,2019-07-08,1558,524,SOUTH,1,5,7,3801,0,0,0,,0,3B14D,"4TH ST","MISSION BAY BL NORTH",0.00,,Y,A,-,N,,,,,,,,,,N,4,0,1,2,A,-,10,21950,A,N,G,B,B,A,H,-,A,A,0,Y,,,,Y,,A,01,0,0,1,0,1,0,0,0,0,"- ","- ",,,"SAN FRANCISCO","SAN FRANCISCO",-122.39121246337891,37.770969390869141
8919630,2019,2019-08-22,3801,2019-07-01,0845,2271,INGLE,1,5,7,3801,0,0,0,,0,3H15D,"RUSSIA AV","LISBON ST",0.00,,Y,A,-,N,,,,,,,,,,N,3,0,1,2,A,-,12,22450,A,N,D,G,A,A,H,-,A,A,0,,Y,,,Y,,A,08,0,1,0,0,0,0,1,0,0,"- ","- ",,,"SAN FRANCISCO","SAN FRANCISCO",-122.43479156494141,37.720458984375
8919632,2019,2019-08-22,3801,2019-07-17,0910,198,BAYV,3,5,7,3801,0,0,0,,0,0C4,"FULTON ST","18TH AV",10.00,W,N,F,-,N,,,,,,,,,,N,3,0,1,2,A,-,17,22517,,N,G,B,E,-,-,-,-,-,0,Y,,,,Y,,N,60,0,1,0,0,0,0,0,0,0,"- ","- ",,,"SAN FRANCISCO","SAN FRANCISCO",-122.47673797607422,37.772899627685547
8919635,2019,2019-08-27,3801,2019-07-01,1029,2491,SOUTH,1,5,7,3801,0,0,0,,0,3B14B,"MISSION ST","SOUTH VANESS",0.00,,Y,A,-,N,,,,,,,,,,N,3,0,1,2,A,-,08,22107,,N,B,G,A,A,H,-,A,A,0,,Y,,,Y,,L,04,0,1,0,0,0,0,1,0,0,"- ","- ",,,"SAN FRANCISCO","SAN FRANCISCO",,
8919641,2019,2019-08-23,3801,2019-07-16,1022,1371,MISSI,2,5,7,3801,0,0,0,,0,0D4,"MISSION ST","24TH ST",145.00,S,N,A,-,N,,,,,,,,,,N,3,0,1,2,A,-,17,22517,,N,B,G,A,A,H,-,A,A,0,,Y,,,Y,,A,01,0,1,0,0,0,0,1,0,0,"- ","- ",,,"SAN FRANCISCO","SAN FRANCISCO",-122.41844177246094,37.751861572265625
8919648,2019,2019-08-22,3801,2019-07-17,0903,306,BAYVI,3,5,7,3801,0,0,0,,0,,"PHELPS ST","GALVEZ AV",0.00,,Y,A,-,N,,,,,,,,,,,4,0,1,2,A,-,09,21804,A,F,D,G,A,A,H,-,A,D,0,,Y,,,Y,,A,01,0,0,1,0,0,0,1,0,0,"- ","- ",,,"SAN FRANCISCO","SAN FRANCISCO",-122.38954925537109,37.741729736328125
8919651,2019,2019-08-27,3801,2019-07-02,2045,1017,MISSI,2,5,7,3801,0,0,0,,0,3D11E,"VALENCIA ST","14TH ST",0.00,,Y,A,-,N,,,,,,,,,,N,3,0,1,2,A,-,03,22350,,N,D,G,A,A,H,-,B,A,0,,Y,,,Y,,L,04,0,1,0,0,0,0,1,0,0,"- ","- ",,,"SAN FRANCISCO","SAN FRANCISCO",-122.42218017578125,37.768150329589844
8919652,2019,2019-09-11,3801,2019-07-17,0753,1706,NORTH,3,5,7,3801,0,0,0,,0,3E11A,"SCOTT ST","HAIGHT ST",0.00,,Y,A,-,N,,,,,,,,,,N,4,0,1,2,D,-,00,,,N,H,G,A,A,H,-,A,A,0,,Y,,,Y,,-,"- ",0,0,1,0,0,0,1,0,0,"- ","- ",,,"SAN FRANCISCO","SAN FRANCISCO",-122.43538665771484,37.771480560302734
8919653,2019,2019-08-23,3801,2019-07-15,1629,4102,SOUTH,1,5,7,3801,0,0,0,,0,3B1D,"3RD ST","BRANNAN ST",72.00,N,N,A,-,N,,,,,,,,,,N,4,0,1,2,A,-,11,21955,,N,G,B,D,A,H,-,A,A,0,Y,,,,Y,,N,60,0,0,1,0,1,0,0,0,0,"- ","- ",,,"SAN FRANCISCO","SAN FRANCISCO",-122.39447784423828,37.780239105224609
8919658,2019,2019-08-23,3801,2019-07-27,1800,1462,RICHM,6,5,7,3801,0,0,0,,0,3G4C,"8TH AV","CALIFORNIA ST",200.00,S,N,A,-,N,,,,,,,,,,N,4,0,1,2,A,-,04,21703,,N,C,G,A,A,H,-,A,D,0,,Y,,,Y,,L,04,0,0,1,0,0,0,1,0,0,"- ","- ",,,"SAN FRANCISCO","SAN FRANCISCO",-122.46665954589844,37.784172058105469
8919663,2019,2019-08-27,3801,2019-07-02,1743,556,SOUTE,2,5,7,3801,0,0,0,,0,004,"MARKET ST","VALENCIA ST",0.00,,Y,A,-,N,,,,,,,,,,N,4,0,1,2,A,-,08,22107,,N,C,G,A,A,H,-,A,A,0,,Y,,,Y,,A,07,0,0,1,0,0,0,1,0,0,"- ","- ",,,"SAN FRANCISCO","SAN FRANCISCO",-122.42262268066406,37.772548675537109
8919664,2019,2019-08-22,3801,2019-07-20,1429,2700,CENTA,6,5,7,3801,0,0,0,,0,3A40C,"NORTHPOINT ST","NORTHPOINT ST 555",0.00,,N,A,-,N,,,,,,,,,,N,3,0,2,2,A,-,09,21804,A,N,D,G,A,A,H,-,A,A,0,,Y,,,Y,,A,01,0,1,1,0,0,0,1,0,0,"- ","- ",,,"SAN FRANCISCO","SAN FRANCISCO",,
8919665,2019,2019-08-23,3801,2019-07-15,0954,453,TENDE,1,5,7,3801,0,0,0,,0,3J107,"6TH ST",JESSIE,0.00,,Y,A,-,N,,,,,,,,,,N,4,0,1,2,A,-,21,22106,,N,G,B,B,A,H,-,A,A,0,Y,,,,Y,,A,07,0,0,1,0,1,0,0,0,0,"- ","- ",,,"SAN FRANCISCO","SAN FRANCISCO",-122.40921020507812,37.781398773193359
8919666,2019,2019-08-23,3801,2019-07-27,1624,2132,MISSI,6,5,7,3801,0,0,0,,0,3D60,"22ND ST","HAMPSHIRE ST",0.00,,Y,A,-,N,,,,,,,,,,N,4,0,1,2,A,-,21,22106,,F,C,B,B,A,H,-,A,A,0,Y,,,,Y,,-,,0,0,1,0,1,0,0,0,0,"- ","- ",,,"SAN FRANCISCO","SAN FRANCISCO",-122.40760803222656,37.756118774414062
8919670,2019,2019-08-23,3801,2019-07-27,1345,268,MISIS,6,5,7,3801,0,0,0,,0,3D42A,"CLIPPER ST","DOUGLASS ST",360.00,W,N,A,-,N,,,,,,,,,,N,3,0,1,2,A,-,17,22517,,N,B,G,A,A,H,-,A,D,0,,Y,,,Y,,A,01,0,1,0,0,0,0,1,0,0,"- ","- ",,,"SAN FRANCISCO","SAN FRANCISCO",-122.43949890136719,37.748641967773438
8919674,2019,2019-08-23,3801,2019-07-27,1330,2743,SOUTH,6,5,7,3801,0,0,0,,0,3B3C,"7TH ST","TOWNSEND ST",0.00,,Y,A,-,N,,,,,,,,,,N,4,0,1,2,A,-,03,22350,,N,B,G,A,A,H,-,A,A,0,,Y,,,Y,,L,04,0,0,1,0,0,0,1,0,0,"- ","- ",,,"SAN FRANCISCO","SAN FRANCISCO",-122.40165710449219,37.771831512451172
8919676,2019,2019-08-23,3801,2019-07-20,1239,1827,07202,6,5,7,3801,0,0,0,,0,1239,"POST ST","TAYLOR ST",0.00,,-,A,-,N,,,,,,,,,,N,4,0,1,2,A,-,07,21658,A,N,B,G,A,A,H,-,A,D,0,,Y,,,Y,,A,01,0,0,1,0,0,0,1,0,0,"- ","- ",,,"SAN FRANCISCO","SAN FRANCISCO",-122.41169738769531,37.787860870361328
8919682,2019,2019-08-22,3801,2019-07-22,1512,4335,NORTH,1,5,7,3801,0,0,0,,0,901,"MCALLISTER ST","FILLMORE ST",0.00,,Y,A,-,N,,,,,,,,,,N,4,0,1,2,A,-,08,22107,,N,B,G,A,A,H,-,A,A,0,,Y,Y,,Y,,L,04,0,0,1,0,0,0,1,0,0,"- ","- ",,,"SAN FRANCISCO","SAN FRANCISCO",-122.43174743652344,37.778640747070312
8919684,2019,2019-08-28,3801,2019-07-21,2045,801,SOUTH,7,5,7,3801,0,0,0,,0,0B3,"6TH ST","TEHAMA ST",0.00,,Y,A,-,N,,,,,,,,,,N,4,0,1,2,A,-,07,21658,A,N,B,G,A,A,H,-,C,D,0,,Y,,,Y,Y,L,04,0,0,1,0,0,0,1,0,0,"- ","- ",,,"SAN FRANCISCO","SAN FRANCISCO",-122.40659332275391,37.779308319091797
8919686,2019,2019-08-22,3801,2019-07-22,1255,2086,CENTR,1,5,7,3801,0,0,0,,0,3D12C,"POST ST","POWELL ST",60.00,E,N,B,-,N,,,,,,,,,,N,3,0,1,2,A,-,03,22350,,N,D,G,A,A,H,-,A,D,0,,Y,,,Y,,L,04,0,1,0,0,0,0,1,0,0,"- ","- ",,,"SAN FRANCISCO","SAN FRANCISCO",-122.40819549560547,37.788314819335938
8919687,2019,2019-08-22,3801,2019-07-14,1450,1451,SOUTH,7,5,7,3801,0,0,0,,0,901,"STEUART ST","MISSION ST",0.00,,Y,A,-,N,,,,,,,,,,N,4,0,1,2,A,-,11,21955,,N,B,B,D,A,H,-,A,A,0,Y,,,,Y,,N,60,0,0,1,0,1,0,0,0,0,"- ","- ",,,"SAN FRANCISCO","SAN FRANCISCO",-122.3931884765625,37.793251037597656
8919688,2019,2019-08-28,3801,2019-07-25,1909,2132,MISSI,4,5,7,3801,0,0,0,,0,3D60,"VALENCIA ST","18TH ST",0.00,,Y,A,-,N,,,,,,,,,,N,4,0,1,2,A,-,09,21801,A,F,D,G,A,A,H,-,A,A,0,,Y,,,Y,,A,01,0,0,1,0,0,0,1,0,0,"- ","- ",,,"SAN FRANCISCO","SAN FRANCISCO",-122.42156219482422,37.761711120605469
8919692,2019,2019-08-28,3801,2019-07-25,1817,1463,PARK,4,5,7,3801,0,0,0,,0,3F13D,"BRODERICK ST","HAYES ST",0.00,,Y,A,-,N,,,,,,,,,,N,3,0,1,2,A,-,10,21950,A,N,G,B,B,A,H,-,A,D,0,Y,,,,Y,,A,01,0,1,0,0,1,0,0,0,0,"- ","- ",,,"SAN FRANCISCO","SAN FRANCISCO",-122.43946838378906,37.774761199951172
8919695,2019,2019-08-22,3801,2019-07-14,1021,1878,CENTR,7,5,7,3801,0,0,0,,0,3A12A,"NORTH POINT ST","MASON ST",0.00,,Y,A,-,N,,,,,,,,,,N,4,0,1,2,A,-,03,22350,,N,B,G,A,A,H,-,A,A,0,,Y,,,Y,,L,04,0,0,1,0,0,0,1,0,0,"- ","- ",,,"SAN FRANCISCO","SAN FRANCISCO",-122.41378021240234,37.80657958984375
8919697,2019,2019-09-11,3801,2019-07-19,1555,2705,BAYVI,5,5,7,3801,0,0,0,,0,3C11D,"OAKDALE AV","3RD ST",190.00,W,N,A,-,N,,,,,,,,,,Y,3,0,6,5,A,-,08,22107,,N,G,B,E,A,H,-,A,D,0,Y,,,,Y,,A,01,0,3,3,0,2,0,0,0,0,"- ","- ",,,"SAN FRANCISCO","SAN FRANCISCO",-122.39129638671875,37.735141754150391
8919701,2019,2019-08-23,3801,2019-07-16,0913,623,BAYVI,2,5,7,3801,0,0,0,,0,,"SILVER AV","BOWDOIN ST",0.00,,Y,A,-,N,,,,,,,,,,Y,4,0,1,2,A,-,09,21804,A,N,D,G,A,A,H,-,A,A,0,,Y,,,Y,,A,01,0,0,1,0,0,0,1,0,0,"- ","- ",,,"SAN FRANCISCO","SAN FRANCISCO",-122.41262817382812,37.730148315429688
8919703,2019,2019-08-29,3801,2019-07-14,0106,#311,PARK,7,5,7,3801,0,0,0,,0,3F13E,"LINCOLN WY","7TH AV",0.00,,Y,A,-,N,,,,,,,,,,N,2,0,1,2,A,-,11,21955,,N,G,B,D,A,H,-,C,A,0,Y,,,,Y,,N,60,1,0,0,0,1,0,0,0,0,"- ","- ",,,"SAN FRANCISCO","SAN FRANCISCO",-122.46430206298828,37.766040802001953
8919704,2019,2019-08-28,3801,2019-07-31,0802,1500,CENTR,3,5,7,3801,0,0,0,,0,3A60,"2ND ST","STEVENSON ST",20.00,E,N,A,-,N,,,,,,,,,,N,3,0,1,2,A,-,05,21650,,N,D,G,A,A,H,-,A,D,0,,Y,,,Y,,L,04,0,1,0,0,0,0,1,0,0,"- ","- ",,,"SAN FRANCISCO","SAN FRANCISCO",-122.40078735351562,37.788761138916016
8919707,2019,2019-08-29,3801,2019-07-13,2101,839,MISSI,6,5,7,3801,0,0,0,,0,3D94,"MISSION ST","25TH ST",293.00,S,N,A,-,N,,,,,,,,,,Y,3,0,1,4,D,-,00,,,N,B,B,A,A,H,-,B,D,0,,,,,Y,,-,"- ",0,1,0,0,0,0,0,0,0,"- ","- ",,,"SAN FRANCISCO","SAN FRANCISCO",-122.41822052001953,37.749858856201172
8919710,2019,2019-08-22,3801,2019-07-15,0800,2132,MISSI,1,5,7,3801,0,0,0,,0,3D60,"17TH ST","MISSION ST",0.00,,Y,A,-,N,,,,,,,,,,N,4,0,1,2,A,-,03,22350,,F,C,G,A,A,H,-,A,A,0,,,,,Y,,A,01,0,0,1,0,0,0,0,0,0,"- ","- ",,,"SAN FRANCISCO","SAN FRANCISCO",-122.41950225830078,37.763420104980469
8919711,2019,2019-08-22,3801,2019-07-13,1845,359,MISSI,6,5,7,3801,0,0,0,,0,3D14D,"DUBOCE AV","VALENCIA ST",50.00,E,N,A,-,N,,,,,,,,,,N,3,0,1,2,A,-,17,22517,,N,B,G,A,A,H,-,A,A,0,,Y,,,Y,,A,01,0,1,0,0,0,0,1,0,0,"- ","- ",,,"SAN FRANCISCO","SAN FRANCISCO",-122.42218780517578,37.769874572753906
8919717,2019,2019-08-23,3801,2019-07-24,1821,2409,INGLE,3,5,7,3801,0,0,0,,0,3H15D,"SAINT MARYS AV","SAN JOSE AV",0.00,,Y,A,-,N,,,,,,,,,,N,4,0,1,2,A,-,17,21657,,N,D,G,A,A,H,-,A,A,0,,Y,,,Y,,L,04,0,0,1,0,0,0,1,0,0,"- ","- ",,,"SAN FRANCISCO","SAN FRANCISCO",-122.42845916748047,37.734951019287109
8919719,2019,2019-08-22,3801,2019-07-12,1537,118,MISSI,5,5,7,3801,0,0,0,,0,3D14C,"MISSION ST","24TH ST",0.00,,Y,A,-,N,,,,,,,,,,,4,0,1,2,A,-,10,21950,A,N,A,B,B,A,H,-,A,A,0,Y,,,,Y,,A,01,0,0,1,0,1,0,0,0,0,"- ","- ",,,"SAN FRANCISCO","SAN FRANCISCO",-122.41848754882812,37.75225830078125
8919722,2019,2019-08-22,3801,2019-07-18,1054,2204,TENDE,4,5,7,3801,0,0,0,,0,3J45C,"6TH ST","STEVENSON ST",48.00,S,N,A,-,N,,,,,,,,,,N,4,0,1,2,A,-,03,22350,,N,B,G,A,A,H,-,A,D,0,,Y,,,Y,,L,04,0,0,1,0,0,0,1,0,0,"- ","- ",,,"SAN FRANCISCO","SAN FRANCISCO",-122.40955352783203,37.78167724609375
8919723,2019,2019-08-22,3801,2019-07-12,1400,1414,NORTH,5,5,7,3801,0,0,0,,0,3E16A,"POLK ST","CLAY ST",336.00,N,N,A,-,N,,,,,,,,,,N,4,0,1,2,A,-,03,22350,,M,B,G,A,A,H,-,A,A,0,,Y,,,Y,Y,A,01,0,0,1,0,0,0,1,0,0,"- ","- ",,,"SAN FRANCISCO","SAN FRANCISCO",-122.42122650146484,37.793300628662109
8919725,2019,2019-08-23,3801,2019-07-24,1735,1836,TARAV,3,5,7,3801,0,0,0,,0,031,"LAWTON ST","9TH AV",0.00,,Y,A,-,N,,,,,,,,,,,4,0,1,2,A,-,10,21950,A,N,G,B,B,-,H,-,A,A,0,Y,,,,Y,,A,01,0,0,1,0,1,0,0,0,0,"- ","- ",,,"SAN FRANCISCO","SAN FRANCISCO",-122.4659423828125,37.758438110351562
8919726,2019,2019-08-22,3801,2019-07-19,1350,1931,SOUTH,5,5,7,3801,0,0,0,,0,3B46,"PERRY ST","4TH ST",0.00,,Y,A,-,N,,,,,,,,,,N,4,0,1,2,D,-,00,,,N,D,G,A,A,H,-,A,A,0,,Y,,,Y,,-,"- ",0,0,1,0,0,0,1,0,0,"- ","- ",,,"SAN FRANCISCO","SAN FRANCISCO",-122.39914703369141,37.780429840087891
8919731,2019,2019-08-22,3801,2019-07-12,0945,1631,SOUTH,5,5,7,3801,0,0,0,,0,0945,"6TH ST","NATOMA ST",9.00,E,N,A,-,N,,,,,,,,,,N,4,0,1,2,A,-,09,21804,A,N,D,G,A,A,H,-,A,D,0,,Y,,,Y,,-,,0,0,1,0,0,0,1,0,0,"- ","- ",,,"SAN FRANCISCO","SAN FRANCISCO",-122.40764617919922,37.780162811279297
8919734,2019,2019-08-22,3801,2019-07-19,0114,1024,CENTR,5,5,7,3801,0,0,0,,0,3A14E,"MARKET ST","1ST ST",0.00,,Y,A,-,N,,,,,,,,,,N,3,0,1,2,A,-,09,21801,,F,G,B,B,A,H,-,C,A,0,Y,,,,Y,Y,-,,0,1,0,0,1,0,0,0,0,"- ","- ",,,"SAN FRANCISCO","SAN FRANCISCO",-122.39913940429688,37.791049957275391
8919736,2019,2019-08-28,3801,2019-07-29,1515,RYAN,NORTH,1,5,7,3801,0,0,0,,0,3E12D,GEARY,"GEARY 1600",0.00,,Y,A,-,N,,,,,,,,,,N,3,0,1,2,A,-,21,22106,,N,-,B,E,A,H,-,A,A,0,Y,,,,Y,,A,01,0,1,0,0,1,0,0,0,0,"- ","- ",,,"SAN FRANCISCO","SAN FRANCISCO",,
8919738,2019,2019-08-22,3801,2019-07-21,0230,1857,TENDE,7,5,7,3801,0,0,0,,0,3JI3E,"LARKIN ST","MCALLISTER ST",0.00,,Y,A,-,N,,,,,,,,,,N,4,0,1,2,A,-,12,21453,A,F,G,B,B,A,H,-,C,A,0,Y,,,,Y,,A,01,0,0,1,0,1,0,0,0,0,"- ","- ",,,"SAN FRANCISCO","SAN FRANCISCO",-122.41693878173828,37.780498504638672
8919739,2019,2019-08-22,3801,2019-07-13,1800,317,CENTR,6,5,7,3801,0,0,0,,0,SECTOR,"COLUMBUS AV","FILBERT ST",0.00,,Y,A,-,N,,,,,,,,,,N,4,0,1,2,A,-,10,21950,A,N,G,B,B,A,H,-,A,A,0,Y,,,,Y,,A,07,0,0,1,0,1,0,0,0,0,"- ","- ",,,"SAN FRANCISCO","SAN FRANCISCO",-122.41136169433594,37.801120758056641