CASE_ID,ACCIDENT_YEAR,PROC_DATE,JURIS,COLLISION_DATE,COLLISION_TIME,OFFICER_ID,REPORTING_DISTRICT,DAY_OF_WEEK,CHP_SHIFT,POPULATION,CNTY_CITY_LOC,SPECIAL_COND,BEAT_TYPE,CHP_BEAT_TYPE,CITY_DIVISION_LAPD,CHP_BEAT_CLASS,BEAT_NUMBER,PRIMARY_RD,SECONDARY_RD,DISTANCE,DIRECTION,INTERSECTION,WEATHER_1,WEATHER_2,STATE_HWY_IND,CALTRANS_COUNTY,CALTRANS_DISTRICT,STATE_ROUTE,ROUTE_SUFFIX,POSTMILE_PREFIX,POSTMILE,LOCATION_TYPE,RAMP_INTERSECTION,SIDE_OF_HWY,TOW_AWAY,COLLISION_SEVERITY,NUMBER_KILLED,NUMBER_INJURED,PARTY_COUNT,PRIMARY_COLL_FACTOR,PCF_CODE_OF_VIOL,PCF_VIOL_CATEGORY,PCF_VIOLATION,PCF_VIOL_SUBSECTION,HIT_AND_RUN,TYPE_OF_COLLISION,MVIW,PED_ACTION,ROAD_SURFACE,ROAD_COND_1,ROAD_COND_2,LIGHTING,CONTROL_DEVICE,CHP_ROAD_TYPE,PEDESTRIAN_ACCIDENT,BICYCLE_ACCIDENT,MOTORCYCLE_ACCIDENT,TRUCK_ACCIDENT,NOT_PRIVATE_PROPERTY,ALCOHOL_INVOLVED,STWD_VEHTYPE_AT_FAULT,CHP_VEHTYPE_AT_FAULT,COUNT_SEVERE_INJ,COUNT_VISIBLE_INJ,COUNT_COMPLAINT_PAIN,COUNT_PED_KILLED,COUNT_PED_INJURED,COUNT_BICYCLIST_KILLED,COUNT_BICYCLIST_INJURED,COUNT_MC_KILLED,COUNT_MC_INJURED,PRIMARY_RAMP,SECONDARY_RAMP,LATITUDE,LONGITUDE,COUNTY,CITY,POINT_X,POINT_Y
8919741,2019,2019-08-22,3801,2019-07-23,1709,892,SOUTH,2,5,7,3801,0,0,0,,0,3B13D,"MISSION ST","NEW MONTGOMERY ST",38.00,W,N,A,-,N,,,,,,,,,,N,2,0,1,2,A,-,03,22350,,F,G,B,E,A,H,-,A,D,0,Y,,,,Y,,A,01,1,0,0,0,1,0,0,0,0,"- ","- ",,,"SAN FRANCISCO","SAN FRANCISCO",-122.40058898925781,37.787376403808594
8919742,2019,2019-08-22,3801,2019-07-20,1832,455,SOUTH,6,5,7,3801,0,0,0,,0,0B4,"VALENCIA ST","MCCOPPIN ST",0.00,,Y,A,-,N,,,,,,,,,,Y,4,0,1,2,A,-,03,22350,,F,D,G,A,A,H,-,A,A,0,,Y,,,Y,,L,04,0,0,1,0,0,0,1,0,0,"- ","- ",,,"SAN FRANCISCO","SAN FRANCISCO",-122.42253112792969,37.771591186523438
8919743,2019,2019-08-22,3801,2019-07-13,1550,2017,MISSI,6,5,7,3801,0,0,0,,0,3D41D,"14TH ST","JULIAN ST",0.00,,Y,A,-,N,,,,,,,,,,,4,0,1,2,A,-,09,21804,A,N,D,G,A,A,H,-,A,D,0,,Y,,,Y,,L,04,0,0,1,0,0,0,1,0,0,"- ","- ",,,"SAN FRANCISCO","SAN FRANCISCO",-122.42121124267578,37.768211364746094
8919744,2019,2019-08-28,3801,2019-07-29,1130,1633,TENDE,1,5,7,3801,0,0,0,,0,3J12A,"GOLDEN GATE AV","JONES ST",200.00,E,N,B,-,N,,,,,,,,,,Y,2,0,1,2,A,-,17,21209,A,F,H,G,A,A,H,-,A,D,0,,Y,,,Y,,A,01,1,0,0,0,0,0,1,0,0,"- ","- ",,,"SAN FRANCISCO","SAN FRANCISCO",-122.41154479980469,37.782173156738281
8919745,2019,2019-08-23,3801,2019-07-23,1245,966,INGLE,2,5,7,3801,0,0,0,,0,3H45B,"ALEMANY BL","CONGDON DR",0.00,,Y,A,-,N,,,,,,,,,,N,3,0,1,2,A,-,10,21950,A,N,G,B,B,A,H,-,A,A,0,Y,,,,Y,,A,01,0,1,0,0,1,0,0,0,0,"- ","- ",,,"SAN FRANCISCO","SAN FRANCISCO",-122.42619323730469,37.731170654296875
8919748,2019,2019-08-28,3801,2019-07-28,1500,229,MISSI,7,5,7,3801,0,0,0,,0,0D1,"ROSA PARKS LN","MAXWELL CT",100.00,E,N,F,-,N,,,,,,,,,,Y,3,0,1,2,A,-,10,21950,A,F,G,B,D,A,G,-,A,D,0,Y,,,,Y,,A,01,0,1,0,0,1,0,0,0,0,"- ","- ",,,"SAN FRANCISCO","SAN FRANCISCO",-122.42338562011719,37.767372131347656
8919750,2019,2019-08-30,3801,2019-07-15,0800,1242,CENTR,1,5,7,3801,0,0,0,,0,3A90,"EMBARCADERO NORTH","VALLEJO ST",0.00,,Y,A,-,N,,,,,,,,,,N,4,0,1,2,A,-,17,21209,A,N,C,G,A,A,H,-,A,A,0,,Y,,,Y,,A,01,0,0,1,0,0,0,1,0,0,"- ","- ",,,"SAN FRANCISCO","SAN FRANCISCO",,
8919751,2019,2019-08-22,3801,2019-07-12,2143,1909,NORTH,5,5,7,3801,0,0,0,,0,NORTHE,"OFARRELL ST","POLK ST",2.00,E,N,A,-,N,,,,,,,,,,N,4,0,1,2,A,-,08,22107,,N,-,G,A,A,H,-,C,A,0,,Y,,,Y,,A,07,0,0,1,0,0,0,1,0,0,"- ","- ",,,"SAN FRANCISCO","SAN FRANCISCO",-122.41954040527344,37.784969329833984
8919757,2019,2019-08-22,3801,2019-07-22,1843,924,CENTR,1,5,7,3801,0,0,0,,0,3A5D,"MARKET ST","MONTGOMERY ST",72.00,W,N,A,-,N,,,,,,,,,,N,4,0,1,2,A,-,11,21954,A,N,G,B,D,A,H,-,A,A,0,Y,,,,Y,,N,60,0,0,1,0,1,0,0,0,0,"- ","- ",,,"SAN FRANCISCO","SAN FRANCISCO",-122.40216827392578,37.78863525390625
8919758,2019,2019-08-22,3801,2019-07-14,1928,642,TARAV,7,5,7,3801,0,0,0,,0,005,"RIVERTON DR","OCEAN AV",10.00,N,N,A,F,N,,,,,,,,,,N,4,0,1,2,A,-,08,22107,,N,A,B,B,A,H,-,A,A,0,Y,,,,Y,,A,01,0,0,1,0,1,0,0,0,0,"- ","- ",,,"SAN FRANCISCO","SAN FRANCISCO",-122.48715972900391,37.73223876953125
8919766,2019,2019-08-27,3801,2019-07-28,1348,1276,MISSI,7,5,7,3801,0,0,0,,0,3D16A,"FOLSOM ST","13TH ST",0.00,,Y,A,-,N,,,,,,,,,,N,4,0,1,2,A,-,10,21950,A,N,G,B,B,A,H,-,A,A,0,Y,,,,Y,,A,01,0,0,1,0,1,0,0,0,0,"- ","- ",,,"SAN FRANCISCO","SAN FRANCISCO",-122.41558837890625,37.769519805908203
8919773,2019,2019-08-27,3801,2019-07-28,1534,1860,TENDE,7,5,7,3801,0,0,0,,0,3J13D,"TURK ST","HYDE ST",0.00,,Y,A,-,N,,,,,,,,,,N,4,0,1,2,A,-,11,21950,B,N,G,B,B,A,H,-,A,A,0,Y,,,,Y,,N,60,0,0,1,0,1,0,0,0,0,"- ","- ",,,"SAN FRANCISCO","SAN FRANCISCO",-122.41568756103516,37.782569885253906
8919778,2019,2019-08-27,3801,2019-07-25,1800,2262,BAYVI,4,5,7,3801,0,0,0,,0,0C5,"REVERE AV","3RD ST",17.00,E,N,A,-,N,,,,,,,,,,N,4,0,1,4,A,-,12,21453,A,F,G,B,B,A,H,-,A,A,0,Y,,,,Y,,A,01,0,0,1,0,1,0,0,0,0,"- ","- ",,,"SAN FRANCISCO","SAN FRANCISCO",-122.39155578613281,37.732421875
8919809,2019,2019-08-28,3801,2019-07-24,2131,1304,NORTH,3,5,7,3801,0,0,0,,0,3E13E,"VAN NESS AV","MCALLISTER ST",0.00,,Y,A,-,N,,,,,,,,,,N,3,0,1,2,A,-,10,21950,C,F,G,B,B,A,D,-,C,A,0,Y,,,,Y,,M,91,0,1,0,0,1,0,0,0,0,"- ","- ",,,"SAN FRANCISCO","SAN FRANCISCO",-122.42032623291016,37.780048370361328
8919821,2019,2019-08-28,3801,2019-07-29,1312,,SOUTH,1,5,7,3801,0,0,0,,0,03B,"TOWNSEND ST","4TH ST",0.00,,Y,A,-,N,,,,,,,,,,N,3,0,1,2,A,-,10,21950,A,N,G,B,B,A,H,-,A,D,0,Y,,,,Y,,A,01,0,1,0,0,1,0,0,0,0,"- ","- ",,,"SAN FRANCISCO","SAN FRANCISCO",-122.39498901367188,37.777111053466797
8919825,2019,2019-08-28,3801,2019-07-13,1440,1990,SOUTH,6,5,7,3801,0,0,0,,0,"5 CAR","16TH ST","OWENS ST",0.00,,Y,A,-,N,,,,,,,,,,N,3,0,1,2,A,-,12,21453,A,N,D,G,A,A,H,-,A,A,0,,Y,,,Y,,L,04,0,1,0,0,0,0,1,0,0,"- ","- ",,,"SAN FRANCISCO","SAN FRANCISCO",-122.3927001953125,37.766708374023438
8919833,2019,2019-08-28,3801,2019-07-17,1400,2719,RICHM,3,5,7,3801,0,0,0,,0,3G4B,"19TH AV","GEARY BL",0.00,,Y,A,-,N,,,,,,,,,,N,4,0,1,2,A,-,11,21950,B,N,G,B,B,A,H,-,A,A,0,Y,,,,Y,,N,60,0,0,1,0,1,0,0,0,0,"- ","- ",,,"SAN FRANCISCO","SAN FRANCISCO",-122.47833251953125,37.780429840087891
8919837,2019,2019-08-28,3801,2019-07-25,1802,2262,BAYVI,4,5,7,3801,0,0,0,,0,0C5,"REVERE AV","3RD ST",17.00,E,N,A,-,N,,,,,,,,,,N,4,0,1,4,A,-,12,21453,A,F,G,B,B,A,H,-,A,A,0,Y,,,,Y,,A,01,0,0,1,0,1,0,0,0,0,"- ","- ",,,"SAN FRANCISCO","SAN FRANCISCO",-122.39155578613281,37.732421875
8923106,2019,2019-08-22,3801,2019-07-24,1735,1463,,3,5,7,3801,0,0,0,,0,3F13D,"PAGE ST","COLE ST",0.00,,Y,A,-,N,,,,,,,,,,N,3,0,1,2,D,-,00,,,N,G,B,B,A,H,-,A,D,0,Y,,,,Y,,-,"- ",0,1,0,0,1,0,0,0,0,"- ","- ",,,"SAN FRANCISCO","SAN FRANCISCO",-122.45043182373047,37.770511627197266
8923410,2019,2019-08-22,3801,2019-07-01,1445,2132,MISSO,1,5,7,3801,0,0,0,,0,3D60,"24TH ST","HARRISON ST",150.00,W,N,A,-,N,,,,,,,,,,N,3,0,1,2,A,-,06,21760,C,N,C,G,A,A,H,-,A,D,0,,Y,,,Y,,-,,0,1,0,0,0,0,1,0,0,"- ","- ",,,"SAN FRANCISCO","SAN FRANCISCO",-122.41240692138672,37.752613067626953
8924394,2019,2019-12-05,3801,2019-07-17,1826,4253,901,3,5,7,3801,0,0,0,,0,001,"ALEMANY BL","LAURA ST",24.00,S,N,A,-,N,,,,,,,,,,N,3,0,1,2,A,-,03,22350,,N,H,G,A,A,H,-,A,D,0,,Y,,,Y,,L,04,0,1,0,0,0,0,1,0,0,"- ","- ",,,"SAN FRANCISCO","SAN FRANCISCO",-122.45256042480469,37.711566925048828
8934100,2019,2019-09-30,3801,2019-08-14,2030,1351,SOUTH,3,5,7,3801,0,0,0,,0,3B13D,"MISSION ST","11TH ST",0.00,,Y,-,-,N,,,,,,,,,,N,4,0,1,2,A,-,11,21954,A,N,G,B,E,A,H,-,C,A,0,Y,,,,Y,Y,N,60,0,0,1,0,1,0,0,0,0,"- ","- ",,,"SAN FRANCISCO","SAN FRANCISCO",-122.41709899902344,37.774330139160156
8934108,2019,2019-09-25,3801,2019-08-05,0729,1500,CENTR,1,5,7,3801,0,0,0,,0,3A4A,"BAY ST","KEARRY ST",286.00,W,N,B,-,N,,,,,,,,,,N,3,0,1,2,A,-,06,21750,A,N,B,G,A,A,H,-,A,D,0,,Y,,,Y,,D,23,0,1,0,0,0,0,1,0,0,"- ","- ",,,"SAN FRANCISCO","SAN FRANCISCO",-122.40814971923828,37.806312561035156
8934147,2019,2019-09-25,3801,2019-08-13,2046,2132,MISSI,2,5,7,3801,0,0,0,,0,3D61,"BRYANT ST","20TH ST",0.00,,Y,A,-,N,,,,,,,,,,N,4,0,1,2,A,-,12,22450,A,F,G,B,-,A,H,-,C,A,0,Y,,,,Y,,I,11,0,0,1,0,1,0,0,0,0,"- ","- ",,,"SAN FRANCISCO","SAN FRANCISCO",-122.40978240966797,37.759208679199219
8934156,2019,2019-09-26,3801,2019-08-15,1116,1944,INGLE,4,5,7,3801,0,0,0,,0,0H5,"GEVEVAE  AV","CAYUGA AV",0.00,,Y,A,-,N,,,,,,,,,,N,4,0,1,2,A,-,08,22107,,N,B,G,A,A,H,-,A,A,0,,Y,,,Y,,-,"- ",0,0,1,0,0,0,1,0,0,"- ","- ",,,"SAN FRANCISCO","SAN FRANCISCO",,
8936657,2019,2019-09-25,3801,2019-08-07,2016,2441,SOUTH,3,5,7,3801,0,0,0,,0,3B13D,"8TH ST","HOWARD ST",0.00,,Y,A,-,N,,,,,,,,,,N,2,0,1,2,A,-,06,21750,A,N,B,G,A,A,H,-,B,A,0,,Y,,,Y,,L,04,1,0,0,0,0,0,1,0,0,"- ","- ",,,"SAN FRANCISCO","SAN FRANCISCO",-122.41159057617188,37.776229858398438
8936665,2019,2019-10-08,3801,2019-08-29,1432,2065,NORTH,4,5,7,3801,0,0,0,,0,3E13A,"FERN ST","LARKIN ST",0.00,,Y,A,-,N,,,,,,,,,,N,2,0,1,2,A,-,17,21663,,N,G,B,F,A,H,-,A,D,0,Y,,,,Y,,I,09,1,0,0,0,1,0,0,0,0,"- ","- ",,,"SAN FRANCISCO","SAN FRANCISCO",-122.41857147216797,37.788421630859375
8936677,2019,2019-10-03,3801,2019-08-21,0710,298,PAR,3,5,7,3801,0,0,0,,0,3F13A,"FELL ST","BAKER ST",90.00,E,N,A,-,N,,,,,,,,,,N,3,0,1,2,A,-,08,22107,,N,D,G,A,A,H,-,A,D,0,,Y,,,Y,,D,22,0,1,0,0,0,0,1,0,0,"- ","- ",,,"SAN FRANCISCO","SAN FRANCISCO",-122.44062042236328,37.773662567138672
8936688,2019,2019-09-27,3801,2019-08-06,1230,1631,SOUTH,2,5,7,3801,0,0,0,,0,3B4A,"MISSION ST","SHAW ALY",128.00,W,N,A,-,N,,,,,,,,,,Y,3,0,1,3,A,-,11,21954,A,N,G,B,E,A,H,-,A,D,0,Y,,,,Y,,N,60,0,1,0,0,1,0,0,0,0,"- ","- ",,,"SAN FRANCISCO","SAN FRANCISCO",-122.39888763427734,37.788734436035156
8936801,2019,2019-09-18,3801,2019-07-06,1825,2262,BAYVI,6,5,7,3801,0,0,0,,0,0C5,"3RD ST","QUESADA AV",3.00,S,N,A,-,N,,,,,,,,,,N,4,0,1,2,A,-,08,22107,,N,-,B,B,A,H,-,A,A,0,Y,,,,Y,,A,01,0,0,1,0,1,0,0,0,0,"- ","- ",,,"SAN FRANCISCO","SAN FRANCISCO",-122.39133453369141,37.733261108398438
8936840,2019,2019-09-19,3801,2019-08-22,1625,2300,TENDE,4,5,7,3801,0,0,0,,0,,"LARKIN ST","FULTON ST",58.00,S,N,A,-,N,,,,,,,,,,N,3,0,1,2,A,-,03,22350,,N,B,G,A,A,H,-,A,D,0,,Y,,,Y,,L,04,0,1,0,0,0,0,1,0,0,"- ","- ",,,"SAN FRANCISCO","SAN FRANCISCO",-122.41673278808594,37.779434204101562
8936851,2019,2019-10-08,3801,2019-08-18,0250,1251,SOUTH,7,5,7,3801,0,0,0,,0,00B,"HARRISON ST","FREMONT ST",0.00,,Y,A,-,N,,,,,,,,,,N,2,0,1,2,A,-,10,21950,A,F,G,B,B,A,H,-,C,A,0,Y,,,,Y,Y,A,01,1,0,0,0,1,0,0,0,0,"- ","- ",,,"SAN FRANCISCO","SAN FRANCISCO",-122.39205932617188,37.786788940429688
8936868,2019,2019-10-14,3801,2019-08-18,0930,1512,TENDE,7,5,7,3801,0,0,0,,0,3J14A,"7TH ST","MISSION ST",0.00,,Y,A,-,N,,,,,,,,,,N,4,0,1,2,A,-,10,21950,A,F,-,B,B,A,H,-,A,A,0,Y,,,,Y,,A,01,0,0,1,0,1,0,0,0,0,"- ","- ",,,"SAN FRANCISCO","SAN FRANCISCO",-122.41089630126953,37.779209136962891
8936876,2019,2019-10-14,3801,2019-08-18,0847,,TARAV,7,5,7,3801,0,0,0,,0,3116A,"GARFIELD ST","VICTORIA ST",0.00,,Y,A,-,N,,,,,,,,,,N,3,0,1,2,A,-,21,22106,,N,G,B,B,A,H,-,A,D,0,Y,,,,Y,,-,"- ",0,1,0,0,1,0,0,0,0,"- ","- ",,,"SAN FRANCISCO","SAN FRANCISCO",-122.46536254882812,37.719669342041016
8936882,2019,2019-09-18,3801,2019-08-11,1610,1861,TARAV,7,5,7,3801,0,0,0,,0,3I11D,"IRVING ST","32ND AV",0.00,,Y,A,-,N,,,,,,,,,,N,3,0,1,2,A,-,09,21801,A,N,D,G,A,A,H,-,A,D,0,,Y,,,Y,,A,01,0,1,0,0,0,0,1,0,0,"- ","- ",,,"SAN FRANCISCO","SAN FRANCISCO",-122.49105072021484,37.762958526611328
8936883,2019,2019-09-18,3801,2019-08-23,2015,1351,SOUTH,5,5,7,3801,0,0,0,,0,3B14D,"MISSION ST","10TH ST",0.00,,Y,A,-,N,,,,,,,,,,N,4,0,1,2,A,-,10,21950,A,N,G,B,B,-,H,-,C,A,0,Y,,,,Y,,A,01,0,0,1,0,1,0,0,0,0,"- ","- ",,,"SAN FRANCISCO","SAN FRANCISCO",-122.41590881347656,37.775279998779297
8936884,2019,2019-09-19,3801,2019-08-11,0145,882,TENDE,7,5,7,3801,0,0,0,,0,,"CYRIL MAGNIN ST",EDDY,70.00,N,N,F,-,N,,,,,,,,,,N,4,0,1,2,A,-,21,22106,,M,G,B,E,-,G,-,C,-,0,Y,,,,Y,,A,01,0,0,1,0,1,0,0,0,0,"- ","- ",,,"SAN FRANCISCO","SAN FRANCISCO",-122.40854644775391,37.784690856933594
8936887,2019,2019-10-01,3801,2019-08-13,1150,964,NORTH,2,5,7,3801,0,0,0,,0,3E15A,"PIERCE ST","LOMBARD ST",0.00,,Y,A,-,N,,,,,,,,,,N,3,0,1,2,A,-,09,21804,A,N,D,G,A,A,H,-,A,D,0,,Y,,,Y,,L,04,0,1,0,0,0,0,1,0,0,"- ","- ",,,"SAN FRANCISCO","SAN FRANCISCO",-122.43933868408203,37.799419403076172
8936888,2019,2019-09-30,3801,2019-08-14,2120,2132,MISSI,3,5,7,3801,0,0,0,,0,3D61,"18TH ST","DOLORES ST",0.00,,Y,A,-,N,,,,,,,,,,N,4,0,1,2,A,-,09,21801,A,N,D,G,A,A,H,-,C,A,0,,Y,,,Y,,A,01,0,0,1,0,0,0,1,0,0,"- ","- ",,,"SAN FRANCISCO","SAN FRANCISCO",-122.42616271972656,37.761440277099609
8936889,2019,2019-09-18,3801,2019-08-17,2256,2287,NORTH,6,5,7,3801,0,0,0,,0,3E60,"CALIFORNIA ST","POLK ST",6.00,W,N,-,-,N,,,,,,,,,,N,2,0,1,2,A,-,11,21950,B,N,G,B,B,A,H,-,C,A,0,Y,,,,Y,Y,N,60,1,0,0,0,1,0,0,0,0,"- ","- ",,,"SAN FRANCISCO","SAN FRANCISCO",-122.42070007324219,37.790569305419922
8936890,2019,2019-09-18,3801,2019-08-11,1618,1878,CENTR,7,5,7,3801,0,0,0,,0,,"GEARY ST","POWELL ST",228.00,E,N,A,-,N,,,,,,,,,,N,4,0,1,2,A,-,"- ",,,N,D,G,A,A,H,-,A,D,0,,Y,,,Y,,L,04,0,0,1,0,0,0,1,0,0,"- ","- ",,,"SAN FRANCISCO","SAN FRANCISCO",-122.40743255615234,37.787452697753906
8936892,2019,2019-09-30,3801,2019-08-14,1951,19059869,RICHM,3,5,7,3801,0,0,0,,0,3G13D,"8TH AV","LAKE ST",0.00,,Y,A,-,N,,,,,,,,,,N,2,0,1,2,A,-,11,21950,B,N,G,B,A,A,H,-,A,D,0,,,,,Y,,-,,1,0,0,0,0,0,0,0,0,"- ","- ",,,"SAN FRANCISCO","SAN FRANCISCO",-122.46684265136719,37.786571502685547
8936893,2019,2019-09-27,3801,2019-08-17,2252,1240,MISSI,6,5,7,3801,0,0,0,,0,3D11E,"18TH ST","DOLORES ST",0.00,,Y,A,-,N,,,,,,,,,,N,4,0,1,2,A,-,09,21801,A,N,H,G,A,A,H,-,C,A,0,,Y,,,Y,,A,01,0,0,1,0,0,0,1,0,0,"- ","- ",,,"SAN FRANCISCO","SAN FRANCISCO",-122.42616271972656,37.761440277099609
8936897,2019,2019-10-08,3801,2019-08-17,2059,524,SOUTH,6,5,7,3801,0,0,0,,0,3B30,"MARKET ST","VAN NESS AV",0.00,,Y,A,-,N,,,,,,,,,,N,3,0,1,2,A,-,08,22101,D,N,D,G,A,A,H,-,C,A,0,,Y,,,Y,,L,04,0,1,0,0,0,0,1,0,0,"- ","- ",,,"SAN FRANCISCO","SAN FRANCISCO",-122.41925811767578,37.775169372558594
8936902,2019,2019-09-18,3801,2019-08-20,1750,898,SOUTH,2,5,7,3801,0,0,0,,0,3B15D,"4TH ST","CHANNEL ST",0.00,,Y,A,-,N,,,,,,,,,,N,3,0,1,2,A,-,06,21760,C,N,C,G,A,A,H,-,A,A,0,,Y,,,Y,,-,"- ",0,1,0,0,0,0,1,0,0,"- ","- ",,,"SAN FRANCISCO","SAN FRANCISCO",-122.39166259765625,37.774368286132812
8936904,2019,2019-09-19,3801,2019-08-03,0644,4095,MISSI,6,5,7,3801,0,0,0,,0,0D5,"13TH ST","MISSION ST",0.00,,Y,A,-,N,,,,,,,,,,N,3,0,1,2,A,-,12,21453,A,N,D,G,A,A,H,-,A,A,0,,Y,,,Y,,L,04,0,1,0,0,0,0,1,0,0,"- ","- ",,,"SAN FRANCISCO","SAN FRANCISCO",-122.42018127441406,37.769989013671875
8936906,2019,2019-09-18,3801,2019-08-20,1628,427,BAYVI,2,5,7,3801,0,0,0,,0,3C15D,"25TH ST","TENNESSEE ST",0.00,,Y,A,-,N,,,,,,,,,,N,2,0,1,2,A,-,03,22350,,F,G,B,D,A,H,-,A,B,0,Y,,,,Y,,-,"- ",1,0,0,0,1,0,0,0,0,"- ","- ",,,"SAN FRANCISCO","SAN FRANCISCO",-122.38874816894531,37.752780914306641
8936907,2019,2019-09-18,3801,2019-08-12,1830,1246,RICHM,1,5,7,3801,0,0,0,,0,004,"GEARY BL","20TH AV",0.00,,Y,A,-,N,,,,,,,,,,N,3,0,1,2,A,-,10,21950,A,N,G,B,B,A,H,-,A,A,0,Y,,,,Y,,A,01,0,1,0,0,1,0,0,0,0,"- ","- ",,,"SAN FRANCISCO","SAN FRANCISCO",-122.47939300537109,37.780391693115234
8936909,2019,2019-10-14,3801,2019-08-17,0940,1451,SOUTH,6,5,7,3801,0,0,0,,0,901,"MISSION ST","5TH ST",115.00,W,N,-,-,N,,,,,,,,,,N,4,0,1,2,A,-,11,21955,,N,B,B,D,A,H,-,A,A,0,Y,,,,Y,,N,60,0,0,1,0,1,0,0,0,0,"- ","- ",,,"SAN FRANCISCO","SAN FRANCISCO",-122.40676879882812,37.782512664794922
8936911,2019,2019-09-18,3801,2019-08-12,1325,4026,BAYVI,1,5,7,3801,0,0,0,,0,3C27,"SAN BRUNO AV","PAUL AV",0.00,,Y,A,-,N,,,,,,,,,,N,3,0,1,2,A,-,09,21801,A,F,D,G,A,A,H,-,A,A,0,,Y,,,Y,,A,01,0,1,0,0,0,0,1,0,0,"- ","- ",,,"SAN FRANCISCO","SAN FRANCISCO",-122.40204620361328,37.723918914794922
8936913,2019,2019-10-14,3801,2019-08-17,0422,4001,MISSI,6,5,7,3801,0,0,0,,0,3D15E,"16TH ST","POTRERO AV",0.00,,Y,A,-,N,,,,,,,,,,N,3,0,1,2,A,-,03,22350,,F,G,B,B,A,H,-,C,A,0,Y,,,,Y,,A,01,0,1,0,0,1,0,0,0,0,"- ","- ",,,"SAN FRANCISCO","SAN FRANCISCO",-122.40756225585938,37.765769958496094
8936917,2019,2019-10-14,3801,2019-08-16,2323,1464,TENDE,5,5,7,3801,0,0,0,,0,3J13E,"MCALLISTER ST","CHARLES J BRENHAM PL",0.00,,Y,A,-,N,,,,,,,,,,N,4,0,1,2,A,-,11,21453,D,F,G,B,B,A,H,-,C,A,0,Y,,,,Y,,N,60,0,0,1,0,1,0,0,0,0,"- ","- ",,,"SAN FRANCISCO","SAN FRANCISCO",-122.41309356689453,37.780998229980469
8936918,2019,2019-09-18,3801,2019-08-04,1212,171,CENTR,7,5,7,3801,0,0,0,,0,4CAR,"STOCKTON ST","UNION ST",93.00,S,N,A,-,N,,,,,,,,,,Y,3,0,1,2,A,-,11,21955,,N,G,B,D,-,H,-,A,D,0,Y,,,,Y,,N,60,0,1,0,0,1,0,0,0,0,"- ","- ",,,"SAN FRANCISCO","SAN FRANCISCO",-122.40911865234375,37.800178527832031
8936925,2019,2019-10-08,3801,2019-08-14,1528,2116,NORTH,3,5,7,3801,0,0,0,,0,004,"OCTAVIA ST","CALIFORNIA ST",5.00,N,N,A,-,N,,,,,,,,,,N,4,0,1,2,A,-,09,21801,A,N,D,G,A,A,H,-,A,A,0,,Y,,,Y,,A,01,0,0,1,0,0,0,1,0,0,"- ","- ",,,"SAN FRANCISCO","SAN FRANCISCO",-122.42726135253906,37.789745330810547
8936926,2019,2019-09-18,3801,2019-08-03,2212,2435,SOUTH,6,5,7,3801,0,0,0,,0,3B12E,"5TH ST",NATOMA,30.00,S,N,A,-,N,,,,,,,,,,N,3,0,1,2,A,-,08,22107,,N,G,B,F,A,H,-,C,A,0,Y,,,,Y,Y,-,,0,1,0,0,1,0,0,0,0,"- ","- ",,,"SAN FRANCISCO","SAN FRANCISCO",-122.40538787841797,37.781890869140625
8936927,2019,2019-09-18,3801,2019-08-10,2043,2409,INGLE,6,5,7,3801,0,0,0,,0,3H13D,"SAN JOSE AV","MILTON ST",0.00,,Y,A,-,N,,,,,,,,,,N,2,0,1,2,A,-,11,21954,A,N,G,B,E,A,H,-,C,A,0,Y,,,,Y,Y,N,60,1,0,0,0,1,0,0,0,0,"- ","- ",,,"SAN FRANCISCO","SAN FRANCISCO",-122.42958068847656,37.734321594238281
8936932,2019,2019-09-19,3801,2019-08-02,1356,878,CENTR,5,5,7,3801,0,0,0,,0,3A44C,"GRANT AV","JACK KEROUAC ALY",12.00,S,N,A,-,N,,,,,,,,,,N,3,0,1,3,A,-,03,22350,,F,G,B,E,A,H,-,A,D,0,Y,,,,Y,,A,01,0,1,0,0,1,0,0,0,0,"- ","- ",,,"SAN FRANCISCO","SAN FRANCISCO",-122.40691375732422,37.797435760498047
8936937,2019,2019-10-08,3801,2019-08-14,1120,2749,CENTR,3,5,7,3801,0,0,0,,0,A58,"PIER 27 CRUISE SHIP TERMINAL","CRUISE SHIP TERMINAL PIER 27",0.00,,Y,A,-,N,,,,,,,,,,N,4,0,1,2,D,-,00,,,N,G,B,E,A,H,-,A,D,0,Y,,,,Y,,-,"- ",0,0,1,0,1,0,0,0,0,"- ","- ",,,"SAN FRANCISCO","SAN FRANCISCO",,
8936938,2019,2019-09-18,3801,2019-08-03,1800,524,SOUTH,6,5,7,3801,0,0,0,,0,3B13D,"5TH ST","CLARA ST",0.00,,Y,A,-,N,,,,,,,,,,N,4,0,1,2,A,-,03,22350,,F,G,B,B,A,H,-,A,D,0,Y,,,,Y,,A,01,0,0,1,0,1,0,0,0,0,"- ","- ",,,"SAN FRANCISCO","SAN FRANCISCO",-122.40238189697266,37.779449462890625