CASE_ID,ACCIDENT_YEAR,PROC_DATE,JURIS,COLLISION_DATE,COLLISION_TIME,OFFICER_ID,REPORTING_DISTRICT,DAY_OF_WEEK,CHP_SHIFT,POPULATION,CNTY_CITY_LOC,SPECIAL_COND,BEAT_TYPE,CHP_BEAT_TYPE,CITY_DIVISION_LAPD,CHP_BEAT_CLASS,BEAT_NUMBER,PRIMARY_RD,SECONDARY_RD,DISTANCE,DIRECTION,INTERSECTION,WEATHER_1,WEATHER_2,STATE_HWY_IND,CALTRANS_COUNTY,CALTRANS_DISTRICT,STATE_ROUTE,ROUTE_SUFFIX,POSTMILE_PREFIX,POSTMILE,LOCATION_TYPE,RAMP_INTERSECTION,SIDE_OF_HWY,TOW_AWAY,COLLISION_SEVERITY,NUMBER_KILLED,NUMBER_INJURED,PARTY_COUNT,PRIMARY_COLL_FACTOR,PCF_CODE_OF_VIOL,PCF_VIOL_CATEGORY,PCF_VIOLATION,PCF_VIOL_SUBSECTION,HIT_AND_RUN,TYPE_OF_COLLISION,MVIW,PED_ACTION,ROAD_SURFACE,ROAD_COND_1,ROAD_COND_2,LIGHTING,CONTROL_DEVICE,CHP_ROAD_TYPE,PEDESTRIAN_ACCIDENT,BICYCLE_ACCIDENT,MOTORCYCLE_ACCIDENT,TRUCK_ACCIDENT,NOT_PRIVATE_PROPERTY,ALCOHOL_INVOLVED,STWD_VEHTYPE_AT_FAULT,CHP_VEHTYPE_AT_FAULT,COUNT_SEVERE_INJ,COUNT_VISIBLE_INJ,COUNT_COMPLAINT_PAIN,COUNT_PED_KILLED,COUNT_PED_INJURED,COUNT_BICYCLIST_KILLED,COUNT_BICYCLIST_INJURED,COUNT_MC_KILLED,COUNT_MC_INJURED,PRIMARY_RAMP,SECONDARY_RAMP,LATITUDE,LONGITUDE,COUNTY,CITY,POINT_X,POINT_Y
8940018,2019,2019-10-24,3801,2019-09-11,0448,715,MISIS,3,5,7,3801,0,0,0,,0,3D16E,"HARRISON ST","15TH ST",0.00,,Y,A,-,N,,,,,,,,,,N,4,0,1,2,A,-,10,21950,A,N,G,B,-,A,H,-,C,D,0,Y,,,,Y,,D,22,0,0,1,0,1,0,0,0,0,"- ","- ",,,"SAN FRANCISCO","SAN FRANCISCO",-122.41326904296875,37.767051696777344
8940023,2019,2019-10-29,3801,2019-09-05,1743,4312,SOUTH,4,5,7,3801,0,0,0,,0,,"HOWARD ST","6TH ST",0.00,,Y,A,-,N,,,,,,,,,,N,4,0,1,2,A,-,11,21453,D,N,G,B,B,A,H,-,A,A,0,Y,,,,Y,,N,60,0,0,1,0,1,0,0,0,0,"- ","- ",,,"SAN FRANCISCO","SAN FRANCISCO",-122.40714263916016,37.779750823974609
8940027,2019,2019-10-28,3801,2019-09-18,0750,1917,TARAV,3,5,7,3801,0,0,0,,0,3I16A,"LAKE MERCED BL","SUNSET BL",519.00,S,N,C,-,N,,,,,,,,,,N,3,0,1,2,A,-,17,22517,,N,F,G,A,B,C,-,A,D,0,,Y,,Y,Y,,F,21,0,1,0,0,0,0,1,0,0,"- ","- ",,,"SAN FRANCISCO","SAN FRANCISCO",-122.49525451660156,37.729160308837891
8940038,2019,2019-11-04,3801,2019-09-03,0547,1530,BAYVI,2,5,7,3801,0,0,0,,0,3C67,"BAYSHORE BL","CORTLAND AV",0.00,,Y,A,-,N,,,,,,,,,,N,4,0,1,2,A,-,10,21950,A,N,G,B,B,A,H,-,C,A,0,Y,,,,Y,,D,22,0,0,1,0,1,0,0,0,0,"- ","- ",,,"SAN FRANCISCO","SAN FRANCISCO",-122.40699005126953,37.739578247070312
8940042,2019,2019-10-24,3801,2019-09-13,0753,891,PARK,5,5,7,3801,0,0,0,,0,3F14A,"14TH ST","CHURCH ST",0.00,,Y,A,-,N,,,,,,,,,,N,4,0,1,2,D,-,00,,,N,H,G,A,A,H,-,A,A,0,,Y,,,Y,,-,"- ",0,0,1,0,0,0,1,0,0,"- ","- ",,,"SAN FRANCISCO","SAN FRANCISCO",-122.42894744873047,37.767711639404297
8940050,2019,2019-10-24,3801,2019-09-12,2047,1709,TENDE,4,5,7,3801,0,0,0,,0,001,"MARKET ST","JONES ST",70.00,E,N,A,-,N,,,,,,,,,,N,3,0,1,2,A,-,08,22107,,N,D,G,A,A,H,-,C,D,0,,Y,,,Y,,D,22,0,1,0,0,0,0,1,0,0,"- ","- ",,,"SAN FRANCISCO","SAN FRANCISCO",-122.41181182861328,37.781047821044922
8940058,2019,2019-10-29,3801,2019-09-06,2145,488,INGLE,5,5,7,3801,0,0,0,,0,3H15E,"MISSION ST","ALLISON ST",83.00,N,N,A,-,N,,,,,,,,,,N,2,0,1,2,A,-,11,21955,,N,G,B,D,A,H,-,C,D,0,Y,,,,Y,Y,N,60,1,0,0,0,1,0,0,0,0,"- ","- ",,,"SAN FRANCISCO","SAN FRANCISCO",-122.44245910644531,37.71478271484375
8940067,2019,2019-10-24,3801,2019-09-24,0810,737,NORTH,2,5,7,3801,0,0,0,,0,3E14A,"FULTON ST","WEBSTER ST",0.00,,Y,A,-,N,,,,,,,,,,N,3,0,1,2,A,-,10,21950,,N,-,B,B,A,H,-,A,A,0,Y,,,,Y,,A,01,0,1,0,0,1,0,0,0,0,"- ","- ",,,"SAN FRANCISCO","SAN FRANCISCO",-122.42990875244141,37.777908325195312
8940070,2019,2019-10-31,3801,2019-09-14,1202,859,TENDO,6,5,7,3801,0,0,0,,0,03J,"LARKIN ST","GROVE ST",0.00,,Y,A,-,N,,,,,,,,,,N,2,0,1,2,A,-,10,21950,A,N,G,B,B,A,H,-,A,A,0,Y,,,,Y,,I,10,1,0,0,0,1,0,0,0,0,"- ","- ",,,"SAN FRANCISCO","SAN FRANCISCO",-122.41658782958984,37.778659820556641
8952456,2019,2019-11-27,3801,2019-10-29,1747,2100,TARAV,2,5,7,3801,0,0,0,,0,3I13D,"ULLOA ST","20TH AV",0.00,,Y,A,-,N,,,,,,,,,,N,4,0,1,2,A,-,09,21802,,N,C,B,E,A,H,-,A,A,0,Y,,,,Y,,A,81,0,0,1,0,1,0,0,0,0,"- ","- ",,,"SAN FRANCISCO","SAN FRANCISCO",-122.47663879394531,37.741138458251953
8960254,2019,2019-11-06,3801,2019-09-22,2215,1239,MISSI,7,5,7,3801,0,0,0,,0,3D11D,"LOOMIS ST","WATERLOO ST",12.00,N,N,A,-,N,,,,,,,,,,N,3,0,1,2,A,-,12,22450,A,N,H,G,A,A,H,-,E,A,0,,Y,,,Y,,L,04,0,1,0,0,0,0,1,0,0,"- ","- ",,,"SAN FRANCISCO","SAN FRANCISCO",-122.40555572509766,37.739173889160156
8960574,2019,2019-12-24,3801,2019-10-24,0809,1605,NORTH,4,5,7,3801,0,0,0,,0,3E12A,"FULTON ST","WEBSTER ST",0.00,,Y,A,-,N,,,,,,,,,,N,3,0,1,2,A,-,06,21755,A,N,B,G,A,A,C,-,A,D,0,,Y,,,Y,,L,04,0,1,0,0,0,0,1,0,0,"- ","- ",,,"SAN FRANCISCO","SAN FRANCISCO",-122.42990875244141,37.777908325195312
8964579,2019,2019-11-18,3801,2019-09-29,1740,2355,TARAV,7,5,7,3801,0,0,0,,0,0I3,"UPPER GREAT HWY","SANTIAGO ST",0.00,,Y,A,-,N,,,,,,,,,,N,3,0,1,2,A,-,03,22350,,N,C,B,-,A,H,-,A,D,0,Y,Y,,,Y,,L,04,0,1,0,0,1,0,0,0,0,"- ","- ",,,"SAN FRANCISCO","SAN FRANCISCO",,
8964583,2019,2019-11-18,3801,2019-09-15,1615,2107,NORTH,7,5,7,3801,0,0,0,,0,,"VAN NESS AV","FERN ST",0.00,,Y,A,-,N,,,,,,,,,,N,4,0,1,2,A,-,21,22106,,F,G,B,E,A,D,H,A,D,0,Y,,,,Y,,A,01,0,0,1,0,1,0,0,0,0,"- ","- ",,,"SAN FRANCISCO","SAN FRANCISCO",-122.42192840576172,37.788009643554688
8964587,2019,2019-11-18,3801,2019-09-04,2239,382,NORTH,3,5,7,3801,0,0,0,,0,NORTH,"VAN NESS AV","GEARY BL",0.00,,Y,A,-,N,,,,,,,,,,N,2,0,1,2,A,-,11,21456,B,N,G,B,B,A,D,-,C,A,0,Y,,,,Y,,N,60,1,0,0,0,1,0,0,0,0,"- ","- ",,,"SAN FRANCISCO","SAN FRANCISCO",-122.42146301269531,37.785678863525391
8964591,2019,2019-11-18,3801,2019-09-04,1722,481,TRAFF,3,5,7,3801,0,0,0,,0,3I16D,"SAGAMORE ST","CAPITOL AV",0.00,,Y,A,-,N,,,,,,,,,,N,3,0,1,2,A,-,11,21453,D,N,G,B,B,A,H,-,A,A,0,Y,,,,Y,,N,60,0,1,0,0,1,0,0,0,0,"- ","- ",,,"SAN FRANCISCO","SAN FRANCISCO",-122.45902252197266,37.711391448974609
8964599,2019,2020-02-11,3801,2019-09-09,1949,831,TARAV,1,5,7,3801,0,0,0,,0,3I13D,"GREAT HWY","LINCOLN WY",1322.00,S,N,B,-,N,,,,,,,,,,N,3,0,1,2,A,-,11,21456,C,N,G,B,B,A,B,-,C,A,0,Y,,,,Y,,N,60,0,1,0,0,1,0,0,0,0,"- ","- ",37.760269165039062,-122.50982666015625,"SAN FRANCISCO","SAN FRANCISCO",-122.50996398925781,37.760429382324219
8966163,2019,2019-10-31,3801,2019-01-23,0947,991,TRAFF,3,5,7,3801,0,0,0,,0,4B2B,"9TH ST","MISSION ST",6.00,S,N,A,-,N,,,,,,,,,,N,3,0,1,2,A,-,11,21954,A,N,G,B,D,A,H,-,A,A,0,Y,,,,Y,,N,60,0,1,0,0,1,0,0,0,0,"- ","- ",,,"SAN FRANCISCO","SAN FRANCISCO",-122.41470336914062,37.776229858398438
8969375,2019,2019-11-14,3801,2019-09-04,1020,1276,MISSI,3,5,7,3801,0,0,0,,0,3D11A,"DOLORES ST","16TH ST",0.00,,Y,A,-,N,,,,,,,,,,N,4,0,1,2,A,-,06,21755,A,N,D,G,A,A,H,-,A,A,0,,Y,,,Y,,L,04,0,0,1,0,0,0,1,0,0,"- ","- ",,,"SAN FRANCISCO","SAN FRANCISCO",-122.42643737792969,37.764640808105469
8969383,2019,2019-11-14,3801,2019-09-04,0822,1276,MISSI,3,5,7,3801,0,0,0,,0,3D11A,"DIAMOND ST","MARKET ST",0.00,,Y,A,-,N,,,,,,,,,,N,4,0,1,2,A,-,09,21801,,N,D,G,A,A,H,-,A,A,0,,Y,,,Y,,A,01,0,0,1,0,0,0,1,0,0,"- ","- ",,,"SAN FRANCISCO","SAN FRANCISCO",-122.43730163574219,37.76190185546875
8969467,2019,2020-01-14,3801,2019-10-22,0930,915,TENDE,2,5,7,3801,0,0,0,,0,3J12A,TAYLOR,"GOLDEN GATE AV",120.00,N,N,A,-,N,,,,,,,,,,N,3,0,1,2,A,-,11,21954,A,N,G,B,E,A,D,-,A,D,0,Y,,,,Y,,N,60,0,1,0,0,1,0,0,0,0,"- ","- ",,,"SAN FRANCISCO","SAN FRANCISCO",-122.41069030761719,37.782722473144531
8969472,2019,2019-12-03,3801,2019-10-08,2000,229,MISSI,2,5,7,3801,0,0,0,,0,0D5,"16TH ST","MISSION ST",0.00,,Y,A,-,N,,,,,,,,,,N,4,0,1,2,A,-,10,21950,A,F,G,B,B,A,H,-,C,A,0,Y,,,,Y,Y,I,11,0,0,1,0,1,0,0,0,0,"- ","- ",,,"SAN FRANCISCO","SAN FRANCISCO",-122.41967010498047,37.765048980712891
8969487,2019,2019-12-12,3801,2019-10-31,2042,2142,TENDE,4,5,7,3801,0,0,0,,0,3J13E,"MARKET ST","JONES ST",41.00,E,N,A,-,N,,,,,,,,,,N,2,0,1,2,A,-,11,21955,,N,G,B,D,A,H,-,C,D,0,Y,,,,Y,Y,N,60,1,0,0,0,1,0,0,0,0,"- ","- ",,,"SAN FRANCISCO","SAN FRANCISCO",-122.41188049316406,37.780990600585938
8969912,2019,2019-11-21,3801,2019-10-20,2050,2209,MISSI,7,5,7,3801,0,0,0,,0,3D41D,"18TH ST","DOLORES ST",0.00,,Y,A,-,N,,,,,,,,,,N,4,0,1,2,A,-,10,21950,A,F,-,B,B,A,H,-,C,A,0,Y,,,,Y,,A,01,0,0,1,0,1,0,0,0,0,"- ","- ",,,"SAN FRANCISCO","SAN FRANCISCO",-122.42616271972656,37.761440277099609
8969916,2019,2019-11-21,3801,2019-10-20,1744,1666,PARK,7,5,7,3801,0,0,0,,0,,"OAK ST","SHRADER ST",90.00,E,N,A,-,N,,,,,,,,,,N,3,0,1,2,A,-,06,21760,B,N,B,G,A,A,H,-,A,A,0,,Y,,,Y,,A,01,0,1,0,0,0,0,1,0,0,"- ","- ",,,"SAN FRANCISCO","SAN FRANCISCO",-122.45191192626953,37.771274566650391
8969933,2019,2020-01-14,3801,2019-10-18,2000,2144,MISSI,5,5,7,3801,0,0,0,,0,3D14D,"17TH ST","FOLSOM ST",100.00,E,N,A,-,N,,,,,,,,,,N,3,0,1,2,A,-,17,22517,,N,H,G,A,A,H,-,C,D,0,,Y,,,Y,,A,01,0,1,0,0,0,0,1,0,0,"- ","- ",,,"SAN FRANCISCO","SAN FRANCISCO",-122.41480255126953,37.763713836669922
8969935,2019,2019-11-21,3801,2019-10-08,1655,1224,MISSI,2,5,7,3801,0,0,0,,0,,"OWENS ST","GENE FRIEND",0.00,,Y,F,-,N,,,,,,,,,,N,4,0,1,2,A,-,10,21950,,N,G,B,B,-,G,-,A,-,0,Y,,,,Y,,A,08,0,0,1,0,1,0,0,0,0,"- ","- ",,,"SAN FRANCISCO","SAN FRANCISCO",-122.39485931396484,37.768470764160156
8969936,2019,2019-11-21,3801,2019-10-09,0350,1857,TENDE,3,5,7,3801,0,0,0,,0,3J13E,"LEAVENWORTH ST","EDDY ST",80.00,N,N,A,-,N,,,,,,,,,,N,4,0,1,2,A,-,11,21955,,F,G,B,D,A,H,-,C,D,0,Y,,,,Y,,N,60,0,0,1,0,1,0,0,0,0,"- ","- ",,,"SAN FRANCISCO","SAN FRANCISCO",-122.41428375244141,37.783946990966797
8969937,2019,2019-11-20,3801,2019-10-18,1820,4040,CENTR,5,5,7,3801,0,0,0,,0,3A11D,"SUTTER ST","HYDE ST",156.00,E,N,A,-,N,,,,,,,,,,N,4,0,1,2,A,-,11,21955,,N,G,B,D,A,H,-,B,D,0,Y,,,,Y,,N,60,0,0,1,0,1,0,0,0,0,"- ","- ",,,"SAN FRANCISCO","SAN FRANCISCO",-122.41627502441406,37.788246154785156
8969942,2019,2019-12-11,3801,2019-10-10,1708,1438,INGLE,4,5,7,3801,0,0,0,,0,3H11D,"HOLLY PARK CIR","MURRAY ST",0.00,,-,A,-,N,,,,,,,,,,N,3,0,1,2,A,-,10,21950,A,N,G,B,B,A,H,-,A,D,0,Y,,,,Y,,A,01,0,1,0,0,1,0,0,0,0,"- ","- ",,,"SAN FRANCISCO","SAN FRANCISCO",-122.42009735107422,37.736129760742188
8969943,2019,2019-12-19,3801,2019-10-08,1720,1931,SOUTH,2,5,7,3801,0,0,0,,0,3B46,"HOWARD ST","4TH ST",0.00,,Y,A,-,N,,,,,,,,,,N,3,0,1,2,A,-,07,21658,A,N,D,G,A,A,H,-,A,A,0,,Y,,,Y,,L,04,0,1,0,0,0,0,1,0,0,"- ","- ",,,"SAN FRANCISCO","SAN FRANCISCO",-122.40270233154297,37.783271789550781
8969946,2019,2019-12-11,3801,2019-10-10,1657,1224,MISSI,4,5,7,3801,0,0,0,,0,0D6,"BRYANT ST","ALAMEDA ST",120.00,N,N,A,-,N,,,,,,,,,,N,3,0,1,2,A,-,07,21658,A,N,B,G,A,A,H,-,A,A,0,,Y,,,Y,,L,04,0,1,0,0,0,0,1,0,0,"- ","- ",,,"SAN FRANCISCO","SAN FRANCISCO",-122.41075134277344,37.768508911132812
8969947,2019,2019-11-21,3801,2019-10-08,1602,801,SOUTH,2,5,7,3801,0,0,0,,0,0B4,"OTIS ST","DUBOCE AV",0.00,,Y,A,-,N,,,,,,,,,,N,4,0,1,2,A,-,11,21456,C,N,G,B,B,A,H,-,A,A,0,Y,,,,Y,,N,60,0,0,1,0,1,0,0,0,0,"- ","- ",,,"SAN FRANCISCO","SAN FRANCISCO",-122.42018890380859,37.770130157470703
8969955,2019,2019-11-21,3801,2019-10-08,0951,1557,SOUTH,2,5,7,3801,0,0,0,,0,3B13A,"HARRISON ST","FREMONT ST",0.00,,Y,A,-,N,,,,,,,,,,N,2,0,1,2,A,-,10,21950,A,N,A,B,B,A,H,-,A,A,0,Y,,,,Y,,A,01,1,0,0,0,1,0,0,0,0,"- ","- ",,,"SAN FRANCISCO","SAN FRANCISCO",-122.39205932617188,37.786788940429688
8969962,2019,2019-12-12,3801,2019-10-10,1555,2342,NORTH,4,5,7,3801,0,0,0,,0,3E6D,"POLK ST","SACRAMENTO ST",0.00,,Y,A,-,N,,,,,,,,,,N,4,0,1,2,A,-,11,21954,A,N,D,B,D,A,H,-,A,A,0,Y,,,,Y,,N,60,0,0,1,0,1,0,0,0,0,"- ","- ",,,"SAN FRANCISCO","SAN FRANCISCO",-122.42086791992188,37.791500091552734
8969965,2019,2019-11-20,3801,2019-10-18,1000,1920,SOUTH,5,5,7,3801,0,0,0,,0,3B12C,"HOWARD ST","RUSS ST",0.00,,Y,A,-,N,,,,,,,,,,N,3,0,1,2,A,-,08,22107,,F,G,B,E,A,H,-,A,A,0,Y,,,,Y,,A,07,0,1,0,0,1,0,0,0,0,"- ","- ",,,"SAN FRANCISCO","SAN FRANCISCO",-122.40824890136719,37.77886962890625
8969967,2019,2019-11-21,3801,2019-10-07,1018,169,SOUTH,1,5,7,3801,0,0,0,,0,1018,"10TH ST","HOWARD ST",0.00,,Y,A,-,N,,,,,,,,,,N,4,0,1,2,D,-,00,,,N,G,B,D,A,H,-,A,A,0,Y,,,,Y,,-,"- ",0,0,1,0,1,0,0,0,0,"- ","- ",,,"SAN FRANCISCO","SAN FRANCISCO",-122.41436767578125,37.774028778076172
8969972,2019,2019-11-21,3801,2019-10-09,0615,196,CENTR,3,5,7,3801,0,0,0,,0,3A11A,"WASHINGTON ST","KEARNY ST",0.00,,Y,A,-,N,,,,,,,,,,N,3,0,1,2,A,-,10,21950,A,N,A,B,B,A,H,-,C,A,0,Y,,,,Y,,A,01,0,1,0,0,1,0,0,0,0,"- ","- ",,,"SAN FRANCISCO","SAN FRANCISCO",-122.40496063232422,37.795330047607422
8969975,2019,2019-11-21,3801,2019-10-08,0819,4095,MISSI,2,5,7,3801,0,0,0,,0,SOUTHE,"BRANNAN ST","DIVISION ST",119.00,N,N,A,-,N,,,,,,,,,,N,4,0,1,2,A,-,08,22107,,N,D,G,A,A,H,-,A,D,0,,Y,,,Y,,A,01,0,0,1,0,0,0,1,0,0,"- ","- ",,,"SAN FRANCISCO","SAN FRANCISCO",-122.40769958496094,37.769504547119141
8969977,2019,2019-11-20,3801,2019-10-07,1725,82,BAYVI,1,5,7,3801,0,0,0,,0,3C12D,"BAY SHORE BL","FLOWER ST",436.00,S,N,A,-,N,,,,,,,,,,N,4,0,1,2,A,-,10,21950,A,N,G,B,B,A,H,-,A,A,0,Y,,,,Y,,A,01,0,0,1,0,1,0,0,0,0,"- ","- ",,,"SAN FRANCISCO","SAN FRANCISCO",-122.40643310546875,37.741477966308594
8969978,2019,2019-12-12,3801,2019-10-10,1310,1804,MISSI,4,5,7,3801,0,0,0,,0,3D16A,"16TH ST","SOUTH VAN NESS AV",96.00,E,N,A,-,N,,,,,,,,,,N,3,0,1,2,A,-,09,21804,A,N,D,G,A,A,H,-,A,D,0,,Y,,,Y,,A,07,0,1,0,0,0,0,1,0,0,"- ","- ",,,"SAN FRANCISCO","SAN FRANCISCO",-122.41716003417969,37.765201568603516
8969985,2019,2019-11-20,3801,2019-10-11,1813,1907,MISSI,5,5,7,3801,0,0,0,,0,3D14D,"CLIPPER ST","CHURCH ST",20.00,E,N,A,-,N,,,,,,,,,,N,3,0,1,2,A,-,21,22106,,N,G,B,F,A,H,-,A,A,0,Y,,,,Y,,A,01,0,1,0,0,1,0,0,0,0,"- ","- ",,,"SAN FRANCISCO","SAN FRANCISCO",-122.42716217041016,37.749294281005859
8969989,2019,2019-11-20,3801,2019-10-11,1740,4314,RICHM,5,5,7,3801,0,0,0,,0,0G4,"CABRILLO ST","20TH AV",0.00,,Y,A,-,N,,,,,,,,,,N,3,0,1,2,A,-,12,22450,A,N,B,G,A,A,H,-,A,A,0,,Y,,,Y,,L,04,0,1,0,0,0,0,1,0,0,"- ","- ",,,"SAN FRANCISCO","SAN FRANCISCO",-122.47897338867188,37.774688720703125
8969992,2019,2019-11-21,3801,2019-10-14,0916,1129,TARAV,1,5,7,3801,0,0,0,,0,005,"FONT BL","SERRANO DR",83.00,W,N,A,-,N,,,,,,,,,,N,3,0,1,2,A,-,08,22107,,N,B,G,A,A,H,-,A,D,0,,Y,,,Y,,A,01,0,1,0,0,0,0,1,0,0,"- ","- ",,,"SAN FRANCISCO","SAN FRANCISCO",-122.48003387451172,37.719867706298828
8969993,2019,2019-11-20,3801,2019-10-11,1635,2244,TENDE,5,5,7,3801,0,0,0,,0,3J13D,"MCALLISTER ST","HYDE ST",0.00,,Y,A,-,N,,,,,,,,,,Y,3,0,1,2,A,-,09,21801,A,N,D,B,A,A,H,-,A,A,0,,,,,Y,,A,01,0,1,0,0,0,0,0,0,0,"- ","- ",,,"SAN FRANCISCO","SAN FRANCISCO",-122.41532135009766,37.780738830566406
8969995,2019,2019-12-19,3801,2019-10-06,1350,2728,MISSI,7,5,7,3801,0,0,0,,0,908,"DIAMOND ST","21ST ST",111.00,N,N,A,-,N,,,,,,,,,,N,4,0,1,3,B,-,22,,,N,G,B,E,A,H,-,A,D,0,Y,,,,Y,,N,60,0,0,1,0,1,0,0,0,0,"- ","- ",,,"SAN FRANCISCO","SAN FRANCISCO",-122.436767578125,37.756275177001953
8969996,2019,2019-11-21,3801,2019-10-14,0505,1042,TARAV,1,5,7,3801,0,0,0,,0,3I13E,"ULLOA ST","20TH ST",0.00,,-,A,-,N,,,,,,,,,,N,3,0,1,2,A,-,11,21954,A,N,G,B,E,A,H,-,C,A,0,Y,,,,Y,,N,60,0,1,0,0,1,0,0,0,0,"- ","- ",,,"SAN FRANCISCO","SAN FRANCISCO",-122.47663879394531,37.741138458251953
8969999,2019,2019-11-21,3801,2019-10-06,0121,1429,INGLE,7,5,7,3801,0,0,0,,0,3H11E,"CORTLAND AV","MOULTRIE ST",0.00,,Y,A,-,N,,,,,,,,,,N,2,0,1,2,A,-,10,21950,,F,G,B,B,A,H,-,C,A,0,Y,,,,Y,,-,,1,0,0,0,1,0,0,0,0,"- ","- ",,,"SAN FRANCISCO","SAN FRANCISCO",-122.41590881347656,37.739009857177734
8981205,2019,2020-01-08,3801,2019-11-16,0749,198,BAYVI,6,5,7,3801,0,0,0,,0,03C,"GIRARD ST","WAYLAND ST",0.00,,Y,B,-,N,,,,,,,,,,N,4,0,1,2,A,-,10,21950,A,N,G,B,B,B,H,-,B,D,0,Y,,,,Y,,D,22,0,0,1,0,1,0,0,0,0,"- ","- ",,,"SAN FRANCISCO","SAN FRANCISCO",-122.40409851074219,37.726181030273438
8981213,2019,2020-01-06,3801,2019-11-22,0806,4286,RICHM,5,5,7,3801,0,0,0,,0,0G4,"GEARY BL","25TH AV",5.00,E,N,A,-,N,,,,,,,,,,N,4,0,1,2,A,-,10,21950,A,N,G,B,B,A,H,-,A,D,0,Y,,,Y,Y,,F,55,0,0,1,0,1,0,0,0,0,"- ","- ",,,"SAN FRANCISCO","SAN FRANCISCO",-122.48472595214844,37.780158996582031
8981217,2019,2020-01-06,3801,2019-11-22,0620,198,BAYVI,5,5,7,3801,0,0,0,,0,0C3,"CARROLL AV","PHELPS ST",10.00,E,N,A,-,N,,,,,,,,,,N,3,0,1,2,A,-,10,21950,A,N,G,B,B,A,H,-,B,D,0,Y,,,Y,Y,,F,55,0,1,0,0,1,0,0,0,0,"- ","- ",,,"SAN FRANCISCO","SAN FRANCISCO",-122.40083312988281,37.729175567626953
8981225,2019,2020-01-07,3801,2019-11-12,0955,610,MISSI,2,5,7,3801,0,0,0,,0,3D11A,"21ST ST","VALENCIA ST",0.00,,Y,A,-,N,,,,,,,,,,N,3,0,1,2,A,-,10,21950,A,N,G,B,B,A,H,-,A,A,0,Y,,,,Y,,I,11,0,1,0,0,1,0,0,0,0,"- ","- ",,,"SAN FRANCISCO","SAN FRANCISCO",-122.42109680175781,37.756908416748047
8981226,2019,2020-01-03,3801,2019-11-14,0746,2186,TENDE,4,5,7,3801,0,0,0,,0,,"3RD ST","MARKET ST",0.00,,Y,B,-,N,,,,,,,,,,N,3,0,1,2,A,-,05,21650,1,F,B,G,A,A,H,-,A,A,0,,Y,,Y,Y,Y,L,04,0,1,0,0,0,0,1,0,0,"- ","- ",,,"SAN FRANCISCO","SAN FRANCISCO",-122.40345764160156,37.78765869140625
8981237,2019,2020-01-07,3801,2019-11-14,0820,574,MISSI,4,5,7,3801,0,0,0,,0,3D60,"VALENCIA ST","20TH ST",75.00,S,N,A,-,N,,,,,,,,,,N,4,0,1,2,A,-,08,22107,,N,B,G,A,A,H,-,A,D,0,,Y,,,Y,,D,22,0,0,1,0,0,0,1,0,0,"- ","- ",,,"SAN FRANCISCO","SAN FRANCISCO",-122.42123413085938,37.758304595947266
8981270,2019,2020-01-08,3801,2019-11-23,2015,952,CENTR,6,5,7,3801,0,0,0,,0,901,"FILBERT ST","COLUMBUS AV",0.00,,Y,A,-,N,,,,,,,,,,N,4,0,1,3,A,-,10,21950,A,N,G,B,B,A,H,-,C,A,0,Y,,,,Y,Y,D,72,0,0,1,0,1,0,0,0,0,"- ","- ",,,"SAN FRANCISCO","SAN FRANCISCO",-122.41136169433594,37.801120758056641
8981361,2019,2020-01-09,3801,2019-11-20,0756,4027,INGLE,3,5,7,3801,0,0,0,,0,3H16A,"VISITACION AV","SAWYER ST",0.00,,Y,A,-,N,,,,,,,,,,N,3,0,3,4,A,-,10,21950,A,N,G,B,B,A,H,-,B,A,0,Y,,,,Y,,A,01,0,1,2,0,3,0,0,0,0,"- ","- ",,,"SAN FRANCISCO","SAN FRANCISCO",-122.41436004638672,37.713260650634766
8981364,2019,2020-01-13,3801,2019-11-20,2143,2341,NORTH,3,5,7,3801,0,0,0,,0,3E12E,"POLK ST","BROADWAY ST",0.00,,Y,A,-,N,,,,,,,,,,N,4,0,1,2,A,-,00,22101,B,N,D,G,A,A,H,-,C,A,0,,Y,,,Y,,A,01,0,0,1,0,0,0,1,0,0,"- ","- ",,,"SAN FRANCISCO","SAN FRANCISCO",-122.42176055908203,37.795940399169922
8981369,2019,2020-01-09,3801,2019-11-19,0611,2467,CENTR,2,5,7,3801,0,0,0,,0,3A11A,"PORTOLA DR","CLAREMONT BL",0.00,,Y,A,-,N,,,,,,,,,,N,4,0,1,2,A,-,12,21453,A,F,G,B,B,A,H,-,C,A,0,Y,,,,Y,,-,"- ",0,0,1,0,1,0,0,0,0,"- ","- ",,,"SAN FRANCISCO","SAN FRANCISCO",-122.46528625488281,37.739700317382812