CASE_ID,ACCIDENT_YEAR,PROC_DATE,JURIS,COLLISION_DATE,COLLISION_TIME,OFFICER_ID,REPORTING_DISTRICT,DAY_OF_WEEK,CHP_SHIFT,POPULATION,CNTY_CITY_LOC,SPECIAL_COND,BEAT_TYPE,CHP_BEAT_TYPE,CITY_DIVISION_LAPD,CHP_BEAT_CLASS,BEAT_NUMBER,PRIMARY_RD,SECONDARY_RD,DISTANCE,DIRECTION,INTERSECTION,WEATHER_1,WEATHER_2,STATE_HWY_IND,CALTRANS_COUNTY,CALTRANS_DISTRICT,STATE_ROUTE,ROUTE_SUFFIX,POSTMILE_PREFIX,POSTMILE,LOCATION_TYPE,RAMP_INTERSECTION,SIDE_OF_HWY,TOW_AWAY,COLLISION_SEVERITY,NUMBER_KILLED,NUMBER_INJURED,PARTY_COUNT,PRIMARY_COLL_FACTOR,PCF_CODE_OF_VIOL,PCF_VIOL_CATEGORY,PCF_VIOLATION,PCF_VIOL_SUBSECTION,HIT_AND_RUN,TYPE_OF_COLLISION,MVIW,PED_ACTION,ROAD_SURFACE,ROAD_COND_1,ROAD_COND_2,LIGHTING,CONTROL_DEVICE,CHP_ROAD_TYPE,PEDESTRIAN_ACCIDENT,BICYCLE_ACCIDENT,MOTORCYCLE_ACCIDENT,TRUCK_ACCIDENT,NOT_PRIVATE_PROPERTY,ALCOHOL_INVOLVED,STWD_VEHTYPE_AT_FAULT,CHP_VEHTYPE_AT_FAULT,COUNT_SEVERE_INJ,COUNT_VISIBLE_INJ,COUNT_COMPLAINT_PAIN,COUNT_PED_KILLED,COUNT_PED_INJURED,COUNT_BICYCLIST_KILLED,COUNT_BICYCLIST_INJURED,COUNT_MC_KILLED,COUNT_MC_INJURED,PRIMARY_RAMP,SECONDARY_RAMP,LATITUDE,LONGITUDE,COUNTY,CITY,POINT_X,POINT_Y
8981377,2019,2020-01-09,3801,2019-11-17,1810,2716,PARK,7,5,7,3801,0,0,0,,0,3F13D,"FULTON ST","CLAYTON ST",0.00,,Y,A,-,N,,,,,,,,,,N,3,0,1,2,A,-,10,21950,A,F,G,B,B,A,H,-,C,D,0,Y,,,,Y,,A,01,0,1,0,0,1,0,0,0,0,"- ","- ",,,"SAN FRANCISCO","SAN FRANCISCO",-122.44972229003906,37.775390625
8981378,2019,2020-01-09,3801,2019-11-06,1729,1194,SOUTH,3,5,7,3801,0,0,0,,0,,"7TH ST","NATOMA ST",0.00,,Y,A,-,N,,,,,,,,,,N,2,0,1,2,A,-,08,22100,A,N,D,G,A,A,H,-,C,D,0,,Y,,,Y,,A,01,1,0,0,0,0,0,1,0,0,"- ","- ",,,"SAN FRANCISCO","SAN FRANCISCO",-122.40989685058594,37.778400421142578
8981381,2019,2020-01-09,3801,2019-11-17,0352,4043,CENTR,7,5,7,3801,0,0,0,,0,3A14E,"COLUMBUS AV","GRANT AV",0.00,,Y,A,-,N,,,,,,,,,,N,3,0,1,2,A,-,11,21954,A,N,G,B,D,A,H,-,C,D,0,Y,,,,Y,,N,60,0,1,0,0,1,0,0,0,0,"- ","- ",,,"SAN FRANCISCO","SAN FRANCISCO",-122.40706634521484,37.798160552978516
8981382,2019,2020-01-09,3801,2019-11-19,1734,302,NORTH,2,5,7,3801,0,0,0,,0,,"SCOTT ST","JACKSON ST",6.00,N,N,A,-,N,,,,,,,,,,N,2,0,1,2,A,-,10,21950,A,N,G,B,B,A,H,-,C,D,0,Y,,,,Y,,A,01,1,0,0,0,1,0,0,0,0,"- ","- ",,,"SAN FRANCISCO","SAN FRANCISCO",-122.43949127197266,37.791847229003906
8981409,2019,2020-01-09,3801,2019-11-14,1324,677,SOUTH,4,5,7,3801,0,0,0,,0,3B45,"7TH ST","HOOPER ST",0.00,,Y,A,-,N,,,,,,,,,,N,4,0,1,2,A,-,08,22107,,N,D,G,A,A,H,-,A,D,0,,Y,,,Y,,A,01,0,0,1,0,0,0,1,0,0,"- ","- ",,,"SAN FRANCISCO","SAN FRANCISCO",-122.39821624755859,37.769031524658203
8981410,2019,2020-01-09,3801,2019-11-16,1127,652,PARK,6,5,7,3801,0,0,0,,0,003,"MASONIC AV","FULTON ST",0.00,,Y,A,-,N,,,,,,,,,,N,3,0,1,2,A,-,08,22107,,F,D,G,A,A,H,-,A,A,0,,Y,,,Y,,A,01,0,1,0,0,0,0,1,0,0,"- ","- ",,,"SAN FRANCISCO","SAN FRANCISCO",-122.44647216796875,37.775791168212891
8981418,2019,2020-01-08,3801,2019-11-25,1225,1454,MISSI,1,5,7,3801,0,0,0,,0,3D11C,"POND ST","17TH ST",0.00,,Y,A,-,N,,,,,,,,,,N,4,0,1,2,A,-,12,22450,A,N,D,G,A,A,H,-,A,D,0,,Y,,,Y,,A,01,0,0,1,0,0,0,1,0,0,"- ","- ",,,"SAN FRANCISCO","SAN FRANCISCO",-122.43211364746094,37.762680053710938
8981426,2019,2020-01-09,3801,2019-11-15,2034,4067,MISSI,5,5,7,3801,0,0,0,,0,3D15D,"MISSION ST","23RD ST",180.00,N,N,A,-,N,,,,,,,,,,N,4,0,1,2,A,-,05,21650,,N,D,G,A,A,H,-,C,D,0,,Y,,,Y,,L,04,0,0,1,0,0,0,1,0,0,"- ","- ",,,"SAN FRANCISCO","SAN FRANCISCO",-122.41864013671875,37.754322052001953
8981431,2019,2020-02-03,3801,2019-11-22,0700,2467,CENT,5,5,7,3801,0,0,0,,0,3A13A,"THE EMBARCADERO","WASHINGTON ST",0.00,,Y,A,-,N,,,,,,,,,,N,2,0,1,2,A,-,05,21650,,F,A,G,A,A,H,-,A,A,0,,Y,,,Y,Y,L,04,1,0,0,0,0,0,1,0,0,"- ","- ",,,"SAN FRANCISCO","SAN FRANCISCO",-122.39556121826172,37.796638488769531
8981435,2019,2020-01-09,3801,2019-11-22,0740,2348,INGLE,5,5,7,3801,0,0,0,,0,3H15A,"ATHENS ST","NAPLES ST",0.00,,Y,A,-,N,,,,,,,,,,N,4,0,1,2,A,-,10,21950,A,N,G,B,D,A,H,-,A,A,0,Y,,,,Y,,A,01,0,0,1,0,1,0,0,0,0,"- ","- ",,,"SAN FRANCISCO","SAN FRANCISCO",-122.4375,37.712368011474609
8981441,2019,2020-01-13,3801,2019-11-01,1848,2144,MISSI,5,5,7,3801,0,0,0,,0,3D11D,"EUREKA ST","MARKET ST",150.00,S,N,A,-,N,,,,,,,,,,N,4,0,1,2,A,-,11,21954,A,F,B,B,D,A,H,-,C,D,0,Y,,Y,,Y,Y,N,60,0,0,1,0,1,0,0,0,0,"- ","- ",,,"SAN FRANCISCO","SAN FRANCISCO",-122.43831634521484,37.761306762695312
8981444,2019,2020-01-10,3801,2019-11-12,1605,1501,INGLE,2,5,7,3801,0,0,0,,0,,"GENEVA AV","GLORIA CT",0.00,,Y,A,-,N,,,,,,,,,,N,4,0,1,2,A,-,06,21755,A,N,B,G,A,A,H,-,A,D,0,,Y,,,Y,,L,04,0,0,1,0,0,0,1,0,0,"- ","- ",,,"SAN FRANCISCO","SAN FRANCISCO",-122.44158172607422,37.717239379882812
8981445,2019,2020-01-13,3801,2019-11-01,2100,2495,MISIS,5,5,7,3801,0,0,0,,0,3D11E,"16TH ST","MISSION ST",0.00,,Y,A,-,N,,,,,,,,,,N,4,0,1,2,A,-,03,22350,A,N,D,G,A,A,H,-,C,A,0,,Y,,,Y,Y,A,01,0,0,1,0,0,0,1,0,0,"- ","- ",,,"SAN FRANCISCO","SAN FRANCISCO",-122.41967010498047,37.765048980712891
8981453,2019,2020-01-13,3801,2019-11-01,1714,2493,,5,5,7,3801,0,0,0,,0,,"SILLIMAN ST","CAMBRIDGE ST",0.00,,Y,A,-,N,,,,,,,,,,N,4,0,1,2,A,-,10,21950,A,N,G,B,B,A,H,-,A,D,0,Y,,,,Y,,A,01,0,0,1,0,1,0,0,0,0,"- ","- ",,,"SAN FRANCISCO","SAN FRANCISCO",-122.41887664794922,37.727630615234375
8981458,2019,2020-01-13,3801,2019-11-28,1604,2262,BAYVI,4,5,7,3801,0,0,0,,0,3C2C,"AUGUSTA ST","BAYSHORE BL",2.00,E,N,A,-,N,,,,,,,,,,N,4,0,1,2,A,-,12,22450,A,F,G,B,B,A,H,-,A,A,0,Y,,,,Y,,-,,0,0,1,0,1,0,0,0,0,"- ","- ",,,"SAN FRANCISCO","SAN FRANCISCO",-122.40547180175781,37.734272003173828
8981459,2019,2020-01-14,3801,2019-11-06,1945,2034,MISSI,3,5,7,3801,0,0,0,,0,3D16E,"VALENCIA ST","24TH ST",0.00,,Y,A,-,N,,,,,,,,,,N,3,0,1,2,A,-,10,21950,A,F,G,B,B,A,H,-,C,A,0,Y,,,,Y,,A,01,0,1,0,0,1,0,0,0,0,"- ","- ",,,"SAN FRANCISCO","SAN FRANCISCO",-122.42064666748047,37.752109527587891
8981464,2019,2020-01-10,3801,2019-11-10,1837,2453,TENDE,7,5,7,3801,0,0,0,,0,3J5C,"MASON ST","TURK ST",0.00,,Y,A,-,N,,,,,,,,,,N,4,0,1,2,A,-,00,22453,D,N,G,B,B,A,H,-,C,A,0,Y,,,,Y,,N,60,0,0,1,0,1,0,0,0,0,"- ","- ",,,"SAN FRANCISCO","SAN FRANCISCO",-122.40911102294922,37.783409118652344
8981465,2019,2020-01-13,3801,2019-11-02,1731,2200,NORTH,6,5,7,3801,0,0,0,,0,002,"STEINER ST","EDDY ST",0.00,,Y,A,-,N,,,,,,,,,,N,4,0,1,2,A,-,10,21950,A,N,G,B,B,A,H,-,-,D,0,Y,,,,Y,,A,01,0,0,1,0,1,0,0,0,0,"- ","- ",,,"SAN FRANCISCO","SAN FRANCISCO",-122.4339599609375,37.781208038330078
8981476,2019,2020-01-10,3801,2019-11-10,1150,2441,SOUTH,7,5,7,3801,0,0,0,,0,0B3,"6TH ST","HARRISON ST",0.00,,Y,A,-,N,,,,,,,,,,N,4,0,1,2,A,-,10,21950,A,N,G,B,B,A,H,-,A,A,0,Y,,,,Y,,A,01,0,0,1,0,1,0,0,0,0,"- ","- ",,,"SAN FRANCISCO","SAN FRANCISCO",-122.40408325195312,37.777309417724609
8981479,2019,2020-01-14,3801,2019-11-30,2107,1695,NORTH,6,5,7,3801,0,0,0,,0,3E12E,"GOLDEN GATE","STEINER ST",0.00,,-,C,-,N,,,,,,,,,,N,4,0,1,2,A,-,10,21950,A,F,D,B,B,B,H,-,C,A,0,Y,,,,Y,Y,A,01,0,0,1,0,1,0,0,0,0,"- ","- ",,,"SAN FRANCISCO","SAN FRANCISCO",-122.43357849121094,37.779350280761719
8981480,2019,2020-01-10,3801,2019-11-10,1350,1308,MISSI,7,5,7,3801,0,0,0,,0,3D14A,"VALENCIA ST","26TH ST",248.00,,N,A,-,N,,,,,,,,,,N,4,0,1,2,A,-,08,22107,A,F,D,G,A,A,H,-,A,A,0,,Y,,,Y,,A,01,0,0,1,0,0,0,1,0,0,"- ","- ",,,"SAN FRANCISCO","SAN FRANCISCO",-122.42034912109375,37.748908996582031
8981483,2019,2020-01-14,3801,2019-11-30,0910,563,TARAV,6,5,7,3801,0,0,0,,0,002,"WAWONA ST","20TH AV",0.00,,Y,B,-,N,,,,,,,,,,N,4,0,1,2,A,-,12,22450,A,N,D,G,A,B,H,-,A,A,0,,Y,,,Y,,L,04,0,0,1,0,0,0,1,0,0,"- ","- ",,,"SAN FRANCISCO","SAN FRANCISCO",-122.47635650634766,37.737400054931641
8981485,2019,2020-01-13,3801,2019-11-02,0927,677,SOUTH,6,5,7,3801,0,0,0,,0,3B45,"MISSION ST","10TH ST",0.00,,Y,A,-,N,,,,,,,,,,N,4,0,1,2,A,-,10,21950,A,N,G,B,B,A,H,-,A,A,0,Y,,,,Y,,A,01,0,0,1,0,1,0,0,0,0,"- ","- ",,,"SAN FRANCISCO","SAN FRANCISCO",-122.41590881347656,37.775279998779297
8981491,2019,2020-01-14,3801,2019-11-30,1211,1226,SOUTH,6,5,7,3801,0,0,0,,0,,"HOWARD ST","12TH ST",0.00,,Y,B,C,N,,,,,,,,,,N,4,0,1,2,A,-,10,21950,A,N,G,B,B,B,H,-,A,A,0,Y,,,,Y,Y,A,01,0,0,1,0,1,0,0,0,0,"- ","- ",,,"SAN FRANCISCO","SAN FRANCISCO",-122.41692352294922,37.771728515625
8981492,2019,2020-01-10,3801,2019-11-11,1430,1217,PARK,1,5,7,3801,0,0,0,,0,"PARK 2","IRVING ST","6TH ST",0.00,,Y,A,-,N,,,,,,,,,,N,4,0,1,2,A,-,10,21950,A,N,G,B,B,A,H,-,A,A,0,Y,,,,Y,,A,01,0,0,1,0,1,0,0,0,0,"- ","- ",,,"SAN FRANCISCO","SAN FRANCISCO",-122.46309661865234,37.764190673828125
8981493,2019,2020-01-22,3801,2019-11-05,1512,887,SOUTH,2,5,7,3801,0,0,0,,0,0B1,"HOWARD ST","FREMONT ST",0.00,,Y,A,-,N,,,,,,,,,,N,3,0,2,3,A,-,10,21950,A,N,A,B,B,A,H,-,A,A,0,Y,,,,Y,,A,01,0,1,1,0,2,0,0,0,0,"- ","- ",,,"SAN FRANCISCO","SAN FRANCISCO",-122.3951416015625,37.789230346679688
8981498,2019,2020-01-13,3801,2019-11-20,1858,2008,MISSI,3,5,7,3801,0,0,0,,0,3D13,"16TH ST","BRYANT ST",0.00,,Y,A,-,N,,,,,,,,,,N,4,0,1,2,A,-,10,21950,A,F,G,B,B,A,H,-,A,A,0,Y,,,,Y,,A,07,0,0,1,0,1,0,0,0,0,"- ","- ",,,"SAN FRANCISCO","SAN FRANCISCO",-122.4105224609375,37.765590667724609
8981502,2019,2020-02-21,3801,2019-11-20,1732,2407,NORTH,3,5,7,3801,0,0,0,,0,3E12D,"FULTON ST","SCOTT ST",0.00,,Y,A,-,N,,,,,,,,,,N,3,0,1,2,A,-,10,21950,A,N,G,B,B,A,H,-,C,A,0,Y,,,,Y,,-,,0,1,0,0,1,0,0,0,0,"- ","- ",,,"SAN FRANCISCO","SAN FRANCISCO",-122.43650817871094,37.777069091796875
8981503,2019,2020-01-13,3801,2019-11-28,1917,2342,NORTH,4,5,7,3801,0,0,0,,0,3E14D,"LAGUNA ST","POST ST",0.00,,Y,A,-,N,,,,,,,,,,N,2,0,1,2,A,-,10,21950,A,F,D,B,B,A,H,-,C,A,0,Y,,,,Y,,A,01,1,0,0,0,1,0,0,0,0,"- ","- ",,,"SAN FRANCISCO","SAN FRANCISCO",-122.42816162109375,37.785800933837891
8981506,2019,2020-01-13,3801,2019-11-20,1320,2210,SOUTE,3,5,7,3801,0,0,0,,0,0B3,"HOWARD ST","RUSS ST",0.00,,Y,A,-,N,,,,,,,,,,N,4,0,1,2,A,-,10,21950,A,N,G,B,B,A,H,-,A,A,0,Y,,,,Y,,A,01,0,0,1,0,1,0,0,0,0,"- ","- ",,,"SAN FRANCISCO","SAN FRANCISCO",-122.40824890136719,37.77886962890625
8981507,2019,2020-01-14,3801,2019-11-29,1456,1547,TENDE,5,5,7,3801,0,0,0,,0,3J93B,"CYRIL MAGNIN ST","OFARRELL ST",0.00,,Y,B,-,N,,,,,,,,,,N,4,0,1,2,B,-,22,,,N,B,B,E,A,H,-,A,A,0,Y,,,,Y,,-,"- ",0,0,1,0,1,0,0,0,0,"- ","- ",,,"SAN FRANCISCO","SAN FRANCISCO",-122.40894317626953,37.786308288574219
8981509,2019,2020-01-13,3801,2019-11-04,1607,4314,RICHM,1,5,7,3801,0,0,0,,0,0G2,"WASHINGTON ST","PRESIDIO AV",1.00,W,N,B,-,N,,,,,,,,,,N,3,0,1,2,A,-,17,21663,,F,G,B,F,A,H,-,A,A,0,Y,,,,Y,,A,07,0,1,0,0,1,0,0,0,0,"- ","- ",,,"SAN FRANCISCO","SAN FRANCISCO",-122.44733428955078,37.789951324462891
8981514,2019,2020-01-13,3801,2019-11-20,1605,2244,TENDE,3,5,7,3801,0,0,0,,0,3J12D,"MARKET ST","6TH ST",0.00,,Y,A,-,N,,,,,,,,,,N,3,0,1,2,A,-,10,21950,A,N,D,B,B,A,H,-,A,A,0,Y,,,,Y,,M,95,0,1,0,0,1,0,0,0,0,"- ","- ",,,"SAN FRANCISCO","SAN FRANCISCO",-122.41030120849609,37.782238006591797
8981516,2019,2020-01-10,3801,2019-11-07,1137,1251,SOUTH,4,5,7,3801,0,0,0,,0,3B13A,"HARRISON ST","9TH ST",0.00,,Y,A,-,N,,,,,,,,,,N,4,0,1,2,A,-,08,22101,,N,B,G,A,A,H,-,A,A,0,,Y,,,Y,,L,04,0,0,1,0,0,0,1,0,0,"- ","- ",,,"SAN FRANCISCO","SAN FRANCISCO",-122.41004943847656,37.772529602050781
8981517,2019,2020-01-13,3801,2019-11-05,1335,796,NORTH,2,5,7,3801,0,0,0,,0,,"GREEN ST","GOUGH ST",0.00,,Y,A,-,N,,,,,,,,,,N,3,0,1,2,A,-,10,21950,A,N,G,B,B,A,H,-,A,A,0,Y,,,,Y,,A,01,0,1,0,0,1,0,0,0,0,"- ","- ",,,"SAN FRANCISCO","SAN FRANCISCO",-122.42707824707031,37.797199249267578
8981519,2019,2020-01-14,3801,2019-11-29,1400,4314,RICHM,5,5,7,3801,0,0,0,,0,0G4,"19TH AV","CLEMENT ST",250.00,S,N,B,-,N,,,,,,,,,,N,4,0,1,2,A,-,10,21952,,N,G,B,F,A,H,-,A,D,0,Y,,,,Y,,A,07,0,0,1,0,1,0,0,0,0,"- ","- ",,,"SAN FRANCISCO","SAN FRANCISCO",-122.47841644287109,37.7816162109375
8981520,2019,2020-01-10,3801,2019-11-07,0820,1860,TARAV,4,5,7,3801,0,0,0,,0,3I15A,"OCEAN AV","KEYSTONE WY",0.00,,Y,A,-,N,,,,,,,,,,N,3,0,1,3,A,-,08,22107,,N,B,G,A,A,H,-,A,D,0,,Y,,,Y,,A,01,0,1,0,0,0,0,1,0,0,"- ","- ",,,"SAN FRANCISCO","SAN FRANCISCO",-122.46285247802734,37.725490570068359
8981527,2019,2020-01-14,3801,2019-11-23,1730,2238,BAYVI,6,5,7,3801,0,0,0,,0,2CAR,"MARENGO ST","BAYSHORE BL",100.00,N,N,F,-,N,,,,,,,,,,N,3,0,1,2,A,-,21,22106,,F,G,B,E,A,H,-,A,A,0,Y,,,,Y,,A,01,0,1,0,0,1,0,0,0,0,"- ","- ",,,"SAN FRANCISCO","SAN FRANCISCO",-122.40673065185547,37.738548278808594
8981531,2019,2020-01-14,3801,2019-11-06,1345,385,CENTR,3,5,7,3801,0,0,0,,0,3A31,"2ND ST","JESSIE ST",0.00,,Y,A,-,N,,,,,,,,,,N,4,0,1,2,A,-,11,21954,A,N,G,B,E,A,H,-,A,D,0,Y,,,,Y,,N,60,0,0,1,0,1,0,0,0,0,"- ","- ",,,"SAN FRANCISCO","SAN FRANCISCO",-122.40030670166016,37.788410186767578
8981533,2019,2020-01-10,3801,2019-11-23,1330,719,CENTR,6,5,7,3801,0,0,0,,0,3A13C,"POWELL ST","VALLEJO ST",0.00,,Y,A,-,N,,,,,,,,,,N,4,0,1,2,A,-,10,21950,A,N,G,B,B,A,H,-,A,A,0,Y,,,,Y,,A,01,0,0,1,0,1,0,0,0,0,"- ","- ",,,"SAN FRANCISCO","SAN FRANCISCO",-122.41043853759766,37.798370361328125
8981537,2019,2020-01-10,3801,2019-11-23,1116,1424,NORTH,6,5,7,3801,0,0,0,,0,3E12A,"STEINER ST","GEARY BL",0.00,,Y,A,-,N,,,,,,,,,,N,4,0,1,2,A,-,06,21760,B,F,H,G,A,A,-,-,A,A,0,,Y,,,Y,,A,01,0,0,1,0,0,0,1,0,0,"- ","- ",,,"SAN FRANCISCO","SAN FRANCISCO",-122.43457794189453,37.784320831298828
8981538,2019,2020-01-09,3801,2019-11-22,1500,670,INGLE,5,5,7,3801,0,0,0,,0,3H15C,SILVER,"MISSION ST",0.00,,Y,A,-,N,,,,,,,,,,N,4,0,1,2,A,-,11,21453,D,N,G,B,B,A,H,-,A,A,0,Y,,,,Y,,N,60,0,0,1,0,1,0,0,0,0,"- ","- ",,,"SAN FRANCISCO","SAN FRANCISCO",-122.43128204345703,37.728740692138672
8981542,2019,2020-01-09,3801,2019-11-22,1320,719,CENTR,5,5,7,3801,0,0,0,,0,3A61,"THE EMBARCADERO ST","BAY ST",100.00,N,N,A,-,N,,,,,,,,,,N,2,0,1,2,A,-,17,21235,G,N,C,B,F,A,H,-,A,D,0,Y,,,,Y,,M,93,1,0,0,0,1,0,0,0,0,"- ","- ",,,"SAN FRANCISCO","SAN FRANCISCO",-122.40625762939453,37.806785583496094
8981543,2019,2020-01-14,3801,2019-11-27,1710,1696,NORTH,3,5,7,3801,0,0,0,,0,3E13D,"OFARRELL ST","FRANKLIN ST",0.00,,Y,A,-,N,,,,,,,,,,N,4,0,1,2,A,-,10,21950,A,N,G,B,B,A,H,-,B,A,0,Y,,,,Y,,A,01,0,0,1,0,1,0,0,0,0,"- ","- ",,,"SAN FRANCISCO","SAN FRANCISCO",-122.42282867431641,37.784549713134766
8981549,2019,2020-01-10,3801,2019-11-22,1714,937,CENTR,5,5,7,3801,0,0,0,,0,3A12D,"GEARY ST","KEARNY ST",0.00,,Y,A,-,N,,,,,,,,,,N,4,0,2,3,A,-,12,21453,A,F,G,B,B,A,H,-,C,A,0,Y,Y,,,Y,,-,"- ",0,0,2,0,2,0,0,0,0,"- ","- ",,,"SAN FRANCISCO","SAN FRANCISCO",-122.40351104736328,37.787948608398438
8981552,2019,2020-01-11,3801,2019-11-03,1740,1092,RICHM,7,5,7,3801,0,0,0,,0,00D,"CORNWALL ST","ARGUELLO BL",0.00,,Y,A,-,N,,,,,,,,,,N,2,0,2,3,A,-,10,21950,A,N,G,B,B,A,H,-,C,A,0,Y,,,,Y,,A,01,1,1,0,0,2,0,0,0,0,"- ","- ",,,"SAN FRANCISCO","SAN FRANCISCO",-122.45915985107422,37.785060882568359
8981557,2019,2020-01-10,3801,2019-11-22,1523,2737,BAYVI,5,5,7,3801,0,0,0,,0,3C15D,"JENNINGS ST","HOLLISTER AV",0.00,,Y,A,-,N,,,,,,,,,,N,4,0,1,2,A,-,12,22450,A,N,D,B,B,A,-,-,A,A,0,Y,,,,Y,,A,01,0,0,1,0,1,0,0,0,0,"- ","- ",,,"SAN FRANCISCO","SAN FRANCISCO",-122.39430236816406,37.720771789550781
8981558,2019,2020-01-09,3801,2019-11-19,0541,2341,NORTH,2,5,7,3801,0,0,0,,0,3E12E,"OAK ST","WEBSTER ST",0.00,,Y,A,-,N,,,,,,,,,,N,3,0,1,2,A,-,10,21950,A,N,G,B,B,A,H,-,C,A,0,Y,,,,Y,,A,01,0,1,0,0,1,0,0,0,0,"- ","- ",,,"SAN FRANCISCO","SAN FRANCISCO",-122.42913055419922,37.774169921875
8981560,2019,2020-01-11,3801,2019-11-27,0640,1371,MISIS,3,5,7,3801,0,0,0,,0,003,"21ST ST","LEXINGTON ST",13.00,W,N,B,C,N,,,,,,,,,,N,4,0,1,2,A,-,09,21801,A,N,D,G,A,B,H,-,A,A,0,,Y,,,Y,,A,01,0,0,1,0,0,0,1,0,0,"- ","- ",,,"SAN FRANCISCO","SAN FRANCISCO",-122.42037200927734,37.756946563720703
8981561,2019,2020-01-10,3801,2019-11-22,1901,1113,PARK,5,5,7,3801,0,0,0,,0,3F12D,"CARL ST","STANYAN ST",0.00,,Y,A,-,N,,,,,,,,,,N,3,0,1,2,A,-,10,21950,A,N,G,B,B,A,H,-,C,A,0,Y,,,,Y,,A,01,0,1,0,0,1,0,0,0,0,"- ","- ",,,"SAN FRANCISCO","SAN FRANCISCO",-122.45275115966797,37.765419006347656
8981563,2019,2020-01-13,3801,2019-11-26,1513,564,TARAV,2,5,7,3801,0,0,0,,0,3I11D,"RIVERA ST","19TH AV",0.00,,Y,C,-,N,,,,,,,,,,N,2,0,1,2,A,-,10,21950,A,N,G,B,B,B,H,-,A,A,0,Y,,,,Y,,A,01,1,0,0,0,1,0,0,0,0,"- ","- ",,,"SAN FRANCISCO","SAN FRANCISCO",-122.47592163085938,37.746768951416016
8981564,2019,2020-01-11,3801,2019-11-27,1530,798,TARAV,3,5,7,3801,0,0,0,,0,3J116D,"MONTANA ST","PLYMOUTH AV",0.00,,Y,B,-,N,,,,,,,,,,N,4,0,1,2,A,-,09,21802,A,N,D,G,A,B,H,-,A,D,0,,Y,,,Y,,A,01,0,0,1,0,0,0,1,0,0,"- ","- ",,,"SAN FRANCISCO","SAN FRANCISCO",-122.45610809326172,37.716609954833984
8981568,2019,2020-01-11,3801,2019-11-27,1501,1371,MISIS,3,5,7,3801,0,0,0,,0,006,"FOLSOM ST","14TH ST",97.00,S,N,B,C,N,,,,,,,,,,N,3,0,1,2,A,-,08,22107,,N,C,G,A,B,H,-,A,A,0,,Y,,,Y,,A,01,0,1,0,0,0,0,1,0,0,"- ","- ",,,"SAN FRANCISCO","SAN FRANCISCO",-122.41558837890625,37.768272399902344
8981570,2019,2020-01-09,3801,2019-11-18,2033,2249,TENDE,1,5,7,3801,0,0,0,,0,3J14D,"TURK ST","LEAVENWORTH ST",0.00,,-,A,-,N,,,,,,,,,,N,4,0,1,2,A,-,21,22106,,F,G,B,F,A,H,-,C,D,0,Y,,,,Y,,A,01,0,0,1,0,1,0,0,0,0,"- ","- ",,,"SAN FRANCISCO","SAN FRANCISCO",-122.41403961181641,37.782798767089844
8981571,2019,2020-01-13,3801,2019-11-26,0632,1557,SOUTH,2,5,7,3801,0,0,0,,0,3B13A,"8TH ST","MISSION ST",0.00,,Y,A,-,N,,,,,,,,,,N,4,0,1,2,A,-,11,21955,,N,G,B,B,A,H,-,B,A,0,Y,,,,Y,,N,60,0,0,1,0,1,0,0,0,0,"- ","- ",,,"SAN FRANCISCO","SAN FRANCISCO",-122.41316223144531,37.777458190917969
8981572,2019,2020-01-11,3801,2019-11-27,1700,2008,MISSI,3,5,7,3801,0,0,0,,0,3D15D,"MISSION ST","17TH ST",0.00,,Y,A,-,N,,,,,,,,,,N,4,0,1,2,A,-,22,23123,A,M,G,B,B,A,H,-,A,A,0,Y,,,,Y,,A,07,0,0,1,0,1,0,0,0,0,"- ","- ",,,"SAN FRANCISCO","SAN FRANCISCO",-122.41950225830078,37.763420104980469
8981575,2019,2020-01-13,3801,2019-11-25,1514,282,TARAV,1,5,7,3801,0,0,0,,0,3I41,"LAWTON ST","18TH AV",0.00,,Y,A,-,N,,,,,,,,,,N,4,0,1,2,A,-,11,21950,B,N,D,B,A,A,H,-,A,A,0,,,,,Y,,-,,0,0,1,0,0,0,0,0,0,"- ","- ",,,"SAN FRANCISCO","SAN FRANCISCO",-122.47566223144531,37.757991790771484
8981577,2019,2020-01-10,3801,2019-11-18,1000,1463,PARK,1,5,7,3801,0,0,0,,0,0F3,"SHRADER ST","HAYES ST",0.00,,Y,A,-,N,,,,,,,,,,N,3,0,1,2,A,-,12,22450,A,N,D,G,A,A,H,-,A,D,0,,Y,,,Y,,L,04,0,1,0,0,0,0,1,0,0,"- ","- ",,,"SAN FRANCISCO","SAN FRANCISCO",-122.45262145996094,37.773101806640625