CASE_ID,ACCIDENT_YEAR,PROC_DATE,JURIS,COLLISION_DATE,COLLISION_TIME,OFFICER_ID,REPORTING_DISTRICT,DAY_OF_WEEK,CHP_SHIFT,POPULATION,CNTY_CITY_LOC,SPECIAL_COND,BEAT_TYPE,CHP_BEAT_TYPE,CITY_DIVISION_LAPD,CHP_BEAT_CLASS,BEAT_NUMBER,PRIMARY_RD,SECONDARY_RD,DISTANCE,DIRECTION,INTERSECTION,WEATHER_1,WEATHER_2,STATE_HWY_IND,CALTRANS_COUNTY,CALTRANS_DISTRICT,STATE_ROUTE,ROUTE_SUFFIX,POSTMILE_PREFIX,POSTMILE,LOCATION_TYPE,RAMP_INTERSECTION,SIDE_OF_HWY,TOW_AWAY,COLLISION_SEVERITY,NUMBER_KILLED,NUMBER_INJURED,PARTY_COUNT,PRIMARY_COLL_FACTOR,PCF_CODE_OF_VIOL,PCF_VIOL_CATEGORY,PCF_VIOLATION,PCF_VIOL_SUBSECTION,HIT_AND_RUN,TYPE_OF_COLLISION,MVIW,PED_ACTION,ROAD_SURFACE,ROAD_COND_1,ROAD_COND_2,LIGHTING,CONTROL_DEVICE,CHP_ROAD_TYPE,PEDESTRIAN_ACCIDENT,BICYCLE_ACCIDENT,MOTORCYCLE_ACCIDENT,TRUCK_ACCIDENT,NOT_PRIVATE_PROPERTY,ALCOHOL_INVOLVED,STWD_VEHTYPE_AT_FAULT,CHP_VEHTYPE_AT_FAULT,COUNT_SEVERE_INJ,COUNT_VISIBLE_INJ,COUNT_COMPLAINT_PAIN,COUNT_PED_KILLED,COUNT_PED_INJURED,COUNT_BICYCLIST_KILLED,COUNT_BICYCLIST_INJURED,COUNT_MC_KILLED,COUNT_MC_INJURED,PRIMARY_RAMP,SECONDARY_RAMP,LATITUDE,LONGITUDE,COUNTY,CITY,POINT_X,POINT_Y
8981578,2019,2020-01-09,3801,2019-11-22,1200,719,CENTR,5,5,7,3801,0,0,0,,0,3A61,"POINT ST","LARKIN ST",40.00,W,N,A,-,N,,,,,,,,,,N,3,0,1,2,A,-,17,22517,,N,H,G,A,A,H,-,A,D,0,,Y,,,Y,,-,,0,1,0,0,0,0,1,0,0,"- ","- ",,,"SAN FRANCISCO","SAN FRANCISCO",-122.42213439941406,37.805492401123047
8981582,2019,2020-01-09,3801,2019-11-25,0729,2039,TARAV,1,5,7,3801,0,0,0,,0,005,"JUNIPERO SERRA BL","HOLLOWAY AV",0.00,,Y,A,-,N,,,,,,,,,,N,4,0,1,2,A,-,10,21950,A,N,G,B,B,A,H,-,A,A,0,Y,,,,Y,,A,01,0,0,1,0,1,0,0,0,0,"- ","- ",,,"SAN FRANCISCO","SAN FRANCISCO",-122.47267150878906,37.721569061279297
8981584,2019,2020-01-11,3801,2019-11-26,1848,2195,CENTR,2,5,7,3801,0,0,0,,0,004,"BAY ST","POWELL ST",17.00,E,N,A,-,N,,,,,,,,,,N,4,0,1,2,D,-,00,,,N,G,B,C,B,F,-,C,A,0,Y,,,,Y,,-,"- ",0,0,1,0,1,0,0,0,0,"- ","- ",,,"SAN FRANCISCO","SAN FRANCISCO",-122.41188049316406,37.80584716796875
8981585,2019,2020-01-10,3801,2019-11-18,1412,2148,NORTH,1,5,7,3801,0,0,0,,0,3E13A,"ALICE TOKLAS PL","VAN NESS AV",200.00,E,N,A,-,N,,,,,,,,,,N,4,0,1,2,A,-,09,21804,A,N,G,B,F,A,H,-,A,D,0,Y,,,,Y,,A,01,0,0,1,0,1,0,0,0,0,"- ","- ",,,"SAN FRANCISCO","SAN FRANCISCO",-122.42052459716797,37.785308837890625
8981587,2019,2020-01-13,3801,2019-11-24,2036,2287,NORTH,7,5,7,3801,0,0,0,,0,3E60,"FILLMORE ST","GOLDEN GATE AV",90.00,N,N,A,-,N,,,,,,,,,,N,4,0,1,2,A,-,08,22102,,N,-,G,A,A,H,-,C,D,0,,Y,,,Y,,A,01,0,0,1,0,0,0,1,0,0,"- ","- ",,,"SAN FRANCISCO","SAN FRANCISCO",-122.43199157714844,37.779804229736328
8981588,2019,2020-01-11,3801,2019-11-26,1938,2379,INGLE,2,5,7,3801,0,0,0,,0,3H15D,"GENEVA AV","NAPLES ST",0.00,,Y,C,G,N,,,,,,,,,,N,4,0,1,2,A,-,10,21950,A,N,G,B,B,B,H,-,C,A,0,Y,,,,Y,,A,01,0,0,1,0,1,0,0,0,0,"- ","- ",,,"SAN FRANCISCO","SAN FRANCISCO",-122.43618774414062,37.714210510253906
8981592,2019,2020-01-11,3801,2019-11-26,1844,2168,CENTR,2,5,7,3801,0,0,0,,0,3A14D,"WASHINGTON ST","DRUMM ST",0.00,,Y,C,-,N,,,,,,,,,,N,4,0,1,2,A,-,10,21950,A,N,-,B,B,B,H,-,C,A,0,Y,,,,Y,,A,01,0,0,1,0,1,0,0,0,0,"- ","- ",,,"SAN FRANCISCO","SAN FRANCISCO",-122.39698028564453,37.796371459960938
8981593,2019,2020-01-10,3801,2019-11-18,1910,1389,MISSI,1,5,7,3801,0,0,0,,0,,"SHOTWELL ST","SHOTWELL ST 83",0.00,,Y,A,-,N,,,,,,,,,,N,4,0,1,2,A,-,09,21804,A,N,A,G,A,A,H,-,C,A,0,,Y,,,Y,,L,04,0,0,1,0,0,0,1,0,0,"- ","- ",,,"SAN FRANCISCO","SAN FRANCISCO",,
8981594,2019,2020-01-09,3801,2019-11-19,1849,890,BAYVI,2,5,7,3801,0,0,0,,0,"BAY 5","3RD ST","SHAFTER AV",0.00,,Y,A,-,N,,,,,,,,,,N,4,0,1,2,A,-,10,21950,A,F,G,B,B,A,H,-,C,A,0,Y,,,,Y,Y,A,08,0,0,1,0,1,0,0,0,0,"- ","- ",,,"SAN FRANCISCO","SAN FRANCISCO",-122.39189147949219,37.731639862060547
8981595,2019,2020-01-13,3801,2019-11-20,0850,2412,SOUTH,3,5,7,3801,0,0,0,,0,,"11TH ST","NATOMA ST",0.00,,Y,A,-,N,,,,,,,,,,N,3,0,1,2,A,-,21,22106,,F,D,G,A,A,H,-,A,D,0,,Y,,,Y,,A,07,0,1,0,0,0,0,1,0,0,"- ","- ",,,"SAN FRANCISCO","SAN FRANCISCO",-122.41609954833984,37.773521423339844
8981596,2019,2020-01-11,3801,2019-11-26,1806,2139,NORTH,2,5,7,3801,0,0,0,,0,901,"LOMBARD ST","LYON ST",0.00,,Y,C,G,N,,,,,,,,,,N,4,0,1,2,A,-,11,21950,B,N,G,B,B,B,H,-,C,A,0,Y,,,,Y,,N,60,0,0,1,0,1,0,0,0,0,"- ","- ",,,"SAN FRANCISCO","SAN FRANCISCO",-122.44732666015625,37.798469543457031
8981598,2019,2020-01-09,3801,2019-11-19,1737,2139,NORTH,2,5,7,3801,0,0,0,,0,901,"SUTTER ST","GOUGH ST",0.00,,Y,A,-,N,,,,,,,,,,N,3,0,1,2,A,-,10,21950,A,F,G,B,B,A,H,-,C,A,0,Y,,,,Y,,A,01,0,1,0,0,1,0,0,0,0,"- ","- ",,,"SAN FRANCISCO","SAN FRANCISCO",-122.42504119873047,37.787139892578125
8981607,2019,2020-01-09,3801,2019-11-08,1641,1148,TRARV,5,5,7,3801,0,0,0,,0,3I11D,"PACHECO ST","31ST AV",0.00,,Y,A,-,N,,,,,,,,,,N,3,0,1,1,A,-,21,22106,,N,G,B,A,A,H,-,A,D,0,,,,,Y,,-,,0,1,0,0,0,0,0,0,0,"- ","- ",,,"SAN FRANCISCO","SAN FRANCISCO",-122.48906707763672,37.749950408935547
8981611,2019,2020-01-09,3801,2019-11-08,2230,1102,MISSS,5,5,7,3801,0,0,0,,0,0D5,"CAPP ST","19TH ST",104.00,N,N,A,-,N,,,,,,,,,,N,4,0,1,2,A,-,11,21954,A,N,G,B,E,A,H,-,C,D,0,Y,,,,Y,Y,N,60,0,0,1,0,1,0,0,0,0,"- ","- ",,,"SAN FRANCISCO","SAN FRANCISCO",-122.41813659667969,37.760574340820312
8981612,2019,2020-01-14,3801,2019-11-15,1826,2196,TENDE,5,5,7,3801,0,0,0,,0,3J13D,"MARKET ST","ELLIS ST",0.00,,Y,A,-,N,,,,,,,,,,,2,0,1,2,A,-,12,21453,A,F,G,B,B,-,-,-,C,A,0,Y,Y,,,Y,,L,04,1,0,0,0,1,0,0,0,0,"- ","- ",,,"SAN FRANCISCO","SAN FRANCISCO",-122.40589141845703,37.785701751708984
8981619,2019,2020-01-09,3801,2019-11-08,1823,2200,NORTH,5,5,7,3801,0,0,0,,0,002,"FULTON ST","WEBSTER ST",0.00,,Y,A,-,N,,,,,,,,,,Y,2,0,1,2,A,-,09,21801,A,N,A,G,A,A,H,-,C,A,0,,Y,,,Y,,A,01,1,0,0,0,0,0,1,0,0,"- ","- ",,,"SAN FRANCISCO","SAN FRANCISCO",-122.42990875244141,37.777908325195312
8981620,2019,2020-01-14,3801,2019-11-15,1224,359,CENT,5,5,7,3801,0,0,0,,0,3A11C,"HYDE ST","PINE ST",10.00,S,N,A,-,N,,,,,,,,,,N,3,0,1,2,A,-,10,21950,A,N,-,B,B,A,H,-,A,A,0,Y,,,,Y,,A,01,0,1,0,0,1,0,0,0,0,"- ","- ",,,"SAN FRANCISCO","SAN FRANCISCO",-122.41719818115234,37.790012359619141
8981623,2019,2020-01-09,3801,2019-11-08,2125,2241,MISSI,5,5,7,3801,0,0,0,,0,3D11E,"MARKET ST","DUBOCE ST",0.00,,Y,A,-,N,,,,,,,,,,N,4,0,1,2,A,-,12,21453,A,N,G,G,A,A,H,-,C,A,0,,Y,,,Y,,A,01,0,0,1,0,0,0,1,0,0,"- ","- ",,,"SAN FRANCISCO","SAN FRANCISCO",-122.42639923095703,37.769630432128906
8981631,2019,2020-01-09,3801,2019-11-08,0813,1853,CENTR,5,5,7,3801,0,0,0,,0,3A11A,"THE EMBARCADERO","LOMBARD ST",0.00,,Y,A,-,N,,,,,,,,,,N,2,0,2,2,D,-,00,,,N,D,B,B,A,H,-,A,A,0,Y,Y,,,Y,,-,"- ",1,1,0,0,1,0,1,0,0,"- ","- ",,,"SAN FRANCISCO","SAN FRANCISCO",-122.40220642089844,37.804168701171875
8981632,2019,2020-01-14,3801,2019-11-15,0752,2368,SOUTH,5,5,7,3801,0,0,0,,0,3B12A,"MINNA ST","MARY ST",96.00,E,N,A,-,N,,,,,,,,,,Y,2,0,1,2,A,-,10,21950,A,F,G,B,D,A,H,-,A,D,0,Y,,Y,,Y,,C,03,1,0,0,0,1,0,0,0,0,"- ","- ",,,"SAN FRANCISCO","SAN FRANCISCO",-122.40647888183594,37.781871795654297
8981634,2019,2020-02-14,3801,2019-11-21,0744,796,NORTH,4,5,7,3801,0,0,0,,0,3E15A,"CHESTNUT ST","BUCHANAN ST",0.00,,Y,A,-,N,,,,,,,,,,N,4,0,1,2,A,-,10,21950,A,N,G,B,B,A,H,-,A,D,0,Y,,,,Y,,A,01,0,0,1,0,1,0,0,0,0,"- ","- ",,,"SAN FRANCISCO","SAN FRANCISCO",-122.43296051025391,37.801231384277344
8981635,2019,2020-01-09,3801,2019-11-08,0919,2190,MISSI,5,5,7,3801,0,0,0,,0,3D11A,"22ND ST","DOLORES ST",0.00,,Y,A,-,N,,,,,,,,,,N,4,0,1,2,A,-,12,21453,A,N,A,G,A,A,H,-,A,A,0,,Y,Y,,Y,,O,05,0,0,1,0,0,0,1,0,0,"- ","- ",,,"SAN FRANCISCO","SAN FRANCISCO",-122.42552947998047,37.755039215087891
8981636,2019,2020-01-14,3801,2019-11-14,2230,1250,CENTR,4,5,7,3801,0,0,0,,0,3A11E,"SUTTER ST","LEAVENWORTH ST",0.00,,Y,A,-,N,,,,,,,,,,N,4,0,1,2,A,-,10,21950,A,N,G,B,B,A,H,-,C,A,0,Y,,,,Y,,A,01,0,0,1,0,1,0,0,0,0,"- ","- ",,,"SAN FRANCISCO","SAN FRANCISCO",-122.41517639160156,37.788379669189453
8981639,2019,2020-01-09,3801,2019-11-08,1226,933,CENTA,5,5,7,3801,0,0,0,,0,0A4,"ROBERT C LEVY TUNNEL","BROADWAY ST",100.00,W,N,A,-,N,,,,,,,,,,N,4,0,1,2,A,-,06,21750,A,N,B,G,A,A,H,-,A,D,0,,Y,,,Y,,A,07,0,0,1,0,0,0,1,0,0,"- ","- ",,,"SAN FRANCISCO","SAN FRANCISCO",-122.41112518310547,37.797252655029297
8981656,2019,2020-01-14,3801,2019-11-14,1908,831,TARAV,4,5,7,3801,0,0,0,,0,3I11D,"LINCOLN WY","20TH AV",0.00,,Y,A,-,N,,,,,,,,,,N,2,0,1,2,A,-,09,21804,A,N,D,G,A,A,H,-,C,A,0,,Y,,,Y,,L,04,1,0,0,0,0,0,1,0,0,"- ","- ",,,"SAN FRANCISCO","SAN FRANCISCO",-122.47833251953125,37.765399932861328
8981664,2019,2020-02-13,3801,2019-11-01,1106,2719,RICHM,5,5,7,3801,0,0,0,,0,002,"MASONIC AV","GEARY BL",0.00,,Y,A,-,N,,,,,,,,,,N,4,0,1,2,D,-,00,,,N,A,B,-,A,H,-,A,-,0,Y,,,,Y,,-,"- ",0,0,1,0,1,0,0,0,0,"- ","- ",,,"SAN FRANCISCO","SAN FRANCISCO",-122.44786834716797,37.782279968261719
8981667,2019,2020-01-09,3801,2019-11-07,1530,764,MISSI,4,5,7,3801,0,0,0,,0,3D44C,"FOLSOM ST","17TH ST",0.00,,Y,A,-,N,,,,,,,,,,N,4,0,1,2,A,-,17,22517,,N,B,G,A,A,H,-,A,A,0,,Y,,,Y,,A,01,0,0,1,0,0,0,1,0,0,"- ","- ",,,"SAN FRANCISCO","SAN FRANCISCO",-122.41515350341797,37.763690948486328
8981671,2019,2020-01-09,3801,2019-11-07,1507,2315,INGLE,4,5,7,3801,0,0,0,,0,3H16D,"BAYSHORE BL","ARLETA AV",0.00,,Y,A,-,N,,,,,,,,,,N,3,0,1,2,A,-,12,21453,A,F,G,B,F,A,H,-,A,A,0,Y,,,,Y,,A,01,0,1,0,0,1,0,0,0,0,"- ","- ",,,"SAN FRANCISCO","SAN FRANCISCO",-122.40261077880859,37.712268829345703
8981679,2019,2020-01-09,3801,2019-11-07,1251,244,NORTH,4,5,7,3801,0,0,0,,0,3E46C,"POLK ST","SUTTER ST",0.00,,Y,A,-,N,,,,,,,,,,,3,0,1,2,A,-,12,21453,A,N,H,G,A,A,H,-,A,A,0,,Y,,,Y,,L,04,0,1,0,0,0,0,1,0,0,"- ","- ",,,"SAN FRANCISCO","SAN FRANCISCO",-122.42009735107422,37.787761688232422
8981689,2019,2019-11-21,3801,2019-10-13,2044,1907,MISSI,7,5,7,3801,0,0,0,,0,2044,"CASTRO ST","MARKET ST",0.00,,Y,A,-,N,,,,,,,,,,Y,2,0,1,2,A,-,01,23152,A,N,G,B,B,A,H,-,C,A,0,Y,,,,Y,Y,A,01,1,0,0,0,1,0,0,0,0,"- ","- ",,,"SAN FRANCISCO","SAN FRANCISCO",-122.43515777587891,37.762638092041016
8981690,2019,2019-11-22,3801,2019-10-06,2145,317,CENTR,7,5,7,3801,0,0,0,,0,SECTOR,"UNION ST","COLUMBUS AV",0.00,,Y,A,-,N,,,,,,,,,,N,3,0,1,2,A,-,12,21453,A,F,G,B,B,A,H,-,C,A,0,Y,,,,Y,,A,07,0,1,0,0,1,0,0,0,0,"- ","- ",,,"SAN FRANCISCO","SAN FRANCISCO",-122.41017150878906,37.800308227539062
8981697,2019,2019-12-19,3801,2019-10-12,2357,377,SOUTH,6,5,7,3801,0,0,0,,0,3B12E,"4TH ST","HARRISON ST",0.00,,Y,A,-,N,,,,,,,,,,N,4,0,1,2,A,-,17,21461,A,N,B,G,A,A,H,-,C,A,0,,Y,,,Y,,-,"- ",0,0,1,0,0,0,1,0,0,"- ","- ",,,"SAN FRANCISCO","SAN FRANCISCO",-122.39962768554688,37.780780792236328
8981701,2019,2019-11-20,3801,2019-10-12,1916,1062,TARAV,6,5,7,3801,0,0,0,,0,3I13D,"TARAVAL ST","44TH AV",34.00,E,N,A,-,N,,,,,,,,,,N,4,0,1,2,A,-,08,22107,,N,C,G,A,A,H,-,C,A,0,,Y,,,Y,,L,04,0,0,1,0,0,0,1,0,0,"- ","- ",,,"SAN FRANCISCO","SAN FRANCISCO",-122.50234985351562,37.741874694824219
8981705,2019,2019-11-20,3801,2019-10-12,1445,1118,MISSI,6,5,7,3801,0,0,0,,0,3D11C,"14TH ST","MARKET ST",9.00,E,N,A,-,N,,,,,,,,,,N,4,0,1,2,A,-,11,21950,B,N,G,B,B,A,H,-,A,A,0,Y,,,,Y,,N,60,0,0,1,0,1,0,0,0,0,"- ","- ",,,"SAN FRANCISCO","SAN FRANCISCO",-122.42880249023438,37.767711639404297
8981717,2019,2019-11-20,3801,2019-10-11,2140,875,CENTR,5,5,7,3801,0,0,0,,0,3A15E,"SANSOME ST","BUSH ST",0.00,,Y,A,-,N,,,,,,,,,,N,3,0,1,2,A,-,10,21950,A,N,G,B,B,A,H,-,C,A,0,Y,,,,Y,,-,,0,1,0,0,1,0,0,0,0,"- ","- ",,,"SAN FRANCISCO","SAN FRANCISCO",-122.40071105957031,37.79119873046875
8981718,2019,2019-11-22,3801,2019-10-06,0939,893,INGLE,7,5,7,3801,0,0,0,,0,3H13A,"ALEMANY BL","LAWRENCE AV",0.00,,Y,A,-,N,,,,,,,,,,N,4,0,1,2,A,-,10,21950,A,N,G,B,B,A,H,-,A,D,0,Y,,,,Y,,A,01,0,0,1,0,1,0,0,0,0,"- ","- ",,,"SAN FRANCISCO","SAN FRANCISCO",-122.45319366455078,37.711269378662109
8981726,2019,2019-11-22,3801,2019-10-05,2045,4104,TENDE,6,5,7,3801,0,0,0,,0,3J91,"6TH ST","MARKET ST",0.00,,Y,A,-,N,,,,,,,,,,N,3,0,1,2,A,-,03,22350,,F,C,G,A,A,H,-,D,A,0,,Y,,,Y,,A,01,0,1,0,0,0,0,1,0,0,"- ","- ",,,"SAN FRANCISCO","SAN FRANCISCO",-122.41030120849609,37.782238006591797
8981729,2019,2019-11-20,3801,2019-10-13,1758,582,CENTR,7,5,7,3801,0,0,0,,0,3A12D,"CALIFORNIA ST","GRANT ST",0.00,,Y,A,-,N,,,,,,,,,,N,3,0,1,2,A,-,12,21453,A,N,D,G,A,A,H,-,A,A,0,,Y,,,Y,,L,04,0,1,0,0,0,0,1,0,0,"- ","- ",,,"SAN FRANCISCO","SAN FRANCISCO",-122.40589141845703,37.792461395263672
8981745,2019,2019-11-20,3801,2019-10-13,1603,1377,INGLE,7,5,7,3801,0,0,0,,0,3H11C,"DIAMOND ST","CHENERY ST",0.00,,Y,A,-,N,,,,,,,,,,N,4,0,1,2,A,-,10,21950,A,N,G,B,B,A,H,-,A,A,0,Y,,,,Y,,A,01,0,0,1,0,1,0,0,0,0,"- ","- ",,,"SAN FRANCISCO","SAN FRANCISCO",-122.43385314941406,37.734508514404297
8981754,2019,2019-11-22,3801,2019-10-03,1854,112,CENTR,4,5,7,3801,0,0,0,,0,4CAR,"POWELL ST","CLAY ST",0.00,,Y,A,-,N,,,,,,,,,,N,3,0,1,2,A,-,12,21453,A,F,D,G,A,A,H,-,A,A,0,,Y,,,Y,,A,01,0,1,0,0,0,0,1,0,0,"- ","- ",,,"SAN FRANCISCO","SAN FRANCISCO",-122.40953063964844,37.793880462646484
8981760,2019,2020-03-13,3801,2019-10-26,1831,2268,INGLE,6,5,7,3801,0,0,0,,0,3H3D,"FRIDA KAHLO WY","OCEAN AV",100.00,N,N,A,-,N,,,,,,,,,,N,3,0,1,2,A,-,11,21954,A,N,G,B,E,A,H,-,B,D,0,Y,,,,Y,,N,60,0,1,0,0,1,0,0,0,0,"- ","- ",,,"SAN FRANCISCO","SAN FRANCISCO",-122.45233917236328,37.723354339599609
8981762,2019,2019-11-21,3801,2019-10-26,0014,1030,MISSI,6,5,7,3801,0,0,0,,0,03D,"S VAN NESS AV","13TH ST",0.00,,Y,A,-,N,,,,,,,,,,N,2,0,1,2,A,-,00,23104,A,N,G,B,E,A,H,-,C,A,0,Y,,,,Y,,A,01,1,0,0,0,1,0,0,0,0,"- ","- ",,,"SAN FRANCISCO","SAN FRANCISCO",-122.41777038574219,37.769718170166016
8981763,2019,2019-11-21,3801,2019-10-15,0701,405,INGLE,2,5,7,3801,0,0,0,,0,3H60,"SAN JOSE AV","SANTA YNEZ AV",0.00,,Y,A,-,N,,,,,,,,,,N,3,0,1,2,A,-,10,21950,A,N,G,B,B,A,H,-,A,A,0,Y,,,,Y,,A,01,0,1,0,0,1,0,0,0,0,"- ","- ",,,"SAN FRANCISCO","SAN FRANCISCO",-122.44239807128906,37.725780487060547
8981764,2019,2020-01-21,3801,2019-10-31,0910,2374,INGLE,4,5,7,3801,0,0,0,,0,0H5,"ALEMANY BL","NAGLEE AV",200.00,N,N,A,-,N,,,,,,,,,,N,3,0,1,2,A,-,08,22107,,N,B,G,A,A,-,-,A,D,0,,Y,,,Y,,L,04,0,1,0,0,0,0,1,0,0,"- ","- ",,,"SAN FRANCISCO","SAN FRANCISCO",-122.44840240478516,37.714202880859375
8981767,2019,2019-11-21,3801,2019-10-15,0655,2023,PARK,2,5,7,3801,0,0,0,,0,001,"FREDERICK ST","ARGUELLO BL",0.00,,Y,A,-,N,,,,,,,,,,N,4,0,1,2,A,-,10,21950,A,N,G,B,B,A,H,-,C,D,0,Y,,,,Y,,A,07,0,0,1,0,1,0,0,0,0,"- ","- ",,,"SAN FRANCISCO","SAN FRANCISCO",-122.45780944824219,37.765708923339844
8981768,2019,2020-01-21,3801,2019-10-31,0845,1237,TARAV,4,5,7,3801,0,0,0,,0,3I16A,"BROAD ST","ORIZABA AV",40.00,E,N,A,-,N,,,,,,,,,,N,4,0,1,2,A,-,11,21950,B,N,G,B,D,A,H,-,A,D,0,Y,,,,Y,,N,60,0,0,1,0,1,0,0,0,0,"- ","- ",,,"SAN FRANCISCO","SAN FRANCISCO",-122.46244812011719,37.713161468505859
8981770,2019,2020-01-03,3801,2019-10-13,1350,319,CENTR,7,5,7,3801,0,0,0,,0,3A11A,"PIER 1 1/2","THE EMBARCADERO",65.00,N,N,A,-,N,,,,,,,,,,N,3,0,1,3,A,-,17,22517,,N,H,G,A,A,H,-,A,D,0,,Y,,,Y,,A,01,0,1,0,0,0,0,1,0,0,"- ","- ",,,"SAN FRANCISCO","SAN FRANCISCO",-122.39541625976562,37.797210693359375
8981772,2019,2019-12-06,3801,2019-10-31,0911,1325,TENDE,4,5,7,3801,0,0,0,,0,3J12A,"MARKET ST","3RD ST",0.00,,Y,A,-,N,,,,,,,,,,N,4,0,1,2,A,-,00,21230,,N,-,B,F,A,-,-,A,D,0,Y,,,,Y,,M,94,0,0,1,0,1,0,0,0,0,"- ","- ",,,"SAN FRANCISCO","SAN FRANCISCO",-122.40345764160156,37.78765869140625
8981776,2019,2019-12-06,3801,2019-10-30,2225,2211,NORTH,3,5,7,3801,0,0,0,,0,,"POST ST","POLK ST",0.00,,Y,A,-,N,,,,,,,,,,N,4,0,1,2,A,-,11,21950,B,N,A,B,B,A,H,-,C,A,0,Y,,,,Y,Y,N,60,0,0,1,0,1,0,0,0,0,"- ","- ",,,"SAN FRANCISCO","SAN FRANCISCO",-122.41989898681641,37.786830902099609
8981780,2019,2019-12-06,3801,2019-10-30,2035,4118,INGLE,3,5,7,3801,0,0,0,,0,3H16D,"MISSION ST","MISSION ST 3300",0.00,N,N,A,-,N,,,,,,,,,,N,4,0,1,2,A,-,03,22350,,F,C,G,A,A,H,-,C,A,0,,Y,,,Y,,A,01,0,0,1,0,0,0,1,0,0,"- ","- ",,,"SAN FRANCISCO","SAN FRANCISCO",-122.42103576660156,37.743869781494141
8981788,2019,2019-12-06,3801,2019-10-30,2045,426,NORTH,3,5,7,3801,0,0,0,,0,3E16E,"POLK ST","PINE ST",0.00,,Y,A,-,N,,,,,,,,,,N,2,0,1,2,A,-,10,21950,A,F,G,B,B,A,H,-,C,A,0,Y,,,,Y,,A,01,1,0,0,0,1,0,0,0,0,"- ","- ",,,"SAN FRANCISCO","SAN FRANCISCO",-122.42050170898438,37.789638519287109
8981794,2019,2019-11-21,3801,2019-10-16,1819,2144,MISSI,3,5,7,3801,0,0,0,,0,03D,"16TH ST","SAN BRUNO AV",85.00,W,N,A,-,N,,,,,,,,,,N,3,0,1,2,A,-,03,22350,,N,B,G,A,A,H,-,A,D,0,,Y,,,Y,,L,04,0,1,0,0,0,0,1,0,0,"- ","- ",,,"SAN FRANCISCO","SAN FRANCISCO",-122.40586090087891,37.765876770019531
8981798,2019,2019-11-21,3801,2019-10-13,1055,1696,NORTH,7,5,7,3801,0,0,0,,0,3E11D,"HAIGHT ST","LAGUNA ST",0.00,,Y,A,-,N,,,,,,,,,,N,4,0,1,2,A,-,05,21650,,F,G,B,B,A,H,-,A,A,0,Y,,,,Y,,A,01,0,0,1,0,1,0,0,0,0,"- ","- ",,,"SAN FRANCISCO","SAN FRANCISCO",-122.42550659179688,37.772739410400391
8981800,2019,2019-12-06,3801,2019-10-24,1115,4239,PARK,4,5,7,3801,0,0,0,,0,3F2A,"COLE ST","FREDERICK ST",0.00,,Y,A,-,N,,,,,,,,,,N,4,0,1,2,A,-,10,21950,A,N,G,B,B,A,H,-,A,D,0,Y,,,,Y,,A,01,0,0,1,0,1,0,0,0,0,"- ","- ",,,"SAN FRANCISCO","SAN FRANCISCO",-122.45015716552734,37.766738891601562
8981802,2019,2019-11-21,3801,2019-10-16,1645,1849,TENDE,3,5,7,3801,0,0,0,,0,3J13D,"HYDE ST","MCALLISTER ST",0.00,,Y,A,-,N,,,,,,,,,,N,4,0,1,2,A,-,10,21950,A,N,G,B,B,A,-,-,A,A,0,Y,,,,Y,,-,,0,0,1,0,1,0,0,0,0,"- ","- ",,,"SAN FRANCISCO","SAN FRANCISCO",-122.41532135009766,37.780738830566406
8981804,2019,2019-12-06,3801,2019-10-24,1011,859,TENDE,4,5,7,3801,0,0,0,,0,03J,"11TH ST","MARKET ST",0.00,,Y,A,-,N,,,,,,,,,,N,3,0,1,3,A,-,17,22517,,N,H,G,A,A,H,-,A,D,0,,Y,,,Y,,-,,0,1,0,0,0,0,1,0,0,"- ","- ",,,"SAN FRANCISCO","SAN FRANCISCO",-122.418701171875,37.775600433349609
8981807,2019,2019-11-21,3801,2019-10-10,1840,643,TARAV,4,5,7,3801,0,0,0,,0,3I1D,"CLAREMONT BL","ALLSTON WY",100.00,S,N,A,-,N,,,,,,,,,,N,3,0,1,2,A,-,08,22107,,N,D,G,A,A,H,-,B,D,0,,Y,,,Y,,A,01,0,1,0,0,0,0,1,0,0,"- ","- ",,,"SAN FRANCISCO","SAN FRANCISCO",-122.46408843994141,37.74200439453125
8981813,2019,2019-11-21,3801,2019-10-26,1410,152,PARK,6,5,7,3801,0,0,0,,0,3F13D,"PAGE ST","PIERCE ST",100.00,W,N,A,-,N,,,,,,,,,,N,3,0,1,2,A,-,17,22517,,N,H,G,A,A,H,-,A,D,0,,Y,,,Y,,A,01,0,1,0,0,0,0,1,0,0,"- ","- ",,,"SAN FRANCISCO","SAN FRANCISCO",-122.43426513671875,37.772586822509766