CASE_ID,ACCIDENT_YEAR,PROC_DATE,JURIS,COLLISION_DATE,COLLISION_TIME,OFFICER_ID,REPORTING_DISTRICT,DAY_OF_WEEK,CHP_SHIFT,POPULATION,CNTY_CITY_LOC,SPECIAL_COND,BEAT_TYPE,CHP_BEAT_TYPE,CITY_DIVISION_LAPD,CHP_BEAT_CLASS,BEAT_NUMBER,PRIMARY_RD,SECONDARY_RD,DISTANCE,DIRECTION,INTERSECTION,WEATHER_1,WEATHER_2,STATE_HWY_IND,CALTRANS_COUNTY,CALTRANS_DISTRICT,STATE_ROUTE,ROUTE_SUFFIX,POSTMILE_PREFIX,POSTMILE,LOCATION_TYPE,RAMP_INTERSECTION,SIDE_OF_HWY,TOW_AWAY,COLLISION_SEVERITY,NUMBER_KILLED,NUMBER_INJURED,PARTY_COUNT,PRIMARY_COLL_FACTOR,PCF_CODE_OF_VIOL,PCF_VIOL_CATEGORY,PCF_VIOLATION,PCF_VIOL_SUBSECTION,HIT_AND_RUN,TYPE_OF_COLLISION,MVIW,PED_ACTION,ROAD_SURFACE,ROAD_COND_1,ROAD_COND_2,LIGHTING,CONTROL_DEVICE,CHP_ROAD_TYPE,PEDESTRIAN_ACCIDENT,BICYCLE_ACCIDENT,MOTORCYCLE_ACCIDENT,TRUCK_ACCIDENT,NOT_PRIVATE_PROPERTY,ALCOHOL_INVOLVED,STWD_VEHTYPE_AT_FAULT,CHP_VEHTYPE_AT_FAULT,COUNT_SEVERE_INJ,COUNT_VISIBLE_INJ,COUNT_COMPLAINT_PAIN,COUNT_PED_KILLED,COUNT_PED_INJURED,COUNT_BICYCLIST_KILLED,COUNT_BICYCLIST_INJURED,COUNT_MC_KILLED,COUNT_MC_INJURED,PRIMARY_RAMP,SECONDARY_RAMP,LATITUDE,LONGITUDE,COUNTY,CITY,POINT_X,POINT_Y
9035591,2019,2020-02-05,3801,2019-12-06,2337,2733,SOUTH,5,5,7,3801,0,0,0,,0,3B13E,"6TH ST","TEHAMA ST",0.00,,Y,C,-,N,,,,,,,,,,N,4,0,1,2,A,-,11,21955,,N,G,B,D,B,-,-,C,D,0,Y,,,,Y,Y,N,60,0,0,1,0,1,0,0,0,0,"- ","- ",,,"SAN FRANCISCO","SAN FRANCISCO",-122.40659332275391,37.779308319091797
9035597,2019,2020-01-30,3801,2019-12-05,1045,1490,TENDE,4,5,7,3801,0,0,0,,0,3J53A,"JONES ST","ELLIS ST",0.00,,Y,B,-,N,,,,,,,,,,N,4,0,1,2,A,-,10,21950,A,N,G,B,B,A,H,-,A,A,0,Y,,,,Y,Y,A,01,0,0,1,0,1,0,0,0,0,"- ","- ",,,"SAN FRANCISCO","SAN FRANCISCO",-122.41278076171875,37.784900665283203
9035602,2019,2020-02-05,3801,2019-12-04,2352,293,PARK,3,5,7,3801,0,0,0,,0,3F13E,"ANZA ST","COLLINS ST",0.00,,Y,A,-,N,,,,,,,,,,N,2,0,1,2,A,-,11,21954,A,N,G,B,E,B,H,-,C,D,0,Y,,,,Y,Y,N,60,1,0,0,0,1,0,0,0,0,"- ","- ",,,"SAN FRANCISCO","SAN FRANCISCO",-122.44980621337891,37.78076171875
9035603,2019,2020-02-05,3801,2019-12-15,0119,2459,SOUTH,7,5,7,3801,0,0,0,,0,0B1,"2ND ST","CLEMENTINA ST",66.00,S,N,B,-,N,,,,,,,,,,N,4,0,1,2,D,-,00,,,F,G,B,E,A,H,-,D,D,0,Y,,,,Y,Y,-,"- ",0,0,1,0,1,0,0,0,0,"- ","- ",,,"SAN FRANCISCO","SAN FRANCISCO",-122.3970947265625,37.785869598388672
9035616,2019,2020-01-31,3801,2019-12-28,1515,321,RICHM,6,5,7,3801,0,0,0,,0,G13D,"PARK PRESIDIO","CABRILLO ST",0.00,,Y,A,-,N,,,,,,,,,,N,4,0,1,2,A,-,10,21950,A,N,G,B,B,A,H,-,A,A,0,Y,,,,Y,,A,01,0,0,1,0,1,0,0,0,0,"- ","- ",,,"SAN FRANCISCO","SAN FRANCISCO",-122.47191619873047,37.775001525878906
9035618,2019,2020-02-05,3801,2019-12-04,1606,1102,MISSI,3,5,7,3801,0,0,0,,0,0D5,"OTIS ST","DUBOCE AV",0.00,,Y,A,-,N,,,,,,,,,,N,3,0,1,2,A,-,12,21453,A,N,D,G,A,A,H,-,A,A,0,,Y,,,Y,,L,04,0,1,0,0,0,0,1,0,0,"- ","- ",,,"SAN FRANCISCO","SAN FRANCISCO",-122.42018890380859,37.770130157470703
9035619,2019,2020-02-05,3801,2019-12-27,2328,4222,INGLE,5,5,7,3801,0,0,0,,0,3H1E,"SAN JOSE AV","29TH ST",0.00,,Y,A,-,N,,,,,,,,,,N,4,0,1,2,A,-,10,21950,A,N,G,B,B,A,H,-,C,A,0,Y,,,,Y,,A,01,0,0,1,0,1,0,0,0,0,"- ","- ",,,"SAN FRANCISCO","SAN FRANCISCO",-122.42275238037109,37.743930816650391
9035623,2019,2020-02-05,3801,2019-12-21,1315,4119,TRAFF,6,5,7,3801,0,0,0,,0,4B3K,"IRVING ST","21ST AV",72.00,E,N,B,-,N,,,,,,,,,,Y,2,0,2,3,A,-,21,22106,,N,G,B,F,A,H,-,A,D,0,Y,,,,Y,,A,07,1,0,1,0,2,0,0,0,0,"- ","- ",,,"SAN FRANCISCO","SAN FRANCISCO",-122.47903442382812,37.763481140136719
9035627,2019,2020-02-05,3801,2019-12-31,1405,1421,RICHM,2,5,7,3801,0,0,0,,0,3G5D,"GREAT HWY","LINCOLN AV",0.00,,Y,A,-,N,,,,,,,,,,N,4,0,1,2,A,-,08,22107,,N,B,G,A,A,H,-,A,A,0,,Y,Y,,Y,,L,04,0,0,1,0,0,0,1,0,0,"- ","- ",,,"SAN FRANCISCO","SAN FRANCISCO",-122.51036834716797,37.764030456542969
9035628,2019,2020-03-04,3801,2019-12-28,0423,1871,,6,5,7,3801,0,0,0,,0,901,"3RD ST","NEWCOMB AV",0.00,,Y,A,-,N,,,,,,,,,,N,3,0,1,2,A,-,12,21453,A,F,G,B,B,A,G,-,C,-,0,Y,,,,Y,,A,07,0,1,0,0,1,0,0,0,0,"- ","- ",,,"SAN FRANCISCO","SAN FRANCISCO",-122.39048767089844,37.735630035400391
9035629,2019,2020-01-30,3801,2019-12-03,1644,2161,MISSI,2,5,7,3801,0,0,0,,0,3D11D,"15TH ST","VALENCIA ST",30.00,W,N,A,-,N,,,,,,,,,,N,4,0,1,3,A,-,16,24002,A,N,H,B,E,B,H,-,A,-,0,Y,,,,Y,,A,01,0,0,1,0,1,0,0,0,0,"- ","- ",,,"SAN FRANCISCO","SAN FRANCISCO",-122.42213439941406,37.766521453857422
9035631,2019,2020-02-05,3801,2019-12-27,1900,2078,MISSI,5,5,7,3801,0,0,0,,0,3D11D,"19TH ST","GUERRERO ST",0.00,,Y,A,-,N,,,,,,,,,,N,3,0,1,2,A,-,12,21453,A,N,H,G,A,A,H,-,C,A,0,,Y,,,Y,Y,L,04,0,1,0,0,0,0,1,0,0,"- ","- ",,,"SAN FRANCISCO","SAN FRANCISCO",-122.42362976074219,37.759979248046875
9035632,2019,2020-02-07,3801,2019-12-28,0200,1148,MISSI,6,5,7,3801,0,0,0,,0,3D14E,"TREAT AV","25TH ST",0.00,,Y,A,-,N,,,,,,,,,,N,4,0,1,3,A,-,00,23103,A,F,G,B,E,A,H,-,C,D,0,Y,,,,Y,,-,,0,0,1,0,1,0,0,0,0,"- ","- ",,,"SAN FRANCISCO","SAN FRANCISCO",-122.41282653808594,37.750991821289062
9035633,2019,2020-01-29,3801,2019-12-03,1325,1325,TENDE,2,5,7,3801,0,0,0,,0,TENDER,"EDDY ST","HYDE ST",0.00,,Y,C,-,N,,,,,,,,,,N,4,0,1,2,A,-,11,21955,,N,-,B,D,B,H,-,A,A,0,Y,,,,Y,,N,60,0,0,1,0,1,0,0,0,0,"- ","- ",,,"SAN FRANCISCO","SAN FRANCISCO",-122.4158935546875,37.78350830078125
9035634,2019,2020-02-05,3801,2019-12-04,1122,327,BAYVI,3,5,7,3801,0,0,0,,0,901,"EVANS AV","SELBY ST",330.00,E,N,B,-,N,,,,,,,,,,N,4,0,1,2,A,-,11,21955,,F,G,B,D,B,H,-,A,D,0,Y,,,,Y,,N,60,0,0,1,0,1,0,0,0,0,"- ","- ",,,"SAN FRANCISCO","SAN FRANCISCO",-122.39398956298828,37.746131896972656
9035639,2019,2020-02-05,3801,2019-12-27,1312,954,TARAV,5,5,7,3801,0,0,0,,0,3I13A,"9TH AV","LINCOLN WY",0.00,,Y,A,-,N,,,,,,,,,,N,3,0,1,2,A,-,10,21950,A,N,G,B,B,A,H,-,A,A,0,Y,,,,Y,,A,01,0,1,0,0,1,0,0,0,0,"- ","- ",,,"SAN FRANCISCO","SAN FRANCISCO",-122.46643829345703,37.76593017578125
9035646,2019,2020-02-05,3801,2019-12-23,1033,50,TENDE,1,5,7,3801,0,0,0,,0,004,"JONES ST","GOLDEN GATE AV",0.00,,Y,A,-,N,,,,,,,,,,N,4,0,1,3,A,-,11,21453,D,F,H,G,B,A,H,-,A,A,0,Y,Y,,,Y,,N,60,0,0,1,0,0,0,1,0,0,"- ","- ",,,"SAN FRANCISCO","SAN FRANCISCO",-122.4122314453125,37.782081604003906
9035647,2019,2020-02-05,3801,2019-12-27,0920,2348,INGLE,5,5,7,3801,0,0,0,,0,3H6A,"PRAGUE ST","POPE ST",0.00,,Y,A,-,N,,,,,,,,,,N,4,0,1,2,A,-,10,21950,A,N,G,B,D,A,H,-,A,D,0,Y,,,,Y,,A,01,0,0,1,0,1,0,0,0,0,"- ","- ",,,"SAN FRANCISCO","SAN FRANCISCO",-122.43949890136719,37.710029602050781
9035649,2019,2020-01-30,3801,2019-12-01,1845,2199,SOUTH,7,5,7,3801,0,0,0,,0,3B11D,"FOLSOM ST","SPEAR ST",0.00,,Y,B,-,N,,,,,,,,,,,4,0,2,3,A,-,10,21950,A,N,G,B,B,B,H,-,C,A,0,Y,,,,Y,,A,01,0,0,2,0,2,0,0,0,0,"- ","- ",,,"SAN FRANCISCO","SAN FRANCISCO",-122.39099884033203,37.790081024169922
9035650,2019,2020-02-05,3801,2019-12-23,0914,1956,TARAV,1,5,7,3801,0,0,0,,0,"6 CAR","24TH AV","NORIEGA ST",24.00,N,N,A,-,N,,,,,,,,,,N,4,0,1,2,A,-,10,21950,A,N,G,B,B,A,H,-,A,D,0,Y,,,,Y,,A,07,0,0,1,0,1,0,0,0,0,"- ","- ",,,"SAN FRANCISCO","SAN FRANCISCO",-122.48184204101562,37.754074096679688
9035651,2019,2020-02-05,3801,2019-12-27,0710,2140,INGLE,5,5,7,3801,0,0,0,,0,3H1A,"MISSION ST","LOWELL ST",0.00,,Y,A,-,N,,,,,,,,,,N,2,0,1,2,A,-,10,21950,A,N,G,B,B,A,H,-,A,A,0,Y,,,,Y,,A,08,1,0,0,0,1,0,0,0,0,"- ","- ",,,"SAN FRANCISCO","SAN FRANCISCO",-122.4464111328125,37.711448669433594
9035655,2019,2020-02-05,3801,2019-12-27,0625,2210,SOUTH,5,5,7,3801,0,0,0,,0,0B5,"BERRY ST","3RD ST",200.00,W,N,A,-,N,,,,,,,,,,N,4,0,1,2,A,-,21,22106,,N,G,B,D,A,H,-,C,D,0,Y,,,,Y,,D,22,0,0,1,0,1,0,0,0,0,"- ","- ",,,"SAN FRANCISCO","SAN FRANCISCO",-122.3916015625,37.777141571044922
9035656,2019,2020-01-31,3801,2019-12-07,2308,1104,MISSI,6,5,7,3801,0,0,0,,0,3D6E,"18TH ST","CHURCH ST",0.00,,Y,B,C,N,,,,,,,,,,N,4,0,1,2,A,-,10,21950,A,N,D,B,B,B,H,-,C,A,0,Y,,,,Y,,A,01,0,0,1,0,1,0,0,0,0,"- ","- ",,,"SAN FRANCISCO","SAN FRANCISCO",-122.42838287353516,37.761299133300781
9035657,2019,2020-01-29,3801,2019-12-02,0901,1276,MISSI,1,5,7,3801,0,0,0,,0,3D5A,"14TH ST","SHOTWELL ST",0.00,,Y,-,-,N,,,,,,,,,,N,3,0,1,2,A,-,08,22107,,F,B,G,A,B,H,-,A,A,0,,Y,,,Y,,A,01,0,1,0,0,0,0,1,0,0,"- ","- ",,,"SAN FRANCISCO","SAN FRANCISCO",-122.41670989990234,37.768478393554688
9035659,2019,2020-02-05,3801,2019-12-29,1910,4305,NORTH,7,5,7,3801,0,0,0,,0,,"POLK ST","CLAY ST",0.00,,Y,C,-,N,,,,,,,,,,N,4,0,1,2,A,-,11,21955,,N,D,B,D,B,H,-,C,D,0,Y,,,,Y,,N,60,0,0,1,0,1,0,0,0,0,"- ","- ",,,"SAN FRANCISCO","SAN FRANCISCO",-122.42105102539062,37.792388916015625
9035660,2019,2020-01-31,3801,2019-12-08,2329,2008,MISSI,7,5,7,3801,0,0,0,,0,3D15D,"18TH ST","MISSION ST",0.00,,Y,B,-,N,,,,,,,,,,N,4,0,1,2,A,-,10,21950,A,F,G,B,B,B,H,-,C,A,0,Y,,,,Y,Y,A,01,0,0,1,0,1,0,0,0,0,"- ","- ",,,"SAN FRANCISCO","SAN FRANCISCO",-122.41937255859375,37.7618408203125
9035666,2019,2020-02-05,3801,2019-12-16,1630,1930,TENDE,1,5,7,3801,0,0,0,,0,,"6TH ST","MARKET ST",0.00,,Y,A,-,N,,,,,,,,,,N,4,0,1,2,A,-,00,22517,A,N,-,G,A,A,H,-,A,D,0,,Y,,,Y,,A,01,0,0,1,0,0,0,1,0,0,"- ","- ",,,"SAN FRANCISCO","SAN FRANCISCO",-122.41030120849609,37.782238006591797
9035669,2019,2020-01-29,3801,2019-12-02,0100,101,INGLE,1,5,7,3801,0,0,0,,0,3H13E,"MISSION ST","TRUMBULL ST",0.00,,Y,C,-,N,,,,,,,,,,N,2,0,1,2,A,-,00,21954,,F,G,B,E,B,H,-,C,D,0,Y,,,,Y,,N,60,1,0,0,0,1,0,0,0,0,"- ","- ",,,"SAN FRANCISCO","SAN FRANCISCO",-122.42925262451172,37.730781555175781
9035670,2019,2020-02-18,3801,2019-12-16,1343,625,TENDE,1,5,7,3801,0,0,0,,0,3J55C,"TAYLOR ST","EDDY ST",127.00,S,N,A,-,N,,,,,,,,,,N,2,0,2,2,A,-,17,21235,G,F,G,B,F,A,H,-,A,-,0,Y,,,,Y,,M,94,1,0,1,0,1,0,0,0,0,"- ","- ",,,"SAN FRANCISCO","SAN FRANCISCO",-122.410888671875,37.7838134765625
9035673,2019,2020-01-29,3801,2019-12-01,2109,1150,PARK,7,5,7,3801,0,0,0,,0,3F13E,"MASONIC AV","OAK ST",0.00,,Y,B,C,N,,,,,,,,,,N,4,0,1,2,A,-,10,21950,A,N,G,B,B,B,H,-,D,A,0,Y,,,,Y,,A,07,0,0,1,0,1,0,0,0,0,"- ","- ",,,"SAN FRANCISCO","SAN FRANCISCO",-122.44574737548828,37.772079467773438
9035674,2019,2020-02-05,3801,2019-12-16,1040,1394,PARK,1,5,7,3801,0,0,0,,0,3F13A,"FELL ST","SHRADER ST",0.00,,Y,A,-,N,,,,,,,,,,N,4,0,1,3,A,-,09,21800,A,N,B,G,A,A,H,-,A,A,0,,Y,,,Y,,A,01,0,0,1,0,0,0,1,0,0,"- ","- ",,,"SAN FRANCISCO","SAN FRANCISCO",-122.45240783691406,37.772148132324219
9035676,2019,2020-01-31,3801,2019-12-31,1735,1861,TARAV,2,5,7,3801,0,0,0,,0,3I11D,"PORTOLA DR","ST FRANCIS BL",50.00,N,N,A,-,N,,,,,,,,,,N,3,0,1,2,A,-,11,21453,D,N,G,B,B,A,H,-,C,A,0,Y,,,,Y,,N,60,0,1,0,0,1,0,0,0,0,"- ","- ",,,"SAN FRANCISCO","SAN FRANCISCO",-122.47140502929688,37.734855651855469
9035677,2019,2020-01-29,3801,2019-12-01,1743,717,CENTR,7,5,7,3801,0,0,0,,0,4CAR,"FRONT ST",BROADWAY,0.00,,Y,C,-,N,,,,,,,,,,N,3,0,1,2,A,-,10,21954,B,N,G,B,B,B,H,-,C,A,0,Y,,,,Y,,A,01,0,1,0,0,1,0,0,0,0,"- ","- ",,,"SAN FRANCISCO","SAN FRANCISCO",-122.39985656738281,37.798740386962891
9035681,2019,2020-02-13,3801,2019-12-15,1340,2407,NORTH,7,5,7,3801,0,0,0,,0,3E11D,"VALENCIA ST","17TH ST AND 18TH ST",0.00,,N,-,-,N,,,,,,,,,,N,4,0,1,2,A,-,08,22107,,N,B,G,A,-,-,-,A,-,0,,Y,,,Y,,A,01,0,0,1,0,0,0,1,0,0,"- ","- ",,,"SAN FRANCISCO","SAN FRANCISCO",,
9035684,2019,2020-01-30,3801,2019-12-09,2111,2479,CENTR,1,5,7,3801,0,0,0,,0,3A11E,"BAY ST","COLUMBUS AV",0.00,,Y,B,-,N,,,,,,,,,,N,3,0,1,2,A,-,03,22350,,N,C,G,A,-,H,-,C,A,0,,Y,,,Y,,L,04,0,1,0,0,0,0,1,0,0,"- ","- ",,,"SAN FRANCISCO","SAN FRANCISCO",-122.41719818115234,37.805191040039062
9035688,2019,2020-01-30,3801,2019-12-04,2001,654,PARK,3,5,7,3801,0,0,0,,0,3F13D,"JOHN F KENNEDY DR","STANYAN ST",26.00,W,N,A,-,N,,,,,,,,,,N,3,0,1,2,A,-,10,21950,A,N,G,B,B,B,H,-,C,A,0,Y,,,,Y,,A,01,0,1,0,0,1,0,0,0,0,"- ","- ",,,"SAN FRANCISCO","SAN FRANCISCO",-122.45406341552734,37.771450042724609
9035690,2019,2020-01-30,3801,2019-12-14,0008,1123,NORTH,6,5,7,3801,0,0,0,,0,3E16E,"OCTAVIA ST","HAIGHT ST",0.00,,Y,A,-,N,,,,,,,,,,N,4,0,1,2,A,-,10,21950,A,N,G,B,B,B,H,-,C,A,0,Y,,,,Y,,A,01,0,0,1,0,1,0,0,0,0,"- ","- ",,,"SAN FRANCISCO","SAN FRANCISCO",-122.42392730712891,37.772960662841797
9035692,2019,2020-01-30,3801,2019-12-03,0934,405,INGLE,2,5,7,3801,0,0,0,,0,3H60,"GENEVA AV","PARIS ST",0.00,,Y,A,-,N,,,,,,,,,,N,4,0,1,2,A,-,10,21950,A,N,B,B,B,A,A,-,A,A,0,Y,,,,Y,,A,01,0,0,1,0,1,0,0,0,0,"- ","- ",,,"SAN FRANCISCO","SAN FRANCISCO",-122.43943023681641,37.715679168701172
9035694,2019,2020-01-30,3801,2019-12-13,2359,1160,SOUTH,5,5,7,3801,0,0,0,,0,00B,"FOLSOM ST","9TH ST",0.00,,Y,A,-,N,,,,,,,,,,N,4,0,1,2,A,-,10,21950,A,N,G,B,B,A,H,-,C,A,0,Y,,,,Y,,A,01,0,0,1,0,1,0,0,0,0,"- ","- ",,,"SAN FRANCISCO","SAN FRANCISCO",-122.41161346435547,37.773769378662109
9035697,2019,2020-01-30,3801,2019-12-30,2037,2705,BAYVI,1,5,7,3801,0,0,0,,0,3C11D,"BAYSHORE BL","FITZGERALD AV",0.00,,Y,-,-,N,,,,,,,,,,N,3,0,1,2,A,-,11,21956,B,F,D,B,D,A,H,-,C,D,0,Y,,,,Y,Y,N,60,0,1,0,0,1,0,0,0,0,"- ","- ",,,"SAN FRANCISCO","SAN FRANCISCO",-122.40190124511719,37.726921081542969
9035702,2019,2020-01-30,3801,2019-12-13,1813,2241,MISSI,5,5,7,3801,0,0,0,,0,3D114,"MISSION ST","15TH ST",8.00,S,N,C,-,N,,,,,,,,,,N,3,0,1,2,A,-,10,21950,A,N,G,B,B,B,H,-,C,A,0,Y,,,,Y,,A,01,0,1,0,0,1,0,0,0,0,"- ","- ",,,"SAN FRANCISCO","SAN FRANCISCO",-122.41981506347656,37.766647338867188
9035703,2019,2020-01-29,3801,2019-12-15,1721,624,NORTH,7,5,7,3801,0,0,0,,0,001,"STEINER ST","PAGE ST",0.00,,Y,A,-,N,,,,,,,,,,N,2,0,1,2,A,-,10,21950,A,F,G,B,B,A,H,-,C,A,0,Y,,,,Y,,-,,1,0,0,0,1,0,0,0,0,"- ","- ",,,"SAN FRANCISCO","SAN FRANCISCO",-122.43228149414062,37.772830963134766
9035704,2019,2020-01-30,3801,2019-12-11,1724,2716,PARK,3,5,7,3801,0,0,0,,0,3F13D,"FULTON ST","CLAYTON ST",0.00,,Y,F,-,N,,,,,,,,,,N,2,0,1,2,A,-,10,21950,A,N,G,B,B,B,H,-,C,D,0,Y,,,,Y,,A,07,1,0,0,0,1,0,0,0,0,"- ","- ",,,"SAN FRANCISCO","SAN FRANCISCO",-122.44972229003906,37.775390625
9035708,2019,2020-01-30,3801,2019-12-11,1717,2188,INGLE,3,5,7,3801,0,0,0,,0,3H16D,"ALEMANY BL","SANTA ROSA AV",0.00,,Y,C,-,N,,,,,,,,,,N,3,0,1,2,A,-,10,21950,A,F,G,B,B,B,H,-,C,A,0,Y,,,,Y,,-,,0,1,0,0,1,0,0,0,0,"- ","- ",,,"SAN FRANCISCO","SAN FRANCISCO",-122.43605804443359,37.726760864257812
9035709,2019,2020-01-30,3801,2019-12-18,1930,1871,BAYVI,3,5,7,3801,0,0,0,,0,901,"RHODE ISLAND ST","17TH ST & MARIPOSA ST",0.00,,N,B,-,N,,,,,,,,,,N,3,0,1,2,A,-,21,22106,,N,G,B,D,B,H,-,-,D,0,Y,,,,Y,,A,01,0,1,0,0,1,0,0,0,0,"- ","- ",,,"SAN FRANCISCO","SAN FRANCISCO",,
9035710,2019,2020-01-30,3801,2019-12-13,1710,312,TARAV,5,5,7,3801,0,0,0,,0,"1 CAR","14TH AV","TARAVAL ST",0.00,,Y,B,C,N,,,,,,,,,,N,4,0,1,2,A,-,10,21950,A,N,G,B,B,B,H,-,A,A,0,Y,,,,Y,,A,01,0,0,1,0,1,0,0,0,0,"- ","- ",,,"SAN FRANCISCO","SAN FRANCISCO",-122.47023010253906,37.743289947509766
9035711,2019,2020-01-29,3801,2019-12-15,1336,2375,RICHM,7,5,7,3801,0,0,0,,0,3G60,"PALM AV","EUCLID AV",8.00,S,N,A,-,N,,,,,,,,,,N,3,0,1,2,A,-,10,21950,A,N,G,B,B,A,H,-,-,A,0,Y,,,,Y,,A,01,0,1,0,0,1,0,0,0,0,"- ","- ",,,"SAN FRANCISCO","SAN FRANCISCO",-122.45791625976562,37.783836364746094
9035714,2019,2020-01-30,3801,2019-12-13,1413,2315,INGLE,5,5,7,3801,0,0,0,,0,3H15C,"MISSION ST","LEO ST",45.00,S,N,B,-,N,,,,,,,,,,N,4,0,1,2,A,-,05,21460,,F,G,B,D,A,H,-,A,D,0,Y,,,,Y,,A,01,0,0,1,0,1,0,0,0,0,"- ","- ",,,"SAN FRANCISCO","SAN FRANCISCO",-122.43659210205078,37.722354888916016
9035729,2019,2020-02-06,3801,2019-12-11,2014,2489,SOUTH,3,5,7,3801,0,0,0,,0,3B12D,"HARRISON ST","5TH ST",36.00,W,N,C,-,N,,,,,,,,,,N,4,0,1,2,A,-,00,20002,,M,G,B,D,B,H,-,C,-,0,Y,,,,Y,,-,,0,0,1,0,1,0,0,0,0,"- ","- ",,,"SAN FRANCISCO","SAN FRANCISCO",-122.40195465087891,37.778987884521484
9035730,2019,2020-01-30,3801,2019-12-13,0730,1263,BAYVI,5,5,7,3801,0,0,0,,0,03C,"3RD ST","MCKINNON AV",0.00,,Y,-,-,N,,,,,,,,,,N,4,0,1,2,A,-,10,21950,A,F,G,B,B,B,H,-,A,A,0,Y,,,,Y,,A,01,0,0,1,0,1,0,0,0,0,"- ","- ",,,"SAN FRANCISCO","SAN FRANCISCO",-122.39021301269531,37.736419677734375
9035731,2019,2020-01-29,3801,2019-12-07,1803,2188,INGLE,6,5,7,3801,0,0,0,,0,1600,"MONTEREY BL","EDNA ST",0.00,,Y,C,-,N,,,,,,,,,,N,4,0,1,2,A,-,12,22450,A,N,D,G,A,B,H,-,C,D,0,,Y,,,Y,,L,04,0,0,1,0,0,0,1,0,0,"- ","- ",,,"SAN FRANCISCO","SAN FRANCISCO",-122.44727325439453,37.731559753417969
9035734,2019,2020-01-30,3801,2019-12-11,1735,1858,BAYVI,3,5,7,3801,0,0,0,,0,3G12D,"SILVER AV","PALOU AV",0.00,,Y,C,-,N,,,,,,,,,,N,4,0,1,2,A,-,11,21950,B,N,D,B,D,B,H,-,C,A,0,Y,,,,Y,,N,60,0,0,1,0,1,0,0,0,0,"- ","- ",,,"SAN FRANCISCO","SAN FRANCISCO",-122.39650726318359,37.737209320068359
9035736,2019,2020-02-07,3801,2019-12-06,2341,1023,CENTR,5,5,7,3801,0,0,0,,0,03A,"MASON ST","SUTTER ST",0.00,,Y,C,-,N,,,,,,,,,,N,4,0,1,2,A,-,10,21950,A,N,-,B,B,B,H,-,C,A,0,Y,,,,Y,,A,01,0,0,1,0,1,0,0,0,0,"- ","- ",,,"SAN FRANCISCO","SAN FRANCISCO",-122.41021728515625,37.789009094238281
9035737,2019,2020-02-06,3801,2019-12-14,2350,1472,SOUTH,6,5,7,3801,0,0,0,,0,3B12E,"5TH ST","MISSION ST",0.00,,Y,A,-,N,,,,,,,,,,N,4,0,1,2,A,-,08,22101,D,N,G,B,B,A,H,-,C,A,0,Y,,,,Y,,A,01,0,0,1,0,1,0,0,0,0,"- ","- ",,,"SAN FRANCISCO","SAN FRANCISCO",-122.40648651123047,37.782741546630859
9035738,2019,2020-01-30,3801,2019-12-10,2100,308,RICHM,2,5,7,3801,0,0,0,,0,3G2E,"PRESIDIO AV","BUSH ST",0.00,,Y,B,C,N,,,,,,,,,,N,3,0,1,2,A,-,10,21950,A,N,D,B,B,B,H,-,C,A,0,Y,,,,Y,,A,01,0,1,0,0,1,0,0,0,0,"- ","- ",,,"SAN FRANCISCO","SAN FRANCISCO",-122.44641876220703,37.785369873046875
9035740,2019,2020-01-30,3801,2019-12-18,1900,2058,CENTR,3,5,7,3801,0,0,0,,0,001,"SACRAMENTO ST","MASON ST",0.00,,Y,C,-,N,,,,,,,,,,N,4,0,1,2,A,-,10,21950,A,N,G,B,B,B,H,-,C,D,0,Y,,,,Y,,A,01,0,0,1,0,1,0,0,0,0,"- ","- ",,,"SAN FRANCISCO","SAN FRANCISCO",-122.41098785400391,37.792758941650391
9035746,2019,2020-01-30,3801,2019-12-11,1945,2200,NORTH,3,5,7,3801,0,0,0,,0,006,"GOUGH ST","BROADWAY ST",0.00,,Y,C,-,N,,,,,,,,,,N,4,0,1,2,A,-,10,21950,A,N,G,B,B,B,H,-,C,A,0,Y,,,,Y,,A,01,0,0,1,0,1,0,0,0,0,"- ","- ",,,"SAN FRANCISCO","SAN FRANCISCO",-122.42669677734375,37.795318603515625
9035748,2019,2020-01-30,3801,2019-12-18,1714,1102,SOUTH,3,5,7,3801,0,0,0,,0,0B4,"8TH ST","RINGOLD ST",0.00,,Y,C,-,N,,,,,,,,,,N,4,0,1,2,A,-,09,21800,A,N,A,G,A,B,H,-,C,D,0,,Y,,,Y,,L,04,0,0,1,0,0,0,1,0,0,"- ","- ",,,"SAN FRANCISCO","SAN FRANCISCO",-122.40947723388672,37.774551391601562
9035749,2019,2020-03-12,3801,2019-12-14,1528,2467,CENTR,6,5,7,3801,0,0,0,,0,3A12D,"MASON ST","POST ST",0.00,,N,A,-,N,,,,,,,,,,N,4,0,1,2,A,-,09,21801,A,N,B,G,A,A,H,-,A,A,0,,Y,,,Y,,A,01,0,0,1,0,0,0,1,0,0,"- ","- ",,,"SAN FRANCISCO","SAN FRANCISCO",-122.41002655029297,37.788051605224609