CASE_ID,ACCIDENT_YEAR,PROC_DATE,JURIS,COLLISION_DATE,COLLISION_TIME,OFFICER_ID,REPORTING_DISTRICT,DAY_OF_WEEK,CHP_SHIFT,POPULATION,CNTY_CITY_LOC,SPECIAL_COND,BEAT_TYPE,CHP_BEAT_TYPE,CITY_DIVISION_LAPD,CHP_BEAT_CLASS,BEAT_NUMBER,PRIMARY_RD,SECONDARY_RD,DISTANCE,DIRECTION,INTERSECTION,WEATHER_1,WEATHER_2,STATE_HWY_IND,CALTRANS_COUNTY,CALTRANS_DISTRICT,STATE_ROUTE,ROUTE_SUFFIX,POSTMILE_PREFIX,POSTMILE,LOCATION_TYPE,RAMP_INTERSECTION,SIDE_OF_HWY,TOW_AWAY,COLLISION_SEVERITY,NUMBER_KILLED,NUMBER_INJURED,PARTY_COUNT,PRIMARY_COLL_FACTOR,PCF_CODE_OF_VIOL,PCF_VIOL_CATEGORY,PCF_VIOLATION,PCF_VIOL_SUBSECTION,HIT_AND_RUN,TYPE_OF_COLLISION,MVIW,PED_ACTION,ROAD_SURFACE,ROAD_COND_1,ROAD_COND_2,LIGHTING,CONTROL_DEVICE,CHP_ROAD_TYPE,PEDESTRIAN_ACCIDENT,BICYCLE_ACCIDENT,MOTORCYCLE_ACCIDENT,TRUCK_ACCIDENT,NOT_PRIVATE_PROPERTY,ALCOHOL_INVOLVED,STWD_VEHTYPE_AT_FAULT,CHP_VEHTYPE_AT_FAULT,COUNT_SEVERE_INJ,COUNT_VISIBLE_INJ,COUNT_COMPLAINT_PAIN,COUNT_PED_KILLED,COUNT_PED_INJURED,COUNT_BICYCLIST_KILLED,COUNT_BICYCLIST_INJURED,COUNT_MC_KILLED,COUNT_MC_INJURED,PRIMARY_RAMP,SECONDARY_RAMP,LATITUDE,LONGITUDE,COUNTY,CITY,POINT_X,POINT_Y
9035752,2019,2020-01-30,3801,2019-12-18,1333,392,MISSI,3,5,7,3801,0,0,0,,0,3D14A,"POTRERO AV","24TH ST",7.00,S,N,C,-,N,,,,,,,,,,N,4,0,1,2,A,-,11,21954,A,N,G,B,D,B,-,-,A,A,0,Y,,,,Y,,N,60,0,0,1,0,1,0,0,0,0,"- ","- ",,,"SAN FRANCISCO","SAN FRANCISCO",-122.40631866455078,37.752971649169922
9035753,2019,2020-01-30,3801,2019-12-14,1230,2375,RICHM,6,5,7,3801,0,0,0,,0,3G60,"JOHN F KENNEDY DR","BERNICE RODGERS WY",168.00,N,N,A,-,N,,,,,,,,,,N,3,0,1,2,A,-,10,21954,B,N,H,B,D,A,H,-,A,D,0,Y,Y,,,Y,,L,04,0,1,0,0,0,0,1,0,0,"- ","- ",,,"SAN FRANCISCO","SAN FRANCISCO",-122.5057373046875,37.766803741455078
9035755,2019,2020-08-13,3801,2019-12-10,0823,1066,MISSI,2,5,7,3801,0,0,0,,0,3D11A,"18TH ST","CHURCH ST",180.00,W,N,B,-,N,,,,,,,,,,N,4,0,1,3,C,-,18,,,N,E,G,A,A,H,-,A,D,0,,Y,,,Y,,-,"- ",0,0,1,0,0,0,0,0,0,"- ","- ",,,"SAN FRANCISCO","SAN FRANCISCO",-122.42900085449219,37.761257171630859
9035756,2019,2020-01-30,3801,2019-12-18,0915,2046,NORTH,3,5,7,3801,0,0,0,,0,3E4A,"FRANKLIN ST","BUSH ST",5.00,N,N,B,C,N,,,,,,,,,,N,4,0,1,2,A,-,10,21950,A,N,G,B,B,B,C,-,A,A,0,Y,,,,Y,,A,01,0,0,1,0,1,0,0,0,0,"- ","- ",,,"SAN FRANCISCO","SAN FRANCISCO",-122.423583984375,37.788291931152344
9035759,2019,2020-01-29,3801,2019-12-06,2200,882,TENDE,5,5,7,3801,0,0,0,,0,03E,"GEARY ST","WEBSTER ST",0.00,,Y,C,-,N,,,,,,,,,,N,3,0,1,2,A,-,10,21950,A,N,G,B,B,B,H,-,C,A,0,Y,,,,Y,,A,07,0,1,0,0,1,0,0,0,0,"- ","- ",,,"SAN FRANCISCO","SAN FRANCISCO",-122.43129730224609,37.78472900390625
9035760,2019,2020-01-30,3801,2019-12-18,0741,1557,SOUTH,3,5,7,3801,0,0,0,,0,3B15A,"4TH ST","NELSON RISING LN",0.00,,Y,B,-,N,,,,,,,,,,,4,0,1,2,A,-,17,22517,,N,B,G,A,B,H,-,A,D,0,,Y,,,Y,,A,01,0,0,1,0,0,0,1,0,0,"- ","- ",,,"SAN FRANCISCO","SAN FRANCISCO",-122.39111328125,37.769660949707031
9035761,2019,2020-01-29,3801,2019-12-18,0605,1707,NORTH,3,5,7,3801,0,0,0,,0,902,"CALIFORNIA ST","CALIFORNIA ST 1630",0.00,,-,C,-,N,,,,,,,,,,N,3,0,1,2,A,-,10,21952,,F,G,B,F,B,H,-,D,D,0,Y,,,,Y,,A,01,0,1,0,0,1,0,0,0,0,"- ","- ",,,"SAN FRANCISCO","SAN FRANCISCO",,
9035765,2019,2020-03-02,3801,2019-12-17,2146,2030,TARAV,2,5,7,3801,0,0,0,,0,001,"LINCOLN WY","11TH AV",0.00,,Y,A,-,N,,,,,,,,,,N,3,0,1,2,A,-,10,21950,A,N,G,B,B,B,H,-,C,D,0,Y,,,,Y,,A,01,0,1,0,0,1,0,0,0,0,"- ","- ",,,"SAN FRANCISCO","SAN FRANCISCO",-122.46858215332031,37.765830993652344
9035773,2019,2020-01-29,3801,2019-12-26,2045,2732,CENTR,4,5,7,3801,0,0,0,,0,3A11E,"POST ST","LARKIN ST",0.00,,Y,A,-,N,,,,,,,,,,N,4,0,1,2,A,-,10,21950,A,N,G,B,B,A,H,-,C,A,0,Y,,,,Y,,A,01,0,0,1,0,1,0,0,0,0,"- ","- ",,,"SAN FRANCISCO","SAN FRANCISCO",-122.41826629638672,37.787040710449219
9035781,2019,2020-01-29,3801,2019-12-26,1720,2355,TARAV,4,5,7,3801,0,0,0,,0,0I2,"VICENTE ST","SUNSET BL",0.00,,Y,A,-,N,,,,,,,,,,N,2,0,1,2,A,-,03,22350,,N,-,B,B,A,H,-,B,A,0,Y,,,,Y,,A,01,1,0,0,0,1,0,0,0,0,"- ","- ",,,"SAN FRANCISCO","SAN FRANCISCO",-122.49427032470703,37.738498687744141
9035785,2019,2020-01-29,3801,2019-12-26,1602,2228,CENTR,4,5,7,3801,0,0,0,,0,3A12D,"SUTTER ST","GRANT AV",0.00,,Y,A,-,N,,,,,,,,,,N,3,0,1,2,A,-,11,21806,C,N,G,B,B,A,H,-,A,A,0,Y,,,,Y,,N,60,0,1,0,0,1,0,0,0,0,"- ","- ",,,"SAN FRANCISCO","SAN FRANCISCO",-122.40538787841797,37.789638519287109
9035789,2019,2020-01-29,3801,2019-12-26,1223,670,INGLE,4,5,7,3801,0,0,0,,0,3H16C,"MISSION ST","ONONDAGA AV",0.00,,N,A,-,N,,,,,,,,,,N,2,0,1,2,A,-,11,21955,,N,G,B,D,A,H,-,A,D,0,Y,,,,Y,Y,N,60,1,0,0,0,1,0,0,0,0,"- ","- ",,,"SAN FRANCISCO","SAN FRANCISCO",-122.4375,37.721149444580078
9035793,2019,2020-01-29,3801,2019-12-26,1159,2204,TENDE,4,5,7,3801,0,0,0,,0,,"EDDY ST","JONES ST",0.00,,Y,A,-,N,,,,,,,,,,N,3,0,1,2,A,-,04,21703,,N,C,G,A,A,H,-,A,A,0,,Y,,,Y,,L,04,0,1,0,0,0,0,1,0,0,"- ","- ",,,"SAN FRANCISCO","SAN FRANCISCO",-122.41259002685547,37.783939361572266
9035813,2019,2020-01-29,3801,2019-12-19,1725,781,TARAV,4,5,7,3801,0,0,0,,0,0I2,"KIRKHAM ST","29TH AV",0.00,,Y,B,-,N,,,,,,,,,,N,2,0,1,2,A,-,03,22350,,N,G,B,B,A,H,-,C,A,0,Y,,,,Y,,A,01,1,0,0,0,1,0,0,0,0,"- ","- ",,,"SAN FRANCISCO","SAN FRANCISCO",-122.48757171630859,37.759361267089844
9035833,2019,2020-01-29,3801,2019-12-16,1805,624,NORTH,1,5,7,3801,0,0,0,,0,002,"MCALLISTER ST","LAGUNA ST",0.00,,Y,A,-,N,,,,,,,,,,N,3,0,1,2,A,-,09,21801,A,F,D,G,A,A,H,-,B,A,0,,Y,,,Y,,A,01,0,1,0,0,0,0,1,0,0,"- ","- ",,,"SAN FRANCISCO","SAN FRANCISCO",-122.42681884765625,37.779258728027344
9035837,2019,2020-01-29,3801,2019-12-16,1805,936,CENTR,1,5,7,3801,0,0,0,,0,3A13D,"GEARY ST","LEAVENWORTH ST",7.00,W,N,A,-,N,,,,,,,,,,N,2,0,1,2,A,-,08,22107,,N,-,B,D,A,H,-,C,A,0,Y,,,,Y,,A,07,1,0,0,0,1,0,0,0,0,"- ","- ",,,"SAN FRANCISCO","SAN FRANCISCO",-122.41482543945312,37.786537170410156
9035951,2019,2020-01-29,3801,2019-12-03,1023,2175,MISSI,2,5,7,3801,0,0,0,,0,3D15A,"15TH ST","NATOMA ST",0.00,,Y,A,-,N,,,,,,,,,,N,4,0,1,2,A,-,05,21650,1,N,D,G,A,B,H,-,A,D,0,,Y,,,Y,,L,04,0,0,1,0,0,0,1,0,0,"- ","- ",,,"SAN FRANCISCO","SAN FRANCISCO",-122.41841125488281,37.766761779785156
9035958,2019,2020-01-28,3801,2019-12-19,1850,1836,TARAV,4,5,7,3801,0,0,0,,0,3I15D,"TARAVAL ST","18TH ST",0.00,,Y,A,-,N,,,,,,,,,,N,4,0,1,2,A,-,10,21950,A,N,G,B,B,A,H,-,C,A,0,Y,,,,Y,,A,01,0,0,1,0,1,0,0,0,0,"- ","- ",,,"SAN FRANCISCO","SAN FRANCISCO",-122.47463226318359,37.743099212646484
9035991,2019,2020-01-29,3801,2019-12-15,2000,1372,INGLE,7,5,7,3801,0,0,0,,0,3G13E,"CAYUGA AV","TINGLEY ST",0.00,,Y,A,-,N,,,,,,,,,,N,4,0,1,2,A,-,10,21950,A,F,G,B,B,A,H,-,C,D,0,Y,,,,Y,Y,A,01,0,0,1,0,1,0,0,0,0,"- ","- ",,,"SAN FRANCISCO","SAN FRANCISCO",-122.4346923828125,37.729881286621094
9036283,2019,2020-01-28,3801,2019-11-18,1715,1575,BAYVI,1,5,7,3801,0,0,0,,0,901,"REVERE AV","KEITH ST",0.00,,Y,A,-,N,,,,,,,,,,N,4,0,1,2,A,-,12,22450,A,F,G,B,B,A,H,-,B,D,0,Y,,,,Y,,A,01,0,0,1,0,1,0,0,0,0,"- ","- ",,,"SAN FRANCISCO","SAN FRANCISCO",-122.38829040527344,37.730621337890625
9036287,2019,2020-01-28,3801,2019-11-14,1900,1823,NORTH,4,5,7,3801,0,0,0,,0,3E00,"PINE ST","POLK ST",0.00,,Y,F,-,N,,,,,,,,,,N,2,0,1,2,A,-,06,21750,A,N,H,B,A,A,H,-,B,A,0,,,,,Y,,A,01,1,0,0,0,0,0,0,0,0,"- ","- ",,,"SAN FRANCISCO","SAN FRANCISCO",-122.42050170898438,37.789638519287109
9037628,2019,2020-02-12,3801,2019-12-18,1824,182,BAYVI,3,5,7,3801,0,0,0,,0,901,"BRYANT ST","HARRIET ST",0.00,,Y,C,-,N,,,,,,,,,,N,4,0,1,2,A,-,10,21950,A,N,G,B,B,B,H,-,C,D,0,Y,,,,Y,,J,48,0,0,1,0,1,0,0,0,0,"- ","- ",,,"SAN FRANCISCO","SAN FRANCISCO",-122.40305328369141,37.775619506835938
9040195,2019,2020-02-11,3801,2019-08-26,1249,4118,NORTH,1,5,7,3801,0,0,0,,0,901,"OAK ST","SCOTT ST",0.00,,Y,A,-,N,,,,,,,,,,Y,3,0,1,2,A,-,08,22107,,F,B,B,E,A,H,-,A,-,0,Y,,,,Y,,-,,0,1,0,0,1,0,0,0,0,"- ","- ",,,"SAN FRANCISCO","SAN FRANCISCO",-122.43576812744141,37.773330688476562
9040215,2019,2020-02-11,3801,2019-08-07,0928,1451,SOUTH,3,5,7,3801,0,0,0,,0,901,"TEHAMA ST","2ND ST",0.00,,Y,A,-,N,,,,,,,,,,N,3,0,1,2,A,-,02,22400,A,N,A,B,A,A,H,-,A,A,0,,,,,Y,,A,01,0,1,0,0,0,0,0,0,0,"- ","- ",,,"SAN FRANCISCO","SAN FRANCISCO",-122.39771270751953,37.786350250244141
9040219,2019,2020-03-04,3801,2019-08-13,1617,4335,NORTH,2,5,7,3801,0,0,0,,0,901,"FILLMORE ST","TURK ST",50.00,S,N,A,-,N,,,,,,,,,,N,4,0,1,2,A,-,11,21954,A,F,B,B,D,A,H,-,A,D,0,Y,,,,Y,Y,N,60,0,0,1,0,1,0,0,0,0,"- ","- ",,,"SAN FRANCISCO","SAN FRANCISCO",-122.43210601806641,37.780353546142578
9047080,2020,2020-03-02,3801,2020-01-01,2141,1994,TRAFF,3,5,7,3801,0,0,0,,0,4B3G,"COLUMBUS AV",BROADWAY,1.00,N,N,A,-,N,,,,,,,,,,N,3,0,1,2,A,-,00,21456,C,N,G,B,B,A,H,-,C,A,0,Y,,,,Y,Y,N,60,0,1,0,0,1,0,0,0,0,"- ","- ",,,"SAN FRANCISCO","SAN FRANCISCO",-122.40663909912109,37.797893524169922
9047120,2020,2020-03-05,3801,2020-01-09,0947,728,MISSI,4,5,7,3801,0,0,0,,0,3D28,"13TH ST","FOLSOM ST",0.00,,Y,C,-,N,,,,,,,,,,N,3,0,1,2,D,-,00,,,F,D,G,A,B,G,-,A,A,0,,Y,,Y,Y,,-,"- ",0,1,0,0,0,0,1,0,0,"- ","- ",,,"SAN FRANCISCO","SAN FRANCISCO",-122.41558837890625,37.769519805908203
9047281,2020,2020-03-16,3801,2020-01-22,0621,1371,MISSI,3,5,7,3801,0,0,0,,0,006,"HARRISON ST","17TH ST",0.00,,Y,A,-,N,,,,,,,,,,N,4,0,1,2,A,-,09,21800,A,N,D,G,A,B,H,-,C,A,0,,Y,,,Y,,-,,0,0,1,0,0,0,1,0,0,"- ","- ",,,"SAN FRANCISCO","SAN FRANCISCO",-122.41303253173828,37.764091491699219
9047286,2020,2020-03-02,3801,2020-01-26,1200,1519,BAYVI,7,5,7,3801,0,0,0,,0,,"25TH ST","MISSION ST",5.00,W,N,A,-,N,,,,,,,,,,,4,0,1,2,A,-,03,22350,,M,G,B,E,A,H,-,A,-,0,Y,,,,Y,,A,07,0,0,1,0,1,0,0,0,0,"- ","- ",,,"SAN FRANCISCO","SAN FRANCISCO",-122.41831970214844,37.750659942626953
9047290,2020,2020-02-28,3801,2020-01-27,1427,198,BAYVI,1,5,7,3801,0,0,0,,0,0C2,"INDUSTRIAL ST","BARNEVELD AV",0.00,,Y,A,-,N,,,,,,,,,,N,3,0,1,2,A,-,09,21804,A,N,D,G,A,A,H,-,A,A,0,,Y,,Y,Y,,L,04,0,1,0,0,0,0,1,0,0,"- ","- ",,,"SAN FRANCISCO","SAN FRANCISCO",-122.40426635742188,37.738750457763672
9047309,2020,2020-03-02,3801,2020-01-23,1614,4003,TENDE,4,5,7,3801,0,0,0,,0,3J51C,"UNITED NATIONS PLZ","CHARLES J BRENHAM",178.00,W,N,A,-,N,,,,,,,,,,N,4,0,1,2,A,-,17,21663,,N,G,B,F,A,H,-,A,D,0,Y,,,,Y,,D,22,0,0,1,0,1,0,0,0,0,"- ","- ",,,"SAN FRANCISCO","SAN FRANCISCO",-122.41295623779297,37.780128479003906
9047310,2020,2020-03-02,3801,2020-01-20,1319,244,NORTH,1,5,7,3801,0,0,0,,0,3E46C,"POLK ST","VALLEJO ST",97.00,N,N,A,-,N,,,,,,,,,,N,4,0,1,2,A,-,17,22517,,N,G,G,A,A,H,-,A,D,0,,Y,,,Y,,D,22,0,0,1,0,0,0,1,0,0,"- ","- ",,,"SAN FRANCISCO","SAN FRANCISCO",-122.42201232910156,37.797153472900391
9047314,2020,2020-03-05,3801,2020-01-20,1500,986,TARAV,1,5,7,3801,0,0,0,,0,3I16B,"GRAFTON AV","FAXON AV",0.00,,Y,A,-,N,,,,,,,,,,N,3,0,1,2,A,-,11,21954,A,N,B,B,E,A,H,-,A,D,0,Y,,,,Y,,N,60,0,1,0,0,1,0,0,0,0,"- ","- ",,,"SAN FRANCISCO","SAN FRANCISCO",-122.46022033691406,37.720001220703125
9047321,2020,2020-02-28,3801,2020-01-16,1615,4356,INGLE,4,5,7,3801,0,0,0,,0,3H16C,"SAN JOSE AV","NIAGARA AV",0.00,,Y,A,-,N,,,,,,,,,,N,4,0,1,2,A,-,10,21950,A,N,G,B,B,B,H,-,A,D,0,Y,,,,Y,,D,22,0,0,1,0,1,0,0,0,0,"- ","- ",,,"SAN FRANCISCO","SAN FRANCISCO",-122.44760894775391,37.719478607177734
9047325,2020,2020-03-05,3801,2020-01-17,1449,4361,MISSI,5,5,7,3801,0,0,0,,0,3D11A,"FOLSOM ST","19TH ST",0.00,,Y,A,-,N,,,,,,,,,,N,3,0,1,2,A,-,08,22107,,N,D,G,A,A,H,-,A,A,0,,Y,,Y,Y,,G,27,0,1,0,0,0,0,1,0,0,"- ","- ",,,"SAN FRANCISCO","SAN FRANCISCO",-122.41481781005859,37.760490417480469
9047350,2020,2020-03-10,3801,2020-01-13,1806,1092,RICHM,1,5,7,3801,0,0,0,,0,3G14D,"GEARY BL","22ND AV",0.00,,Y,A,-,N,,,,,,,,,,N,4,0,1,2,D,-,00,,,N,G,B,B,A,H,-,C,A,0,Y,,,Y,Y,,-,"- ",0,0,1,0,1,0,0,0,0,"- ","- ",,,"SAN FRANCISCO","SAN FRANCISCO",-122.48152923583984,37.780288696289062
9047353,2020,2020-03-10,3801,2020-01-10,1318,1396,SOUTH,5,5,7,3801,0,0,0,,0,3B5A,"KING ST","4TH ST",6.00,W,N,A,-,N,,,,,,,,,,N,4,0,1,2,A,-,10,21950,A,N,G,B,B,A,H,-,A,A,0,Y,,,,Y,,D,22,0,0,1,0,1,0,0,0,0,"- ","- ",,,"SAN FRANCISCO","SAN FRANCISCO",-122.3941650390625,37.776416778564453
9047441,2020,2020-03-05,3801,2020-01-21,1747,781,TARAV,2,5,7,3801,0,0,0,,0,0I6,"OCEAN AV","LEE AV",0.00,,Y,C,-,N,,,,,,,,,,N,3,0,1,2,A,-,10,21950,A,N,G,B,B,B,H,-,C,A,0,Y,,,,Y,,A,01,0,1,0,0,1,0,0,0,0,"- ","- ",,,"SAN FRANCISCO","SAN FRANCISCO",-122.4541015625,37.723491668701172
9047442,2020,2020-03-06,3801,2020-01-13,2235,2161,MISSI,1,5,7,3801,0,0,0,,0,3D15D,"VALENCIA ST","17TH ST",0.00,,Y,C,-,N,,,,,,,,,,N,4,0,1,2,A,-,10,21950,A,N,G,B,B,B,H,-,C,A,0,Y,,,,Y,,A,01,0,0,1,0,1,0,0,0,0,"- ","- ",,,"SAN FRANCISCO","SAN FRANCISCO",-122.42173767089844,37.763298034667969
9047443,2019,2020-03-06,3801,2019-01-07,0800,4041,BAYVI,1,5,7,3801,0,0,0,,0,3C13A,"HARNEY WY","EXECUTIVE PARK BL",0.00,,Y,A,-,N,,,,,,,,,,N,4,0,1,2,A,-,03,22350,,F,B,B,E,A,A,-,A,A,0,Y,,,,Y,Y,A,01,0,0,1,0,1,0,0,0,0,"- ","- ",,,"SAN FRANCISCO","SAN FRANCISCO",-122.39083862304688,37.710361480712891
9047446,2020,2020-03-05,3801,2020-01-13,2148,1926,MISSI,1,5,7,3801,0,0,0,,0,3D14E,"MISSION ST","13TH ST",0.00,,Y,C,-,N,,,,,,,,,,N,4,0,1,2,A,-,09,21453,B,N,G,B,B,B,H,-,C,A,0,Y,,,,Y,,A,01,0,0,1,0,1,0,0,0,0,"- ","- ",,,"SAN FRANCISCO","SAN FRANCISCO",-122.42018127441406,37.769989013671875
9047447,2020,2020-03-06,3801,2020-01-06,2149,4027,MISSI,1,5,7,3801,0,0,0,,0,3D11E,"HARRISON ST","16TH ST",0.00,,Y,A,-,N,,,,,,,,,,N,4,0,1,2,D,-,00,,,N,B,G,A,A,H,-,C,A,0,,Y,,,Y,,-,"- ",0,0,1,0,0,0,1,0,0,"- ","- ",,,"SAN FRANCISCO","SAN FRANCISCO",-122.41314697265625,37.765449523925781
9047449,2020,2020-03-05,3801,2020-01-03,2220,451,MISSI,5,5,7,3801,0,0,0,,0,,"MISSION ST","18TH ST",0.00,,Y,A,-,N,,,,,,,,,,N,3,0,1,2,A,-,10,21950,A,F,G,B,B,A,H,-,C,A,0,Y,,,,Y,,-,99,0,1,0,0,1,0,0,0,0,"- ","- ",,,"SAN FRANCISCO","SAN FRANCISCO",-122.41937255859375,37.7618408203125
9047451,2020,2020-03-06,3801,2020-01-06,1830,4187,NORTH,1,5,7,3801,0,0,0,,0,3E3D,"FRANKLIN ST","ELM ST",0.00,,Y,A,-,N,,,,,,,,,,N,3,0,1,2,A,-,11,21950,B,N,G,B,D,A,H,-,C,D,0,Y,,Y,,Y,,N,60,0,1,0,0,0,0,0,0,1,"- ","- ",,,"SAN FRANCISCO","SAN FRANCISCO",-122.42218017578125,37.781269073486328
9047454,2020,2020-03-05,3801,2020-01-13,2020,2107,NORTH,1,5,7,3801,0,0,0,,0,3E14D,"LAGUNA ST","HAYES ST",0.00,,Y,C,-,N,,,,,,,,,,N,4,0,1,2,A,-,12,22450,A,F,G,B,B,B,H,-,C,A,0,Y,,,,Y,Y,A,01,0,0,1,0,1,0,0,0,0,"- ","- ",,,"SAN FRANCISCO","SAN FRANCISCO",-122.42626190185547,37.776470184326172
9047461,2020,2020-03-05,3801,2020-01-03,1713,1194,SOUTH,5,5,7,3801,0,0,0,,0,,"11TH ST","MINNA ST",41.00,N,N,A,-,N,,,,,,,,,,N,4,0,1,2,A,-,09,21804,A,F,B,G,A,A,H,-,A,D,0,,Y,,,Y,,-,99,0,0,1,0,0,0,1,0,0,"- ","- ",,,"SAN FRANCISCO","SAN FRANCISCO",-122.41667175292969,37.773990631103516
9047462,2020,2020-03-05,3801,2020-01-13,0758,1129,TARAV,1,5,7,3801,0,0,0,,0,006,"SAGAMORE ST","ORIZABA AV",0.00,,Y,A,-,N,,,,,,,,,,N,4,0,1,2,A,-,09,21802,A,N,D,G,A,A,H,-,A,A,0,,Y,,,Y,,A,01,0,0,1,0,0,0,1,0,0,"- ","- ",,,"SAN FRANCISCO","SAN FRANCISCO",-122.46259307861328,37.711399078369141
9047463,2020,2020-03-06,3801,2020-01-02,0737,1730,TRAFF,4,5,7,3801,0,0,0,,0,4B1H,"OCEAN AV","HAROLD AV",0.00,,Y,A,-,N,,,,,,,,,,Y,2,0,1,2,A,-,11,21954,A,N,G,B,D,A,H,-,A,D,0,Y,,,,Y,,N,60,1,0,0,0,1,0,0,0,0,"- ","- ",,,"SAN FRANCISCO","SAN FRANCISCO",-122.45313262939453,37.723270416259766
9047465,2020,2020-03-05,3801,2020-01-03,1718,112,RICHM,5,5,7,3801,0,0,0,,0,0G4,GEARY,"22ND AV",0.00,,Y,A,-,N,,,,,,,,,,N,4,0,1,2,A,-,11,21453,D,N,G,B,B,A,H,-,B,A,0,Y,,,,Y,,N,60,0,0,1,0,1,0,0,0,0,"- ","- ",,,"SAN FRANCISCO","SAN FRANCISCO",-122.48152923583984,37.780288696289062
9047474,2020,2020-03-05,3801,2020-01-12,1428,2188,INGLE,7,5,7,3801,0,0,0,,0,3H16C,"VIENNA ST","VIENNA ST 246",0.00,,-,A,-,N,,,,,,,,,,N,4,0,1,2,A,-,06,21750,,F,G,B,-,A,H,-,A,-,0,Y,,,,Y,,-,99,0,0,1,0,1,0,0,0,0,"- ","- ",,,"SAN FRANCISCO","SAN FRANCISCO",,
9047475,2020,2020-03-06,3801,2020-01-31,0526,1872,NORTH,5,5,7,3801,0,0,0,,0,3E13E,"GOUGH ST","MCALLISTER ST",0.00,,Y,E,-,N,,,,,,,,,,N,3,0,1,2,A,-,17,21451,A,F,G,B,B,A,H,-,C,A,0,Y,,,,Y,,-,,0,1,0,0,1,0,0,0,0,"- ","- ",,,"SAN FRANCISCO","SAN FRANCISCO",-122.42353820800781,37.779670715332031
9047482,2020,2020-03-05,3801,2020-01-26,2005,399,PARK,7,5,7,3801,0,0,0,,0,004,"HAIGHT ST","BRODERICK ST",0.00,,Y,E,-,N,,,,,,,,,,N,4,0,1,2,A,-,10,21950,A,N,G,B,B,A,H,-,C,D,0,Y,,,,Y,,A,01,0,0,1,0,1,0,0,0,0,"- ","- ",,,"SAN FRANCISCO","SAN FRANCISCO",-122.438720703125,37.771049499511719
9047483,2020,2020-03-06,3801,2020-01-30,1430,1477,MISSI,4,5,7,3801,0,0,0,,0,3D14A,"MISSION ST","24TH ST",0.00,,Y,A,-,N,,,,,,,,,,N,4,0,1,2,A,-,11,21453,D,N,G,B,B,A,H,-,A,A,0,Y,,,,Y,,N,60,0,0,1,0,1,0,0,0,0,"- ","- ",,,"SAN FRANCISCO","SAN FRANCISCO",-122.41848754882812,37.75225830078125
9047484,2020,2020-03-06,3801,2020-01-29,0505,2707,TARAV,3,5,7,3801,0,0,0,,0,"6 CAR","SAN JOSE AV","DELONG ST",0.00,,Y,A,-,N,,,,,,,,,,N,3,0,1,2,A,-,11,21954,A,N,G,B,D,A,H,-,C,A,0,Y,,,,Y,,N,60,0,1,0,0,1,0,0,0,0,"- ","- ",,,"SAN FRANCISCO","SAN FRANCISCO",-122.45767974853516,37.709529876708984
9047485,2020,2020-03-05,3801,2020-01-03,0610,1944,INGLE,5,5,7,3801,0,0,0,,0,0H5,"GENEVA AV","LISBON ST",0.00,,Y,A,-,N,,,,,,,,,,N,3,0,1,2,A,-,09,21801,A,N,D,G,A,A,-,-,D,A,0,,Y,,,Y,,A,07,0,1,0,0,0,0,1,0,0,"- ","- ",,,"SAN FRANCISCO","SAN FRANCISCO",-122.43862152099609,37.715320587158203
9047488,2020,2020-03-06,3801,2020-01-29,0417,4027,MISSI,3,5,7,3801,0,0,0,,0,3D16E,"POTRERO AV","17TH ST",0.00,,Y,A,-,N,,,,,,,,,,N,2,0,1,2,A,-,11,21954,A,N,G,B,D,A,H,-,C,A,0,Y,,,,Y,,N,60,1,0,0,0,1,0,0,0,0,"- ","- ",,,"SAN FRANCISCO","SAN FRANCISCO",-122.40743255615234,37.764488220214844
9047489,2020,2020-03-05,3801,2020-01-05,1640,001460,SOUTH,7,5,7,3801,0,0,0,,0,3B15C,"CHANNEL ST","4TH ST",180.00,W,N,A,-,N,,,,,,,,,,N,4,0,1,2,A,-,21,22106,,F,G,B,E,A,H,-,A,D,0,Y,,,,Y,,A,01,0,0,1,0,1,0,0,0,0,"- ","- ",,,"SAN FRANCISCO","SAN FRANCISCO",-122.39208221435547,37.774009704589844
9047491,2020,2020-03-06,3801,2020-01-30,1308,472,TARAV,4,5,7,3801,0,0,0,,0,3I13A,"WEST PORTAL AV","WEST PORTAL AV 345",0.00,,Y,A,-,N,,,,,,,,,,N,4,0,1,2,A,-,11,21954,A,N,G,B,D,A,H,-,A,D,0,Y,,,,Y,,N,60,0,0,1,0,1,0,0,0,0,"- ","- ",,,"SAN FRANCISCO","SAN FRANCISCO",,
9047493,2020,2020-03-05,3801,2020-01-05,1311,4307,NORTH,7,5,7,3801,0,0,0,,0,3E13A,"POST ST","POLK ST",0.00,,Y,A,-,N,,,,,,,,,,N,4,0,1,2,A,-,12,21453,A,N,D,G,A,A,-,-,A,A,0,,Y,,,Y,,L,04,0,0,1,0,0,0,1,0,0,"- ","- ",,,"SAN FRANCISCO","SAN FRANCISCO",-122.41989898681641,37.786830902099609