CASE_ID,ACCIDENT_YEAR,PROC_DATE,JURIS,COLLISION_DATE,COLLISION_TIME,OFFICER_ID,REPORTING_DISTRICT,DAY_OF_WEEK,CHP_SHIFT,POPULATION,CNTY_CITY_LOC,SPECIAL_COND,BEAT_TYPE,CHP_BEAT_TYPE,CITY_DIVISION_LAPD,CHP_BEAT_CLASS,BEAT_NUMBER,PRIMARY_RD,SECONDARY_RD,DISTANCE,DIRECTION,INTERSECTION,WEATHER_1,WEATHER_2,STATE_HWY_IND,CALTRANS_COUNTY,CALTRANS_DISTRICT,STATE_ROUTE,ROUTE_SUFFIX,POSTMILE_PREFIX,POSTMILE,LOCATION_TYPE,RAMP_INTERSECTION,SIDE_OF_HWY,TOW_AWAY,COLLISION_SEVERITY,NUMBER_KILLED,NUMBER_INJURED,PARTY_COUNT,PRIMARY_COLL_FACTOR,PCF_CODE_OF_VIOL,PCF_VIOL_CATEGORY,PCF_VIOLATION,PCF_VIOL_SUBSECTION,HIT_AND_RUN,TYPE_OF_COLLISION,MVIW,PED_ACTION,ROAD_SURFACE,ROAD_COND_1,ROAD_COND_2,LIGHTING,CONTROL_DEVICE,CHP_ROAD_TYPE,PEDESTRIAN_ACCIDENT,BICYCLE_ACCIDENT,MOTORCYCLE_ACCIDENT,TRUCK_ACCIDENT,NOT_PRIVATE_PROPERTY,ALCOHOL_INVOLVED,STWD_VEHTYPE_AT_FAULT,CHP_VEHTYPE_AT_FAULT,COUNT_SEVERE_INJ,COUNT_VISIBLE_INJ,COUNT_COMPLAINT_PAIN,COUNT_PED_KILLED,COUNT_PED_INJURED,COUNT_BICYCLIST_KILLED,COUNT_BICYCLIST_INJURED,COUNT_MC_KILLED,COUNT_MC_INJURED,PRIMARY_RAMP,SECONDARY_RAMP,LATITUDE,LONGITUDE,COUNTY,CITY,POINT_X,POINT_Y
9047496,2020,2020-03-09,3801,2020-01-27,1615,2215,INGLE,1,5,7,3801,0,0,0,,0,3H16D,"BOSWORTH ST","LYELL ST",0.00,,Y,A,-,N,,,,,,,,,,N,4,0,1,2,A,-,21,22106,,N,G,B,B,A,H,-,A,A,0,Y,,,,Y,,A,01,0,0,1,0,1,0,0,0,0,"- ","- ",,,"SAN FRANCISCO","SAN FRANCISCO",-122.43213653564453,37.733009338378906
9047507,2020,2020-03-06,3801,2020-01-30,1740,2716,PARK,4,5,7,3801,0,0,0,,0,3F13D,"MASONIC AV","GOLDEN GATE AV",0.00,,Y,A,-,N,,,,,,,,,,N,3,0,1,2,A,-,10,21950,A,N,D,G,A,A,H,-,B,A,0,,Y,,,Y,,A,07,0,1,0,0,0,0,1,0,0,"- ","- ",,,"SAN FRANCISCO","SAN FRANCISCO",-122.44683837890625,37.777671813964844
9047514,2020,2020-03-05,3801,2020-01-07,1555,1571,MISSI,2,5,7,3801,0,0,0,,0,3D41D,"DIVISION ST","SAN BRUNO AV",0.00,,Y,A,-,N,,,,,,,,,,N,4,0,1,2,A,-,10,21950,A,N,G,B,B,A,H,-,A,D,0,Y,,,,Y,,A,01,0,0,1,0,1,0,0,0,0,"- ","- ",,,"SAN FRANCISCO","SAN FRANCISCO",-122.40619659423828,37.769451141357422
9047518,2020,2020-03-05,3801,2020-01-07,0857,2249,TENDE,2,5,7,3801,0,0,0,,0,5CAR,"OFARRELL ST","LARKIN ST",0.00,,Y,A,-,N,,,,,,,,,,N,3,0,1,2,A,-,11,21456,B,N,G,B,B,A,H,-,A,A,0,Y,,,,Y,Y,N,60,0,1,0,0,1,0,0,0,0,"- ","- ",,,"SAN FRANCISCO","SAN FRANCISCO",-122.41790008544922,37.785171508789062
9047519,2020,2020-03-11,3801,2020-01-29,1027,1276,SOUTH,3,5,7,3801,0,0,0,,0,3B41,"NATOMA ST","8TH ST",0.00,,Y,A,-,N,,,,,,,,,,N,3,0,2,2,A,-,12,21453,A,N,D,G,A,A,H,-,A,A,0,,Y,,,Y,,L,04,0,1,1,0,0,0,1,0,0,"- ","- ",,,"SAN FRANCISCO","SAN FRANCISCO",-122.41213226318359,37.776660919189453
9047521,2020,2020-03-09,3801,2020-01-12,1256,670,INGLE,7,5,7,3801,0,0,0,,0,0H5,"MISSION ST","FRANCE ST",0.00,,Y,A,-,N,,,,,,,,,,N,3,0,1,2,A,-,10,21950,A,F,G,B,B,A,H,-,A,D,0,Y,,,,Y,,A,01,0,1,0,0,1,0,0,0,0,"- ","- ",,,"SAN FRANCISCO","SAN FRANCISCO",-122.43834686279297,37.720050811767578
9047524,2020,2020-03-06,3801,2020-01-20,1339,2420,TEDER,1,5,7,3801,0,0,0,,0,3J90,"MARKET ST","9TH ST",28.00,W,N,A,-,N,,,,,,,,,,N,4,0,1,2,A,-,11,21453,D,N,G,B,B,A,H,-,A,A,0,Y,,Y,,Y,,N,60,0,0,1,0,0,0,0,0,1,"- ","- ",,,"SAN FRANCISCO","SAN FRANCISCO",-122.41639709472656,37.777446746826172
9047525,2020,2020-03-09,3801,2020-01-12,1155,400,CENTR,7,5,7,3801,0,0,0,,0,3A13A,"NORTH POINT ST","LEAVENWORTH ST",102.00,W,N,A,-,N,,,,,,,,,,N,3,0,1,2,A,-,08,22107,,N,B,G,A,A,H,-,A,A,0,,Y,,,Y,,A,01,0,1,0,0,0,0,1,0,0,"- ","- ",,,"SAN FRANCISCO","SAN FRANCISCO",-122.41908264160156,37.805885314941406
9047526,2020,2020-03-06,3801,2020-01-17,1306,1837,BAYVI,5,5,7,3801,0,0,0,,0,901,"BACON ST","SAN BRUNO AV",84.00,E,N,A,-,N,,,,,,,,,,N,2,0,1,2,A,-,11,21955,,N,G,B,D,A,H,-,A,D,0,Y,,,,Y,,N,60,1,0,0,0,1,0,0,0,0,"- ","- ",,,"SAN FRANCISCO","SAN FRANCISCO",-122.40333557128906,37.727706909179688
9047535,2020,2020-03-06,3801,2020-01-25,2027,2241,MISSI,6,5,7,3801,0,0,0,,0,3D16D,"VALENCIA ST","LIBERTY ST",75.00,N,N,A,-,N,,,,,,,,,,N,3,0,1,2,A,-,06,21750,,M,B,G,A,A,H,-,C,A,0,,Y,,,Y,Y,L,04,0,1,0,0,0,0,1,0,0,"- ","- ",,,"SAN FRANCISCO","SAN FRANCISCO",-122.42119598388672,37.757896423339844
9047540,2020,2020-03-06,3801,2020-01-19,1518,937,CENTR,7,5,7,3801,0,0,0,,0,3A13D,"JEFFERSON ST","LEAVENWORTH ST",95.00,W,N,A,-,N,,,,,,,,,,N,4,0,1,2,A,-,17,21663,,F,A,B,F,A,H,-,A,A,0,Y,,Y,,Y,,C,02,0,0,1,0,1,0,0,0,0,"- ","- ",,,"SAN FRANCISCO","SAN FRANCISCO",-122.41941070556641,37.807758331298828
9047541,2020,2020-03-06,3801,2020-01-31,1805,2241,MISSI,5,5,7,3801,0,0,0,,0,3D11D,"VALENCIA ST","19TH ST",114.00,N,N,A,-,N,,,,,,,,,,N,3,0,2,2,A,-,17,22517,,N,H,G,A,A,H,-,C,A,0,,Y,,,Y,,A,01,0,2,0,0,0,0,2,0,0,"- ","- ",,,"SAN FRANCISCO","SAN FRANCISCO",-122.42143249511719,37.760421752929688
9047542,2020,2020-03-06,3801,2020-01-16,1610,2097,MISSI,4,5,7,3801,0,0,0,,0,3D42D,"COLLINGWOOD ST","20TH ST",0.00,,Y,B,-,N,,,,,,,,,,N,4,0,1,2,A,-,10,21950,A,N,G,B,B,B,H,-,A,A,0,Y,,,,Y,,A,01,0,0,1,0,1,0,0,0,0,"- ","- ",,,"SAN FRANCISCO","SAN FRANCISCO",-122.43580627441406,37.757621765136719
9047549,2020,2020-03-06,3801,2020-01-31,1305,2743,SOUTH,5,5,7,3801,0,0,0,,0,3B4,"MISSION ST","10TH ST",0.00,,Y,A,-,N,,,,,,,,,,N,2,0,1,2,A,-,12,21453,A,F,D,G,A,A,H,-,A,A,0,,Y,,,Y,,-,,1,0,0,0,0,0,1,0,0,"- ","- ",,,"SAN FRANCISCO","SAN FRANCISCO",-122.41590881347656,37.775279998779297
9047556,2020,2020-03-12,3801,2020-01-18,1922,7,NORTH,6,5,7,3801,0,0,0,,0,3E14D,"FILLMORE ST","OFARRELL ST",0.00,,Y,A,-,N,,,,,,,,,,N,4,0,1,2,-,-,"- ",,,N,H,G,A,A,H,-,C,A,0,,Y,,,Y,,-,"- ",0,0,1,0,0,0,1,0,0,"- ","- ",,,"SAN FRANCISCO","SAN FRANCISCO",-122.43270874023438,37.783279418945312
9047559,2020,2020-03-06,3801,2020-01-02,1801,4314,RICHM,4,5,7,3801,0,0,0,,0,3G61,"FULTON ST","43RD AV",10.00,E,N,A,-,N,,,,,,,,,,Y,2,0,1,2,A,-,00,21456,C,N,G,B,B,A,H,-,C,A,0,Y,,,,Y,,N,60,1,0,0,0,1,0,0,0,0,"- ","- ",,,"SAN FRANCISCO","SAN FRANCISCO",-122.50342559814453,37.771682739257812
9047562,2020,2020-03-06,3801,2020-01-16,0710,2439,CENTR,4,5,7,3801,0,0,0,,0,3A11A,"HYDE ST","PINE ST",0.00,,Y,C,-,N,,,,,,,,,,N,3,0,1,2,A,-,10,21950,A,N,G,B,B,B,H,-,A,A,0,Y,,,,Y,,A,01,0,1,0,0,1,0,0,0,0,"- ","- ",,,"SAN FRANCISCO","SAN FRANCISCO",-122.41719818115234,37.7900390625
9047564,2020,2020-03-06,3801,2020-01-18,1520,1945,INGLE,6,5,7,3801,0,0,0,,0,3H13D,"TINGLEY ST","MISSION ST",0.00,,Y,A,-,N,,,,,,,,,,N,3,0,1,2,A,-,10,21950,A,N,G,B,B,A,H,-,A,D,0,Y,,,,Y,,A,01,0,1,0,0,1,0,0,0,0,"- ","- ",,,"SAN FRANCISCO","SAN FRANCISCO",-122.43177795410156,37.728240966796875
9047566,2020,2020-03-06,3801,2020-01-16,0655,830,MISSI,4,5,7,3801,0,0,0,,0,3D60,"26TH ST","HARRISON ST",0.00,,Y,C,-,N,,,,,,,,,,N,4,0,1,2,A,-,12,22450,A,F,D,G,A,B,H,-,C,D,0,,Y,,,Y,Y,A,01,0,0,1,0,0,0,1,0,0,"- ","- ",,,"SAN FRANCISCO","SAN FRANCISCO",-122.41163635253906,37.749439239501953
9047569,2020,2020-03-06,3801,2020-01-21,1749,397,INGLE,2,5,7,3801,0,0,0,,0,,"VISITACION AV","SCHWERIN ST",0.00,,Y,C,-,N,,,,,,,,,,N,4,0,2,3,A,-,12,22450,A,F,G,B,B,B,H,-,B,D,0,Y,,,,Y,,A,01,0,0,2,0,2,0,0,0,0,"- ","- ",,,"SAN FRANCISCO","SAN FRANCISCO",-122.41062164306641,37.71221923828125
9047572,2020,2020-03-06,3801,2020-01-24,2002,427,BAYVI,5,5,7,3801,0,0,0,,0,901,"FITZGERALD AV","JENNINGS ST",0.00,,Y,A,-,N,,,,,,,,,,N,4,0,1,3,A,-,12,22450,,F,G,B,C,A,H,-,C,D,0,Y,,,,Y,Y,-,,0,0,1,0,1,0,0,0,0,"- ","- ",,,"SAN FRANCISCO","SAN FRANCISCO",-122.39320373535156,37.722011566162109
9047577,2020,2020-03-06,3801,2020-01-18,1541,2020,SOUTH,6,5,7,3801,0,0,0,,0,0B3,"6TH ST","FOLSOM ST",40.00,S,N,A,-,N,,,,,,,,,,,3,0,1,2,A,-,11,21955,,N,G,B,E,A,H,-,A,A,0,Y,,,,Y,,N,60,0,1,0,0,1,0,0,0,0,"- ","- ",,,"SAN FRANCISCO","SAN FRANCISCO",-122.40550231933594,37.778423309326172
9047578,2020,2020-03-06,3801,2020-01-21,1822,334,BAYVI,2,5,7,3801,0,0,0,,0,,"SAN BRUNO AV","SILVER AV",0.00,,Y,C,-,N,,,,,,,,,,N,4,0,1,2,A,-,10,21950,A,N,G,B,B,B,H,-,C,A,0,Y,,,,Y,,A,01,0,0,1,0,1,0,0,0,0,"- ","- ",,,"SAN FRANCISCO","SAN FRANCISCO",-122.40561676025391,37.732448577880859
9047583,2020,2020-03-06,3801,2020-01-21,1311,359,CENTR,2,5,7,3801,0,0,0,,0,3A12C,"MONTGOMERY ST","SUTTER ST",138.00,S,N,C,-,N,,,,,,,,,,N,3,0,1,2,A,-,11,21954,A,N,G,B,D,B,H,-,A,A,0,Y,,,,Y,,N,60,0,1,0,0,1,0,0,0,0,"- ","- ",,,"SAN FRANCISCO","SAN FRANCISCO",-122.402099609375,37.789634704589844
9047589,2020,2020-03-06,3801,2020-01-17,1825,4314,RICHM,5,5,7,3801,0,0,0,,0,0G3,"LAKE ST","4TH AV",11.00,W,N,A,-,N,,,,,,,,,,N,3,0,1,2,A,-,10,21950,A,N,G,B,B,A,H,-,C,A,0,Y,,,,Y,,A,01,0,1,0,0,1,0,0,0,0,"- ","- ",,,"SAN FRANCISCO","SAN FRANCISCO",-122.46258544921875,37.786769866943359
9047598,2020,2020-03-06,3801,2020-01-25,1105,1538,TENDE,6,5,7,3801,0,0,0,,0,901,"5TH ST","STEVENSON ST",60.00,S,N,B,-,N,,,,,,,,,,N,3,0,1,2,A,-,11,21955,,N,G,B,D,A,H,-,A,D,0,Y,,,,Y,Y,N,60,0,1,0,0,1,0,0,0,0,"- ","- ",,,"SAN FRANCISCO","SAN FRANCISCO",-122.40731048583984,37.783397674560547
9047603,2020,2020-03-06,3801,2020-01-23,0825,2210,SOUTH,4,5,7,3801,0,0,0,,0,0B3,"BRANNAN ST","8TH ST",0.00,,Y,A,-,N,,,,,,,,,,N,4,0,1,2,A,-,12,21453,A,N,D,G,A,A,H,-,A,A,0,,Y,Y,,Y,,L,04,0,0,1,0,0,0,1,0,0,"- ","- ",,,"SAN FRANCISCO","SAN FRANCISCO",-122.40543365478516,37.771289825439453
9047605,2020,2020-03-06,3801,2020-01-13,0846,2086,CENTR,1,5,7,3801,0,0,0,,0,3A13A,"CHESTNUT ST","MASON ST",0.00,,Y,A,-,N,,,,,,,,,,N,4,0,1,2,A,-,10,21950,A,N,B,B,B,A,H,-,A,D,0,Y,,Y,,Y,,C,06,0,0,1,0,1,0,0,0,0,"- ","- ",,,"SAN FRANCISCO","SAN FRANCISCO",-122.41320037841797,37.803741455078125
9047608,2020,2020-03-06,3801,2020-01-06,1505,209,NORTH,1,5,7,3801,0,0,0,,0,002,"MCALLISTER ST","WEBSTER ST",0.00,,Y,A,-,N,,,,,,,,,,N,3,0,1,2,A,-,12,21453,A,F,D,G,A,A,H,-,A,A,0,,Y,,,Y,,A,01,0,1,0,0,0,0,1,0,0,"- ","- ",,,"SAN FRANCISCO","SAN FRANCISCO",-122.43010711669922,37.778839111328125
9047609,2020,2020-03-06,3801,2020-01-14,1515,203,MISSI,2,5,7,3801,0,0,0,,0,006,"POTRERO AV","ALAMEDA ST",0.00,,Y,A,-,N,,,,,,,,,,N,4,0,2,2,A,-,15,21201,A,N,G,B,B,A,D,-,A,A,0,Y,Y,,,Y,,L,04,0,0,2,0,1,0,1,0,0,"- ","- ",,,"SAN FRANCISCO","SAN FRANCISCO",-122.40779113769531,37.768379211425781
9047610,2020,2020-03-06,3801,2020-01-10,1808,781,TARAV,5,5,7,3801,0,0,0,,0,0I1,"LINCOLN WY","11TH AV",0.00,,Y,A,-,N,,,,,,,,,,N,3,0,1,2,A,-,03,22350,,F,G,B,B,A,H,-,C,D,0,Y,,,,Y,,-,99,0,1,0,0,1,0,0,0,0,"- ","- ",,,"SAN FRANCISCO","SAN FRANCISCO",-122.46858215332031,37.765830993652344
9047612,2020,2020-03-06,3801,2020-01-06,1401,4283,RICHM,1,5,7,3801,0,0,0,,0,004,"GEARY BL","28TH AV",5.00,E,N,A,-,N,,,,,,,,,,N,4,0,2,3,A,-,10,21950,A,N,A,B,B,A,H,-,A,A,0,Y,,,,Y,,A,01,0,0,2,0,2,0,0,0,0,"- ","- ",,,"SAN FRANCISCO","SAN FRANCISCO",-122.48793029785156,37.780021667480469
9047613,2020,2020-03-06,3801,2020-01-14,1450,1052,RICHM,2,5,7,3801,0,0,0,,0,3G13C,"ANZA ST","ARGUELLO BL",9.00,E,N,A,-,N,,,,,,,,,,N,3,0,1,2,A,-,08,22107,,N,B,G,A,A,H,-,A,B,0,,Y,,,Y,,A,01,0,1,0,0,0,0,1,0,0,"- ","- ",,,"SAN FRANCISCO","SAN FRANCISCO",-122.45871734619141,37.779354095458984
9047614,2020,2020-03-06,3801,2020-01-10,1536,826,BAYVI,5,5,7,3801,0,0,0,,0,03C,"WOOLSEY ST","SAN BRUNO AV",0.00,,Y,A,-,N,,,,,,,,,,N,4,0,1,2,A,-,21,22106,,N,G,B,B,A,H,-,A,D,0,Y,,,,Y,,A,01,0,0,1,0,1,0,0,0,0,"- ","- ",,,"SAN FRANCISCO","SAN FRANCISCO",-122.40261077880859,37.725238800048828
9047616,2020,2020-03-06,3801,2020-01-06,1353,1033,TENDE,1,5,7,3801,0,0,0,,0,,"EDDY ST","CYRIL MAGNIN ST",0.00,,Y,A,-,N,,,,,,,,,,N,4,0,1,2,A,-,10,21950,A,N,G,B,B,A,H,-,A,A,0,Y,,,,Y,,A,01,0,0,1,0,1,0,0,0,0,"- ","- ",,,"SAN FRANCISCO","SAN FRANCISCO",-122.40852355957031,37.784500122070312
9047618,2020,2020-03-06,3801,2020-01-10,1507,1994,TRAFF,5,5,7,3801,0,0,0,,0,4B3G,"8TH ST","RINGOLD ST",21.00,N,N,A,-,N,,,,,,,,,,N,4,0,1,3,A,-,03,22350,,N,H,B,E,A,H,-,A,D,0,Y,Y,,,Y,,L,04,0,0,1,0,1,0,0,0,0,"- ","- ",,,"SAN FRANCISCO","SAN FRANCISCO",-122.40953063964844,37.774589538574219
9047620,2020,2020-03-06,3801,2020-01-06,1359,1967,TENDE,1,5,7,3801,0,0,0,,0,3J11A,"HYDE ST","GROVE ST",0.00,,Y,A,-,N,,,,,,,,,,N,4,0,1,2,A,-,11,21955,,N,G,B,D,A,H,-,A,A,0,Y,,,,Y,,N,60,0,0,1,0,1,0,0,0,0,"- ","- ",,,"SAN FRANCISCO","SAN FRANCISCO",-122.41490173339844,37.778858184814453
9047627,2020,2020-03-06,3801,2020-01-21,2218,1372,INGLE,2,5,7,3801,0,0,0,,0,3H13E,"GENEVA AV","MISSION ST",0.00,,Y,A,-,N,,,,,,,,,,N,4,0,1,2,A,-,11,21950,B,N,G,B,D,A,H,-,C,A,0,Y,,,,Y,Y,N,60,0,0,1,0,1,0,0,0,0,"- ","- ",,,"SAN FRANCISCO","SAN FRANCISCO",-122.44100189208984,37.716388702392578
9047628,2020,2020-03-06,3801,2020-01-06,1117,1342,NORTH,1,5,7,3801,0,0,0,,0,3E14A,"WEBSTER ST","SACRAMENTO ST",0.00,,Y,A,-,N,,,,,,,,,,N,4,0,1,2,A,-,10,21950,A,F,G,B,F,A,H,-,A,D,0,Y,,,,Y,,A,01,0,0,1,0,1,0,0,0,0,"- ","- ",,,"SAN FRANCISCO","SAN FRANCISCO",-122.43238067626953,37.790031433105469
9047631,2020,2020-03-06,3801,2020-01-21,1800,1113,PARK,2,5,7,3801,0,0,0,,0,3F13D,"HAYES ST","SHRADER ST",0.00,,Y,F,-,N,,,,,,,,,,N,4,0,1,2,A,-,12,22450,A,N,H,B,B,-,G,-,-,-,0,Y,,,,Y,,-,99,0,0,1,0,1,0,0,0,0,"- ","- ",,,"SAN FRANCISCO","SAN FRANCISCO",-122.45262145996094,37.773101806640625
9047635,2020,2020-03-06,3801,2020-01-21,1929,1878,SOUTH,2,5,7,3801,0,0,0,,0,0B3,"MISSION ST","6TH ST",310.00,W,N,C,-,N,,,,,,,,,,N,3,0,1,2,A,-,11,21955,,N,G,B,D,B,B,-,C,D,0,Y,,,,Y,,N,60,0,1,0,0,1,0,0,0,0,"- ","- ",,,"SAN FRANCISCO","SAN FRANCISCO",-122.40944671630859,37.780376434326172
9047636,2020,2020-03-06,3801,2020-01-06,0350,2368,SOUTH,1,5,7,3801,0,0,0,,0,0B2,"MISSION ST","6TH ST",12.00,N,N,A,-,N,,,,,,,,,,N,2,0,1,2,A,-,11,21955,,N,G,B,D,A,H,-,C,A,0,Y,,,,Y,,N,60,1,0,0,0,1,0,0,0,0,"- ","- ",,,"SAN FRANCISCO","SAN FRANCISCO",-122.40866088867188,37.781002044677734
9047638,2020,2020-03-06,3801,2020-01-10,0450,377,SOUTH,5,5,7,3801,0,0,0,,0,3B12E,"HARRISON ST","5TH ST",0.00,,Y,A,-,N,,,,,,,,,,N,4,0,1,2,A,-,09,21453,C,N,B,G,A,A,H,-,C,A,0,,Y,,,Y,,A,08,0,0,1,0,0,0,1,0,0,"- ","- ",,,"SAN FRANCISCO","SAN FRANCISCO",-122.40187072753906,37.779060363769531
9047639,2020,2020-03-06,3801,2020-01-22,0747,4046,NORTH,3,5,7,3801,0,0,0,,0,3E12A,"SCOTT ST","FULTON ST",5.00,S,N,B,-,N,,,,,,,,,,N,4,0,1,2,A,-,10,21950,A,N,G,B,B,A,H,-,A,A,0,Y,,,,Y,,A,01,0,0,1,0,1,0,0,0,0,"- ","- ",,,"SAN FRANCISCO","SAN FRANCISCO",-122.43650817871094,37.777057647705078
9047640,2020,2020-03-06,3801,2020-01-05,2250,2330,TARAV,7,5,7,3801,0,0,0,,0,3I13E,"KIRKHAM ST","46TH AV",3.00,N,N,A,-,N,,,,,,,,,,N,4,0,1,2,A,-,10,21950,A,N,G,B,B,A,H,-,C,A,0,Y,,,,Y,,A,01,0,0,1,0,1,0,0,0,0,"- ","- ",,,"SAN FRANCISCO","SAN FRANCISCO",-122.50581359863281,37.758571624755859
9047641,2020,2020-03-06,3801,2020-01-27,1719,1113,PARK,1,5,7,3801,0,0,0,,0,,"TURK BL","NIDO AV",78.00,W,N,A,-,N,,,,,,,,,,N,4,0,1,2,A,-,09,21804,A,N,D,G,A,A,H,-,B,D,0,,Y,,,Y,,L,04,0,0,1,0,0,0,1,0,0,"- ","- ",,,"SAN FRANCISCO","SAN FRANCISCO",-122.44635009765625,37.778717041015625
9047645,2020,2020-03-06,3801,2020-01-27,1451,820,TENDE,1,5,7,3801,0,0,0,,0,060016,"EDDY ST","MASON ST",145.00,W,N,A,-,N,,,,,,,,,,N,4,0,1,2,A,-,11,21955,,N,G,B,D,A,H,-,A,A,0,Y,,,,Y,,N,60,0,0,1,0,1,0,0,0,0,"- ","- ",,,"SAN FRANCISCO","SAN FRANCISCO",-122.40979766845703,37.784313201904297
9047647,2020,2020-03-06,3801,2020-01-21,2315,402,CENTR,2,5,7,3801,0,0,0,,0,,"HYDE ST","PINE ST",0.00,,Y,C,-,N,,,,,,,,,,N,4,0,1,2,A,-,10,21950,A,N,G,B,B,B,H,-,C,A,0,Y,,,,Y,,A,01,0,0,1,0,1,0,0,0,0,"- ","- ",,,"SAN FRANCISCO","SAN FRANCISCO",-122.41719818115234,37.7900390625
9047654,2020,2020-03-05,3801,2020-01-04,1810,1669,BAYVI,6,5,7,3801,0,0,0,,0,3C13D,"OAKDALE AV","MENDELL ST",0.00,,Y,A,-,N,,,,,,,,,,Y,4,0,1,3,A,-,03,22350,,N,G,B,B,A,H,-,C,D,0,Y,,,,Y,,A,01,0,0,1,0,1,0,0,0,0,"- ","- ",,,"SAN FRANCISCO","SAN FRANCISCO",-122.39034271240234,37.734600067138672
9047657,2020,2020-03-06,3801,2020-01-26,2305,2268,INGLE,7,5,7,3801,0,0,0,,0,3H13D,"MISSION ST","VIRGINIA ST",0.00,,Y,A,-,N,,,,,,,,,,N,4,0,1,2,A,-,10,21950,A,N,A,B,B,A,H,-,C,A,0,Y,,,,Y,,A,01,0,0,1,0,1,0,0,0,0,"- ","- ",,,"SAN FRANCISCO","SAN FRANCISCO",-122.42150115966797,37.743148803710938
9047658,2020,2020-03-05,3801,2020-01-04,1745,182,BAYVI,6,5,7,3801,0,0,0,,0,901,"SILVER AV","YALE ST",0.00,,Y,A,-,N,,,,,,,,,,N,4,0,1,2,A,-,09,21801,A,F,D,G,A,A,H,-,C,D,0,,Y,,,Y,,A,01,0,0,1,0,0,0,1,0,0,"- ","- ",,,"SAN FRANCISCO","SAN FRANCISCO",-122.41838073730469,37.729038238525391
9047659,2020,2020-03-06,3801,2020-01-09,0508,1045,PLAYV,4,5,7,3801,0,0,0,,0,0C2,"BARNEVELD AV","MCKINNON AV",0.00,,Y,C,-,N,,,,,,,,,,N,2,0,1,2,D,-,00,,,N,G,B,D,B,H,-,C,D,0,Y,,,,Y,,-,"- ",1,0,0,0,1,0,0,0,0,"- ","- ",,,"SAN FRANCISCO","SAN FRANCISCO",-122.40322113037109,37.743808746337891
9047662,2020,2020-03-05,3801,2020-01-04,1513,1571,MISSI,6,5,7,3801,0,0,0,,0,,"MISSION ST","DUBOCE AV",0.00,,Y,A,-,N,,,,,,,,,,,3,0,1,2,A,-,11,21950,B,N,G,B,B,A,H,-,A,A,0,Y,,,,Y,,N,60,0,1,0,0,1,0,0,0,0,"- ","- ",,,"SAN FRANCISCO","SAN FRANCISCO",-122.42018127441406,37.769989013671875
9047665,2020,2020-03-06,3801,2020-01-11,1831,2183,MISSI,6,5,7,3801,0,0,0,,0,003,"23RD ST","BRYANT ST",0.00,,Y,A,-,N,,,,,,,,,,N,3,0,1,2,A,-,12,22450,A,N,D,G,A,A,H,-,B,A,0,,Y,,,Y,,L,04,0,1,0,0,0,0,1,0,0,"- ","- ",,,"SAN FRANCISCO","SAN FRANCISCO",-122.40927886962891,37.754398345947266
9047670,2020,2020-03-05,3801,2020-01-23,1532,1861,TARAV,4,5,7,3801,0,0,0,,0,3I11D,"12TH AV","LAWTON ST",150.00,N,N,A,-,N,,,,,,,,,,N,3,0,1,2,A,-,11,21955,,N,-,B,D,A,H,-,A,D,0,Y,,,,Y,,N,60,0,1,0,0,1,0,0,0,0,"- ","- ",,,"SAN FRANCISCO","SAN FRANCISCO",-122.46918487548828,37.758701324462891
9047671,2020,2020-11-20,3801,2020-01-08,1145,1238,INGLE,3,5,7,3801,0,0,0,,0,3H15C,"GENEVA AV","RT 280",0.00,,Y,A,-,Y,SF,4,280,-,R,1.924,R,4,N,N,4,0,1,2,A,-,10,21950,A,M,B,B,B,A,H,-,A,A,0,Y,,,,Y,,A,01,0,0,1,0,1,0,0,0,0,"- ",NO,,,"SAN FRANCISCO","SAN FRANCISCO",-122.44673156738281,37.725086212158203
9047675,2020,2020-03-06,3801,2020-01-08,0443,4039,CENTR,3,5,7,3801,0,0,0,,0,0A4,BATTERY,"FILBERT ST",29.00,N,N,B,-,N,,,,,,,,,,N,3,0,1,2,A,-,11,21956,,N,G,B,D,B,H,-,C,A,0,Y,Y,,,Y,,N,60,0,1,0,0,1,0,0,0,0,"- ","- ",,,"SAN FRANCISCO","SAN FRANCISCO",-122.40180206298828,37.802410125732422
9047678,2020,2020-03-06,3801,2020-01-23,0953,4182,SOUTH,4,5,7,3801,0,0,0,,0,3B1A,"FOLSOM ST","FREMONT ST",20.00,W,N,A,-,N,,,,,,,,,,N,4,0,1,2,A,-,17,22517,,N,B,G,A,A,D,-,A,A,0,,Y,,,Y,,A,01,0,0,1,0,0,0,1,0,0,"- ","- ",,,"SAN FRANCISCO","SAN FRANCISCO",-122.39364624023438,37.787960052490234