CASE_ID,ACCIDENT_YEAR,PROC_DATE,JURIS,COLLISION_DATE,COLLISION_TIME,OFFICER_ID,REPORTING_DISTRICT,DAY_OF_WEEK,CHP_SHIFT,POPULATION,CNTY_CITY_LOC,SPECIAL_COND,BEAT_TYPE,CHP_BEAT_TYPE,CITY_DIVISION_LAPD,CHP_BEAT_CLASS,BEAT_NUMBER,PRIMARY_RD,SECONDARY_RD,DISTANCE,DIRECTION,INTERSECTION,WEATHER_1,WEATHER_2,STATE_HWY_IND,CALTRANS_COUNTY,CALTRANS_DISTRICT,STATE_ROUTE,ROUTE_SUFFIX,POSTMILE_PREFIX,POSTMILE,LOCATION_TYPE,RAMP_INTERSECTION,SIDE_OF_HWY,TOW_AWAY,COLLISION_SEVERITY,NUMBER_KILLED,NUMBER_INJURED,PARTY_COUNT,PRIMARY_COLL_FACTOR,PCF_CODE_OF_VIOL,PCF_VIOL_CATEGORY,PCF_VIOLATION,PCF_VIOL_SUBSECTION,HIT_AND_RUN,TYPE_OF_COLLISION,MVIW,PED_ACTION,ROAD_SURFACE,ROAD_COND_1,ROAD_COND_2,LIGHTING,CONTROL_DEVICE,CHP_ROAD_TYPE,PEDESTRIAN_ACCIDENT,BICYCLE_ACCIDENT,MOTORCYCLE_ACCIDENT,TRUCK_ACCIDENT,NOT_PRIVATE_PROPERTY,ALCOHOL_INVOLVED,STWD_VEHTYPE_AT_FAULT,CHP_VEHTYPE_AT_FAULT,COUNT_SEVERE_INJ,COUNT_VISIBLE_INJ,COUNT_COMPLAINT_PAIN,COUNT_PED_KILLED,COUNT_PED_INJURED,COUNT_BICYCLIST_KILLED,COUNT_BICYCLIST_INJURED,COUNT_MC_KILLED,COUNT_MC_INJURED,PRIMARY_RAMP,SECONDARY_RAMP,LATITUDE,LONGITUDE,COUNTY,CITY,POINT_X,POINT_Y
9052700,2020,2020-03-02,3801,2020-01-22,1339,859,MISSI,3,5,7,3801,0,0,0,,0,03D,"WOODWARD ST","14TH ST",92.00,N,N,A,-,N,,,,,,,,,,N,4,0,1,2,A,-,17,21663,,N,H,B,F,A,H,-,A,D,0,Y,,,,Y,,J,48,0,0,1,0,1,0,0,0,0,"- ","- ",,,"SAN FRANCISCO","SAN FRANCISCO",-122.42079162597656,37.76849365234375
9058036,2020,2020-09-25,3801,2020-03-13,1203,1332,NORTH,5,5,7,3801,0,0,0,,0,3E13A,"VAN NESS AV","HAYES ST",0.00,,Y,A,-,Y,SF,4,101,-,T,5.010,I,5,N,N,2,0,1,2,A,-,12,21453,A,N,D,G,A,A,D,-,A,A,0,,Y,,Y,Y,,L,04,1,0,0,0,0,0,1,0,0,"- ","- ",,,"SAN FRANCISCO","SAN FRANCISCO",-122.41963195800781,37.777317047119141
9058079,2020,2020-07-27,3801,2020-03-11,0706,1580,SOUTH,3,5,7,3801,0,0,0,,0,3B13A,"8TH ST","HOWARD ST",0.00,,Y,A,-,N,,,,,,,,,,N,3,0,1,2,A,-,08,22107,,N,-,G,A,A,H,-,B,A,0,,Y,,,Y,,I,11,0,1,0,0,0,0,1,0,0,"- ","- ",,,"SAN FRANCISCO","SAN FRANCISCO",-122.41159057617188,37.776229858398438
9068148,2020,2020-07-09,3801,2020-03-21,1500,478,MISSI,6,5,7,3801,0,0,0,,0,3D13C,"16TH ST","MISSION ST",0.00,,Y,A,-,N,,,,,,,,,,N,3,0,1,2,A,-,21,22106,,N,G,B,E,A,H,-,A,D,0,Y,,,,Y,,I,20,0,1,0,0,1,0,0,0,0,"- ","- ",,,"SAN FRANCISCO","SAN FRANCISCO",-122.41967010498047,37.765048980712891
9068160,2020,2020-07-09,3801,2020-03-27,2031,4005,PARK,5,5,7,3801,0,0,0,,0,3F2D,"LOCKSLEY AV","WARREN DR",0.00,,Y,A,-,N,,,,,,,,,,N,3,0,1,2,A,-,09,21802,A,N,B,G,A,A,H,-,C,D,0,,Y,,,Y,,L,04,0,1,0,0,0,0,1,0,0,"- ","- ",,,"SAN FRANCISCO","SAN FRANCISCO",-122.46321105957031,37.758598327636719
9069832,2020,2020-07-16,3801,2020-03-02,1832,2180,,1,5,7,3801,0,0,0,,0,3C11D,"OAKDALE AV","LOOMIS ST",0.00,,Y,A,-,N,,,,,,,,,,N,3,0,1,2,A,-,03,22350,,N,D,G,A,A,H,-,C,D,0,,Y,,,Y,,A,01,0,1,0,0,0,0,1,0,0,"- ","- ",,,"SAN FRANCISCO","SAN FRANCISCO",-122.40431213378906,37.742530822753906
9070708,2019,2020-05-19,3801,2019-05-11,1110,2132,MISSI,6,5,7,3801,0,0,0,,0,3D62,"MISSION ST","20TH ST",100.00,S,N,A,-,N,,,,,,,,,,N,4,0,1,2,A,-,17,21235,G,N,G,B,F,A,H,-,-,-,0,Y,,,,Y,,-,,0,0,1,0,1,0,0,0,0,"- ","- ",,,"SAN FRANCISCO","SAN FRANCISCO",-122.41902160644531,37.758354187011719
9074733,2020,2020-06-15,3801,2020-02-04,0930,2325,NORTH,2,5,7,3801,0,0,0,,0,3E12A,"EDDY ST","FILLMORE ST",55.00,W,N,A,-,N,,,,,,,,,,N,4,0,1,2,A,-,11,21954,A,F,G,B,E,A,H,-,A,D,0,Y,,,,Y,,N,60,0,0,1,0,1,0,0,0,0,"- ","- ",,,"SAN FRANCISCO","SAN FRANCISCO",-122.43251037597656,37.781394958496094
9074754,2020,2020-06-11,3801,2020-02-29,0055,882,,6,5,7,3801,0,0,0,,0,3J15E,"LARKIN ST","ELLIS ST",32.00,N,N,A,-,N,,,,,,,,,,N,3,0,1,2,A,-,00,21760,C,M,C,G,A,A,H,-,C,D,0,,Y,,,Y,,D,22,0,1,0,0,0,0,1,0,0,"- ","- ",,,"SAN FRANCISCO","SAN FRANCISCO",-122.41773986816406,37.784336090087891
9074757,2020,2020-06-03,3801,2020-02-18,0740,2196,TENDE,2,5,7,3801,0,0,0,,0,3J52A,"7TH ST","STEVENSON ST",23.00,E,N,A,-,N,,,,,,,,,,,4,0,1,2,A,-,05,21650,1,N,C,G,A,A,H,-,A,A,0,,Y,,Y,Y,,L,04,0,0,1,0,0,0,1,0,0,"- ","- ",,,"SAN FRANCISCO","SAN FRANCISCO",-122.41183471679688,37.779945373535156
9074758,2020,2020-06-11,3801,2020-02-03,0935,1226,SOUTH,1,5,7,3801,0,0,0,,0,3B14A,"10TH ST","HOWARD ST",0.00,,Y,A,-,N,,,,,,,,,,N,3,0,1,2,A,-,10,21950,A,N,G,B,B,A,H,-,A,A,0,Y,,,Y,Y,,G,24,0,1,0,0,1,0,0,0,0,"- ","- ",,,"SAN FRANCISCO","SAN FRANCISCO",-122.41436767578125,37.774028778076172
9074769,2020,2020-05-19,3801,2020-02-13,0725,2439,CENTR,4,5,7,3801,0,0,0,,0,3A11A,"HYDE ST","PINE ST",100.00,S,N,A,-,N,,,,,,,,,,N,3,0,1,2,A,-,21,22106,,N,G,B,E,A,H,-,A,D,0,Y,,,,Y,,I,09,0,1,0,0,1,0,0,0,0,"- ","- ",,,"SAN FRANCISCO","SAN FRANCISCO",-122.41714477539062,37.789768218994141
9074770,2020,2020-06-15,3801,2020-02-12,1241,2409,SOUTH,3,5,7,3801,0,0,0,,0,3B12A,"6TH ST","HOWARD RD",0.00,,Y,A,-,N,,,,,,,,,,N,4,0,1,2,A,-,11,21453,D,N,G,B,B,A,H,-,A,A,0,Y,,,Y,Y,,N,60,0,0,1,0,1,0,0,0,0,"- ","- ",,,"SAN FRANCISCO","SAN FRANCISCO",-122.40714263916016,37.779750823974609
9074777,2020,2020-05-19,3801,2020-02-13,1211,1489,CENTR,4,5,7,3801,0,0,0,,0,3A11C,"CLAY ST","LEAVENWORTH ST",0.00,,Y,B,-,N,,,,,,,,,,N,3,0,1,2,A,-,10,21950,A,N,G,B,B,A,H,-,A,A,0,Y,,,,Y,,D,22,0,1,0,0,1,0,0,0,0,"- ","- ",,,"SAN FRANCISCO","SAN FRANCISCO",-122.41610717773438,37.793010711669922
9074778,2020,2020-06-15,3801,2020-02-27,1929,54,NORTH,4,5,7,3801,0,0,0,,0,3E16D,"VAN NESS AV",UNION,15.00,S,N,A,-,N,,,,,,,,,,N,2,0,1,2,A,-,11,21453,D,N,-,B,D,A,H,-,C,A,0,Y,,,,Y,,N,60,1,0,0,0,1,0,0,0,0,"- ","- ",,,"SAN FRANCISCO","SAN FRANCISCO",-122.42404937744141,37.798500061035156
9074789,2020,2020-06-16,3801,2020-02-05,1830,877,CENTR,3,5,7,3801,0,0,0,,0,3A77,"BUSH ST","TAYLOR ST",0.00,,Y,F,-,N,,,,,,,,,,N,4,0,1,2,D,-,00,,,N,G,B,E,-,G,-,-,-,0,Y,,,,Y,,-,"- ",0,0,1,0,1,0,0,0,0,"- ","- ",,,"SAN FRANCISCO","SAN FRANCISCO",-122.41207122802734,37.789760589599609
9074888,2020,2020-05-18,3801,2020-02-26,0800,4041,BAYVI,3,5,7,3801,0,0,0,,0,3C2A,"INGERSON AV","HAWES ST",0.00,,Y,A,-,N,,,,,,,,,,N,4,0,1,2,D,-,00,,,N,G,B,B,A,H,-,A,-,0,Y,,,,Y,,-,"- ",0,0,1,0,1,0,0,0,0,"- ","- ",,,"SAN FRANCISCO","SAN FRANCISCO",-122.39112091064453,37.718040466308594
9074891,2020,2020-05-18,3801,2020-02-21,0720,1144,TARAV,5,5,7,3801,0,0,0,,0,3I13A,"42ND AV","NORIEGA ST",0.00,,Y,A,-,N,,,,,,,,,,N,4,0,1,2,A,-,12,22450,A,N,D,G,A,A,H,-,A,A,0,,Y,,,Y,,L,04,0,0,1,0,0,0,1,0,0,"- ","- ",,,"SAN FRANCISCO","SAN FRANCISCO",-122.50113677978516,37.753150939941406
9074892,2020,2020-05-18,3801,2020-02-26,1020,93,NORTH,3,5,7,3801,0,0,0,,0,002,"GOLDEN GATE AV","LAGUNA ST",9.00,S,N,A,-,N,,,,,,,,,,N,4,0,1,2,A,-,10,21950,A,N,G,B,B,A,H,-,A,A,0,Y,,,,Y,,A,01,0,0,1,0,1,0,0,0,0,"- ","- ",,,"SAN FRANCISCO","SAN FRANCISCO",-122.42704772949219,37.780197143554688
9074895,2020,2020-10-02,3801,2020-02-20,2326,1641,SOUTH,4,5,7,3801,0,0,0,,0,0B4,"MISSION ST","RT 101",21.00,E,N,A,-,Y,SF,4,101,-,R,5.073,R,4,N,Y,4,0,2,3,A,-,01,23153,B,F,G,B,F,A,H,-,C,A,0,Y,,,,Y,Y,A,01,0,0,2,0,2,0,0,0,0,"- ",NF,,,"SAN FRANCISCO","SAN FRANCISCO",-122.41721343994141,37.769809722900391
9074896,2020,2020-05-18,3801,2020-02-26,0927,2196,TENDE,3,5,7,3801,0,0,0,,0,3J11A,"MARKET ST","4TH ST",0.00,,Y,A,-,N,,,,,,,,,,N,2,0,1,2,A,-,10,21950,A,F,G,B,B,A,H,-,A,A,0,Y,,,,Y,,-,,1,0,0,0,1,0,0,0,0,"- ","- ",,,"SAN FRANCISCO","SAN FRANCISCO",-122.40589141845703,37.785701751708984
9074900,2020,2020-05-18,3801,2020-02-26,0902,380,CENTR,3,5,7,3801,0,0,0,,0,3CAR,"MASON ST","BAY ST",0.00,,Y,A,-,N,,,,,,,,,,Y,4,0,1,2,A,-,10,21950,A,F,A,B,B,A,H,-,A,A,0,Y,,,,Y,,A,01,0,0,1,0,1,0,0,0,0,"- ","- ",,,"SAN FRANCISCO","SAN FRANCISCO",-122.41358947753906,37.805629730224609
9074903,2020,2020-05-18,3801,2020-02-01,1559,564,TARAV,6,5,7,3801,0,0,0,,0,3I15D,"WINSTON DR","JUNIPERO SERRA BL",0.00,,Y,A,-,N,,,,,,,,,,N,3,0,1,2,A,-,10,21950,A,N,G,B,B,A,H,-,A,A,0,Y,,,,Y,,A,08,0,1,0,0,1,0,0,0,0,"- ","- ",,,"SAN FRANCISCO","SAN FRANCISCO",-122.47236633300781,37.726840972900391
9074904,2020,2020-05-18,3801,2020-02-20,0851,2356,NORTH,4,5,7,3801,0,0,0,,0,,"GOLDEN GATE","BUCHANAN ST",2.00,W,N,A,-,N,,,,,,,,,,N,3,0,1,2,A,-,10,21950,A,F,G,B,C,A,H,-,A,A,0,Y,,,,Y,,-,,0,1,0,0,1,0,0,0,0,"- ","- ",,,"SAN FRANCISCO","SAN FRANCISCO",-122.42874908447266,37.77996826171875
9074907,2020,2020-05-18,3801,2020-02-01,1412,1766,TRAFF,6,5,7,3801,0,0,0,,0,4B3C,"INGALLS ST","YOSEMITE AV",17.00,S,N,A,-,N,,,,,,,,,,N,3,0,1,2,A,-,12,22450,A,F,G,B,D,A,H,-,A,A,0,Y,,,,Y,,A,01,0,1,0,0,1,0,0,0,0,"- ","- ",,,"SAN FRANCISCO","SAN FRANCISCO",-122.38796234130859,37.724700927734375
9074912,2020,2020-05-18,3801,2020-02-18,1603,004326,SOUTH,2,5,7,3801,0,0,0,,0,004,"10TH ST","FOLSOM ST",0.00,,Y,A,-,N,,,,,,,,,,N,3,0,1,2,A,-,10,21950,A,F,G,B,B,A,H,-,A,A,0,Y,,,,Y,Y,A,01,0,1,0,0,1,0,0,0,0,"- ","- ",,,"SAN FRANCISCO","SAN FRANCISCO",-122.41281890869141,37.772819519042969
9074919,2020,2020-05-18,3801,2020-02-11,1804,2315,INGLE,2,5,7,3801,0,0,0,,0,3H15D,"ALEMANY BL","ONONDAGA AV",0.00,,Y,A,-,N,,,,,,,,,,N,4,0,1,2,A,-,10,21950,A,N,G,B,B,A,H,-,C,A,0,Y,,,,Y,,A,08,0,0,1,0,1,0,0,0,0,"- ","- ",,,"SAN FRANCISCO","SAN FRANCISCO",-122.43871307373047,37.721649169921875
9074920,2020,2020-05-18,3801,2020-02-16,0910,2210,SOUTH,7,5,7,3801,0,0,0,,0,0B5,"4TH ST","BERRY ST",267.00,S,N,A,-,N,,,,,,,,,,N,4,0,1,2,A,-,17,21235,G,N,G,B,F,A,H,-,A,D,0,Y,,,,Y,,M,94,0,0,1,0,1,0,0,0,0,"- ","- ",,,"SAN FRANCISCO","SAN FRANCISCO",-122.39268493652344,37.775264739990234
9074923,2020,2020-05-18,3801,2020-02-11,1506,1907,SOUTH,2,5,7,3801,0,0,0,,0,03B,"BRANNAN ST","6TH ST",0.00,,Y,A,-,N,,,,,,,,,,N,4,0,1,2,A,-,10,21950,,N,G,B,B,A,H,-,A,A,0,Y,,,,Y,,A,01,0,0,1,0,1,0,0,0,0,"- ","- ",,,"SAN FRANCISCO","SAN FRANCISCO",-122.40096282958984,37.774829864501953
9074924,2020,2020-05-18,3801,2020-02-14,0755,2247,SOUTH,5,5,7,3801,0,0,0,,0,03B,"MARKET ST","VALENCIA ST",0.00,,Y,A,-,N,,,,,,,,,,N,4,0,1,2,A,-,14,21201,D,N,-,G,A,A,H,-,A,D,0,,Y,,,Y,,A,01,0,0,1,0,0,0,1,0,0,"- ","- ",,,"SAN FRANCISCO","SAN FRANCISCO",-122.42262268066406,37.772548675537109
9074927,2020,2020-05-18,3801,2020-02-12,2045,2183,MISSI,3,5,7,3801,0,0,0,,0,3D11E,"24TH ST","ALABAMA ST",0.00,,Y,A,G,N,,,,,,,,,,N,4,0,1,2,A,-,10,21950,A,F,G,B,B,A,H,-,C,D,0,Y,,,,Y,,A,01,0,0,1,0,1,0,0,0,0,"- ","- ",,,"SAN FRANCISCO","SAN FRANCISCO",-122.41094207763672,37.752708435058594
9074935,2020,2020-05-18,3801,2020-02-12,1756,1184,TENDE,3,5,7,3801,0,0,0,,0,3J56C,"10TH ST","HOWARD ST",24.00,N,N,A,-,N,,,,,,,,,,N,3,0,1,2,A,-,17,22517,,N,B,G,A,A,H,-,C,D,0,,Y,,,Y,,A,01,0,1,0,0,0,0,1,0,0,"- ","- ",,,"SAN FRANCISCO","SAN FRANCISCO",-122.4144287109375,37.774074554443359
9074936,2020,2020-05-18,3801,2020-02-05,1715,2368,SOUTH,3,5,7,3801,0,0,0,,0,0B4,"HARRISON ST","9TH ST",0.00,,Y,A,-,N,,,,,,,,,,N,4,0,1,2,A,-,10,21950,A,M,G,B,B,A,H,-,C,A,0,Y,,,,Y,,A,01,0,0,1,0,1,0,0,0,0,"- ","- ",,,"SAN FRANCISCO","SAN FRANCISCO",-122.41004943847656,37.772529602050781
9074939,2020,2020-05-18,3801,2020-02-12,1504,21157,TENDE,3,5,7,3801,0,0,0,,0,3J54C,"TAYLOR ST","TURK ST",15.00,S,N,A,-,N,,,,,,,,,,N,4,0,1,2,A,-,08,22107,,N,B,G,A,A,H,-,A,A,0,,Y,,,Y,,L,04,0,0,1,0,0,0,1,0,0,"- ","- ",,,"SAN FRANCISCO","SAN FRANCISCO",-122.41077423095703,37.783168792724609
9074943,2020,2020-05-18,3801,2020-02-11,1919,2056,SOUTH,2,5,7,3801,0,0,0,,0,03B,"HOWARD ST","5TH ST",0.00,,Y,A,-,N,,,,,,,,,,,4,0,1,2,A,-,12,21453,A,N,D,G,A,A,H,-,C,A,0,,Y,,,Y,,L,04,0,0,1,0,0,0,1,0,0,"- ","- ",,,"SAN FRANCISCO","SAN FRANCISCO",-122.40493011474609,37.781509399414062
9074948,2020,2020-05-18,3801,2020-02-29,0215,867,SOUTH,6,5,7,3801,0,0,0,,0,001,"MINNA ST","SHAW ALY",8.00,E,N,B,-,N,,,,,,,,,,N,4,0,1,2,A,-,11,21954,A,N,G,B,D,A,H,-,C,D,0,Y,,,,Y,Y,N,60,0,0,1,0,1,0,0,0,0,"- ","- ",,,"SAN FRANCISCO","SAN FRANCISCO",-122.39801025390625,37.78857421875
9074952,2020,2020-05-18,3801,2020-02-29,0131,2408,SOUTH,6,5,7,3801,0,0,0,,0,3B91,"PERRY ST","3RD ST",3.00,E,N,A,-,N,,,,,,,,,,N,4,0,1,2,A,-,12,21453,A,F,G,B,B,A,H,-,C,A,0,Y,,,,Y,Y,A,07,0,0,1,0,1,0,0,0,0,"- ","- ",,,"SAN FRANCISCO","SAN FRANCISCO",-122.39688110351562,37.782146453857422
9074955,2020,2020-05-18,3801,2020-02-20,2004,2342,NORTH,4,5,7,3801,0,0,0,,0,3E16D,"STEINER ST","FULTON ST",84.00,S,N,A,-,N,,,,,,,,,,N,4,0,1,2,A,-,11,21954,A,N,D,B,D,A,H,-,C,D,0,Y,,,,Y,Y,N,60,0,0,1,0,1,0,0,0,0,"- ","- ",,,"SAN FRANCISCO","SAN FRANCISCO",-122.43316650390625,37.777263641357422
9074958,2020,2020-05-19,3801,2020-02-21,0719,893,INGLE,5,5,7,3801,0,0,0,,0,3H13A,"MISSION ST","TRUMBULL ST",0.00,,Y,A,-,N,,,,,,,,,,N,3,0,1,2,A,-,12,21453,A,N,D,B,B,A,H,-,A,A,0,Y,,,,Y,Y,M,94,0,1,0,0,0,0,0,0,0,"- ","- ",,,"SAN FRANCISCO","SAN FRANCISCO",-122.42925262451172,37.730781555175781
9074959,2020,2020-05-18,3801,2020-03-01,2050,417,TARAV,7,5,7,3801,0,0,0,,0,3I16D,"SAN JOSE AV","SAN JOSE AV  2640",0.00,,N,A,-,N,,,,,,,,,,Y,3,0,1,2,A,-,11,21954,A,N,G,B,D,A,H,-,C,D,0,Y,,,,Y,,N,60,0,1,0,0,1,0,0,0,0,"- ","- ",,,"SAN FRANCISCO","SAN FRANCISCO",,
9074973,2020,2020-03-25,3801,2020-02-28,1028,4286,RICHM,5,5,7,3801,0,0,0,,0,0G5,"FULTON ST","34TH AV",10.00,S,N,A,-,N,,,,,,,,,,N,3,0,1,2,A,-,10,21950,A,N,B,B,-,A,H,-,A,D,0,Y,,,,Y,,A,01,0,1,0,0,1,0,0,0,0,"- ","- ",,,"SAN FRANCISCO","SAN FRANCISCO",-122.49382781982422,37.772140502929688
9074975,2020,2020-05-20,3801,2020-02-15,1030,4132,MISSI,6,5,7,3801,0,0,0,,0,5CAR,"15TH ST","STEVENSON ST",44.00,E,N,A,-,N,,,,,,,,,,N,4,0,1,2,A,-,11,21955,,N,G,B,D,A,H,-,A,D,0,Y,,,,Y,,N,60,0,0,1,0,1,0,0,0,0,"- ","- ",,,"SAN FRANCISCO","SAN FRANCISCO",,
9074978,2020,2020-05-15,3801,2020-02-05,0953,1860,TARAV,3,5,7,3801,0,0,0,,0,3I13A,"LINCOLN WY","41ST AV",0.00,,Y,A,-,N,,,,,,,,,,N,4,0,1,2,A,-,11,21950,B,N,A,B,B,A,H,-,A,D,0,Y,,,,Y,,N,60,0,0,1,0,1,0,0,0,0,"- ","- ",,,"SAN FRANCISCO","SAN FRANCISCO",-122.50084686279297,37.764408111572266
9074981,2020,2020-03-25,3801,2020-02-26,0834,2488,BAYVI,3,5,7,3801,0,0,0,,0,3C15A,"FELTON ST","CAMBRIDGE ST",0.00,,Y,A,-,N,,,,,,,,,,N,3,0,1,2,A,-,09,21801,A,N,G,B,B,A,H,-,A,D,0,Y,,,,Y,,A,01,0,1,0,0,1,0,0,0,0,"- ","- ",,,"SAN FRANCISCO","SAN FRANCISCO",-122.41840362548828,37.726428985595703
9074982,2020,2020-05-15,3801,2020-02-28,1350,4022,TARAV,5,5,7,3801,0,0,0,,0,3I11A,"12TH AV","NORIEGA ST",15.00,N,N,A,-,N,,,,,,,,,,N,2,0,1,3,A,-,21,22106,,N,G,B,E,A,H,-,A,D,0,Y,,,,Y,,A,01,1,0,0,0,1,0,0,0,0,"- ","- ",,,"SAN FRANCISCO","SAN FRANCISCO",-122.46894836425781,37.755279541015625
9074984,2020,2020-05-16,3801,2020-02-28,2118,875,CENTR,5,5,7,3801,0,0,0,,0,3A14E,"KEARRY ST","GEARY ST",0.00,,Y,A,-,N,,,,,,,,,,N,4,0,1,2,A,-,08,22107,,N,C,G,A,A,H,-,C,A,0,,Y,Y,,Y,,L,04,0,0,1,0,0,0,1,0,0,"- ","- ",,,"SAN FRANCISCO","SAN FRANCISCO",-122.40351104736328,37.787948608398438
9074986,2020,2020-05-15,3801,2020-02-08,1307,2453,BAYVI,6,5,7,3801,0,0,0,,0,3C13A,"ILLINOIS ST","AMADOR ST",0.00,,Y,A,-,N,,,,,,,,,,N,4,0,1,2,A,-,11,21954,A,N,G,B,D,A,H,-,A,A,0,Y,,,,Y,,N,60,0,0,1,0,1,0,0,0,0,"- ","- ",,,"SAN FRANCISCO","SAN FRANCISCO",-122.38603973388672,37.745769500732422
9074993,2020,2020-03-25,3801,2020-02-24,1715,2435,MISSI,1,5,7,3801,0,0,0,,0,001,"MARKET ST","OCTAVIA ST",0.00,,Y,A,-,N,,,,,,,,,,N,3,0,1,2,A,-,17,21707,,N,H,G,A,A,G,-,A,-,0,,Y,,,Y,,A,01,0,1,0,0,0,0,1,0,0,"- ","- ",,,"SAN FRANCISCO","SAN FRANCISCO",-122.42359161376953,37.771778106689453
9074994,2020,2020-05-15,3801,2020-02-08,0556,1300,INGLE,6,5,7,3801,0,0,0,,0,3H15E,"GENEVA AV","MISSION ST",12.00,E,N,A,-,N,,,,,,,,,,N,2,0,1,2,A,-,10,21950,A,N,G,B,B,A,H,-,C,A,0,Y,,,,Y,,A,07,1,0,0,0,1,0,0,0,0,"- ","- ",,,"SAN FRANCISCO","SAN FRANCISCO",-122.44096374511719,37.716373443603516
9074995,2020,2020-05-20,3801,2020-02-03,1851,826,BAYVI,1,5,7,3801,0,0,0,,0,03C,"SAN BRUNO AV","DWIGHT ST",0.00,,Y,A,-,N,,,,,,,,,,N,3,0,2,3,A,-,10,21950,A,N,B,B,B,A,H,-,C,A,0,Y,,,,Y,,A,01,0,1,1,0,2,0,0,0,0,"- ","- ",,,"SAN FRANCISCO","SAN FRANCISCO",-122.402099609375,37.724040985107422
9074997,2020,2020-06-03,3801,2020-02-25,0953,845,TRAFF,2,5,7,3801,0,0,0,,0,4B2D,"STOCKTON ST","WASHINGTON ST",9.00,S,N,A,-,N,,,,,,,,,,N,4,0,1,2,A,-,00,21456,C,N,G,B,B,A,H,-,A,A,0,Y,,,,Y,,N,60,0,0,1,0,1,0,0,0,0,"- ","- ",,,"SAN FRANCISCO","SAN FRANCISCO",-122.40802764892578,37.794937133789062
9074998,2020,2020-05-15,3801,2020-02-07,1008,2375,RICHM,5,5,7,3801,0,0,0,,0,3G60,"BUSH ST","BRODERICK ST",11.00,E,N,A,-,N,,,,,,,,,,N,4,0,1,2,A,-,10,21950,A,N,G,B,B,A,H,-,A,A,0,Y,,,,Y,,A,01,0,0,1,0,1,0,0,0,0,"- ","- ",,,"SAN FRANCISCO","SAN FRANCISCO",-122.44169616699219,37.785964965820312
9074999,2020,2020-05-20,3801,2020-02-03,1805,4314,RICHM,1,5,7,3801,0,0,0,,0,0G3,"LAKE ST","8TH AV",23.00,W,N,A,-,N,,,,,,,,,,N,4,0,1,2,A,-,11,21954,A,N,G,B,C,A,H,-,C,D,0,Y,,,,Y,,N,60,0,0,1,0,1,0,0,0,0,"- ","- ",,,"SAN FRANCISCO","SAN FRANCISCO",-122.4669189453125,37.786567687988281
9075001,2020,2020-03-25,3801,2020-02-25,0856,1332,NORTH,2,5,7,3801,0,0,0,,0,3E16A,"POLK ST","POLK ST 1517",0.00,,Y,A,-,N,,,,,,,,,,N,3,0,1,2,A,-,17,22517,,N,H,G,A,A,H,-,A,A,0,,Y,Y,,Y,,C,06,0,1,0,0,0,0,1,0,0,"- ","- ",,,"SAN FRANCISCO","SAN FRANCISCO",,
9075002,2020,2020-05-15,3801,2020-02-07,0845,282,TARAV,5,5,7,3801,0,0,0,,0,3I41,"IRVING ST","FUNSTON AV",0.00,,Y,A,-,N,,,,,,,,,,N,3,0,1,3,A,-,10,21950,A,N,G,B,B,A,H,-,A,A,0,Y,,,,Y,,A,01,0,1,0,0,1,0,0,0,0,"- ","- ",,,"SAN FRANCISCO","SAN FRANCISCO",-122.47059631347656,37.763851165771484
9075006,2020,2020-05-15,3801,2020-02-05,0715,4132,MISSI,3,5,7,3801,0,0,0,,0,5CAR,"MISSION ST","15TH ST",0.00,,Y,-,-,N,,,,,,,,,,N,4,0,1,2,D,-,00,,,N,A,B,B,-,-,-,-,-,0,Y,,,,Y,,-,"- ",0,0,1,0,1,0,0,0,0,"- ","- ",,,"SAN FRANCISCO","SAN FRANCISCO",-122.41982269287109,37.766670227050781
9075009,2020,2020-03-25,3801,2020-02-24,1436,1052,RICHM,1,5,7,3801,0,0,0,,0,3G2C,"JOHN F KENNEDY DR","CONSERVATORY DR W",418.00,W,N,A,-,N,,,,,,,,,,N,3,0,1,2,A,-,17,21209,A,N,B,G,A,A,H,-,A,D,0,,Y,,,Y,,A,07,0,1,0,0,0,0,1,0,0,"- ","- ",,,"SAN FRANCISCO","SAN FRANCISCO",-122.46342468261719,37.772125244140625
9075013,2020,2020-03-25,3801,2020-02-24,1238,1856,SOUTH,1,5,7,3801,0,0,0,,0,0B1,"EMBARCADERO SOUTH","TOWNSEND ST",67.00,N,N,A,-,N,,,,,,,,,,N,2,0,1,2,C,-,18,,,F,G,B,E,A,H,-,A,A,0,Y,,,,Y,,-,"- ",1,0,0,0,1,0,0,0,0,"- ","- ",,,"SAN FRANCISCO","SAN FRANCISCO",-122.38816070556641,37.781967163085938