CASE_ID,ACCIDENT_YEAR,PROC_DATE,JURIS,COLLISION_DATE,COLLISION_TIME,OFFICER_ID,REPORTING_DISTRICT,DAY_OF_WEEK,CHP_SHIFT,POPULATION,CNTY_CITY_LOC,SPECIAL_COND,BEAT_TYPE,CHP_BEAT_TYPE,CITY_DIVISION_LAPD,CHP_BEAT_CLASS,BEAT_NUMBER,PRIMARY_RD,SECONDARY_RD,DISTANCE,DIRECTION,INTERSECTION,WEATHER_1,WEATHER_2,STATE_HWY_IND,CALTRANS_COUNTY,CALTRANS_DISTRICT,STATE_ROUTE,ROUTE_SUFFIX,POSTMILE_PREFIX,POSTMILE,LOCATION_TYPE,RAMP_INTERSECTION,SIDE_OF_HWY,TOW_AWAY,COLLISION_SEVERITY,NUMBER_KILLED,NUMBER_INJURED,PARTY_COUNT,PRIMARY_COLL_FACTOR,PCF_CODE_OF_VIOL,PCF_VIOL_CATEGORY,PCF_VIOLATION,PCF_VIOL_SUBSECTION,HIT_AND_RUN,TYPE_OF_COLLISION,MVIW,PED_ACTION,ROAD_SURFACE,ROAD_COND_1,ROAD_COND_2,LIGHTING,CONTROL_DEVICE,CHP_ROAD_TYPE,PEDESTRIAN_ACCIDENT,BICYCLE_ACCIDENT,MOTORCYCLE_ACCIDENT,TRUCK_ACCIDENT,NOT_PRIVATE_PROPERTY,ALCOHOL_INVOLVED,STWD_VEHTYPE_AT_FAULT,CHP_VEHTYPE_AT_FAULT,COUNT_SEVERE_INJ,COUNT_VISIBLE_INJ,COUNT_COMPLAINT_PAIN,COUNT_PED_KILLED,COUNT_PED_INJURED,COUNT_BICYCLIST_KILLED,COUNT_BICYCLIST_INJURED,COUNT_MC_KILLED,COUNT_MC_INJURED,PRIMARY_RAMP,SECONDARY_RAMP,LATITUDE,LONGITUDE,COUNTY,CITY,POINT_X,POINT_Y
9075015,2020,2020-05-20,3801,2020-02-03,1411,1279,BAYVI,1,5,7,3801,0,0,0,,0,3C75,"PALOU AV","PHELPS ST",0.00,,Y,A,-,N,,,,,,,,,,N,4,0,1,2,A,-,10,21950,A,F,G,B,B,A,H,-,A,A,0,Y,,,,Y,,-,"- ",0,0,1,0,1,0,0,0,0,"- ","- ",,,"SAN FRANCISCO","SAN FRANCISCO",-122.3946533203125,37.736099243164062
9075016,2020,2020-05-16,3801,2020-02-05,1806,4003,TENDE,3,5,7,3801,0,0,0,,0,3J52C,"MCALLISTER ST","LEAVENWORTH ST",0.00,,Y,A,-,N,,,,,,,,,,N,4,0,1,2,A,-,08,22107,,F,B,G,A,A,H,-,C,A,0,,Y,,,Y,,-,,0,0,1,0,0,0,1,0,0,"- ","- ",,,"SAN FRANCISCO","SAN FRANCISCO",-122.41368865966797,37.780929565429688
9075017,2020,2020-03-25,3801,2020-02-23,1841,1784,TENDE,7,5,7,3801,0,0,0,,0,3J15D,"OFARRELL ST","POWELL ST",128.00,W,N,A,-,N,,,,,,,,,,N,4,0,1,2,A,-,11,21954,A,N,G,B,D,A,H,-,C,A,0,Y,,,,Y,,N,60,0,0,1,0,1,0,0,0,0,"- ","- ",,,"SAN FRANCISCO","SAN FRANCISCO",-122.40846252441406,37.786376953125
9075018,2020,2020-05-15,3801,2020-02-07,0038,276,NORTH,5,5,7,3801,0,0,0,,0,3E1E,"FELL ST","DIVISADERO ST",50.00,E,N,A,-,N,,,,,,,,,,N,4,0,1,2,A,-,08,22107,,F,B,G,A,A,H,-,-,A,0,,Y,,,Y,,L,04,0,0,1,0,0,0,1,0,0,"- ","- ",,,"SAN FRANCISCO","SAN FRANCISCO",-122.43743133544922,37.774082183837891
9075019,2020,2020-05-20,3801,2020-02-03,1428,1511,BAYVI,1,5,7,3801,0,0,0,,0,3C3C,"SAN BRUNO AV","WOOLSEY ST",0.00,,Y,A,-,N,,,,,,,,,,N,4,0,2,3,A,-,10,21950,A,N,G,B,B,A,H,-,A,D,0,Y,,,,Y,,A,01,0,0,2,0,2,0,0,0,0,"- ","- ",,,"SAN FRANCISCO","SAN FRANCISCO",-122.40261077880859,37.725238800048828
9075021,2020,2020-05-15,3801,2020-02-23,1430,1052,RICHM,7,5,7,3801,0,0,0,,0,3G3C,"FULTON ST","20TH AV",0.00,,Y,A,-,N,,,,,,,,,,N,3,0,1,2,A,-,10,21950,A,N,B,B,B,A,H,-,-,D,0,Y,,,,Y,,A,01,0,1,0,0,1,0,0,0,0,"- ","- ",,,"SAN FRANCISCO","SAN FRANCISCO",-122.47882843017578,37.772808074951172
9075022,2020,2020-05-15,3801,2020-02-06,1640,1784,TENDE,4,5,7,3801,0,0,0,,0,3J14D,"TAYLOR ST","GOLDEN GATE AV",85.00,N,N,A,-,N,,,,,,,,,,N,4,0,1,2,A,-,11,21954,A,N,G,B,D,A,H,-,A,D,0,Y,,,,Y,,N,60,0,0,1,0,1,0,0,0,0,"- ","- ",,,"SAN FRANCISCO","SAN FRANCISCO",-122.41066741943359,37.782627105712891
9075023,2020,2020-05-20,3801,2020-02-03,1145,142,BAYVI,1,5,7,3801,0,0,0,,0,,"CESAR CHAVEZ ST","CESAR CHAVEZ ST 1760",100.00,N,N,A,-,N,,,,,,,,,,N,4,0,1,2,-,-,"- ",,,N,G,B,E,A,H,-,A,A,0,Y,,,,Y,,-,"- ",0,0,1,0,1,0,0,0,0,"- ","- ",,,"SAN FRANCISCO","SAN FRANCISCO",,
9075024,2020,2020-05-19,3801,2020-02-05,0911,405,INGLE,3,5,7,3801,0,0,0,,0,3H60,"MISSION ST","CESAR CHAVEZ ST",190.00,S,N,A,-,N,,,,,,,,,,N,3,0,1,2,A,-,11,21955,,N,G,B,D,A,H,-,A,-,0,Y,,,,Y,,N,60,0,1,0,0,1,0,0,0,0,"- ","- ",,,"SAN FRANCISCO","SAN FRANCISCO",-122.41846466064453,37.747722625732422
9075026,2020,2020-05-15,3801,2020-02-28,0500,293,PARK,5,5,7,3801,0,0,0,,0,3F13E,"PAGE ST","COLE ST",0.00,,Y,A,-,N,,,,,,,,,,N,4,0,1,2,A,-,10,21950,A,N,G,B,B,A,H,-,C,D,0,Y,,,,Y,,A,01,0,0,1,0,1,0,0,0,0,"- ","- ",,,"SAN FRANCISCO","SAN FRANCISCO",-122.45043182373047,37.770511627197266
9075032,2020,2020-05-19,3801,2020-04-04,1140,1426,NORTH,6,5,7,3801,0,0,0,,0,3E15A,"POLK ST","VALLEJO ST",50.00,S,N,A,-,N,,,,,,,,,,N,4,0,1,2,A,-,11,21950,B,N,B,G,A,A,H,-,A,A,0,,Y,,,Y,,L,04,0,0,1,0,0,0,1,0,0,"- ","- ",,,"SAN FRANCISCO","SAN FRANCISCO",-122.42192840576172,37.7967529296875
9075033,2020,2020-05-15,3801,2020-02-29,1241,1058,INGLE,6,5,7,3801,0,0,0,,0,3H16C,"ALEMANY BL","SICKLES AV",0.00,,Y,A,-,N,,,,,,,,,,N,4,0,1,2,A,-,10,21950,A,N,G,B,B,A,H,-,A,A,0,Y,,,,Y,,A,01,0,0,1,0,1,0,0,0,0,"- ","- ",,,"SAN FRANCISCO","SAN FRANCISCO",-122.45491790771484,37.71051025390625
9075035,2020,2020-05-20,3801,2020-02-03,0030,483,MISSI,1,5,7,3801,0,0,0,,0,001,"VALENCIA ST","SYCAMORE ST",37.00,S,N,A,-,N,,,,,,,,,,N,2,0,1,2,A,-,03,22350,,F,G,B,E,A,H,-,C,D,0,Y,,,,Y,Y,-,,1,0,0,0,1,0,0,0,0,"- ","- ",,,"SAN FRANCISCO","SAN FRANCISCO",-122.42163848876953,37.762447357177734
9075036,2020,2020-05-19,3801,2020-02-04,1045,1053,TARAV,2,5,7,3801,0,0,0,,0,312A,"30TH AV","QUINTARA ST",8.00,S,N,A,-,N,,,,,,,,,,N,4,0,1,2,A,-,10,21950,A,N,G,B,B,A,H,-,A,-,0,Y,,,,Y,,A,01,0,0,1,0,1,0,0,0,0,"- ","- ",,,"SAN FRANCISCO","SAN FRANCISCO",-122.48787689208984,37.74810791015625
9075043,2020,2020-05-16,3801,2020-02-16,1812,172,RICHM,7,5,7,3801,0,0,0,,0,002,"ARGUELLO BL","MCALLISTER ST",0.00,,Y,A,-,N,,,,,,,,,,N,2,0,1,2,A,-,11,21954,A,N,G,B,D,A,H,-,C,D,0,Y,,,,Y,Y,N,60,1,0,0,0,1,0,0,0,0,"- ","- ",,,"SAN FRANCISCO","SAN FRANCISCO",-122.45844268798828,37.775238037109375
9075045,2020,2020-05-16,3801,2020-02-15,2127,1252,SOUTH,6,5,7,3801,0,0,0,,0,3B13E,"8TH ST","HARRISON ST",0.00,S,N,A,-,N,,,,,,,,,,N,4,0,1,2,A,-,"- ",,,N,B,B,A,A,H,-,C,A,0,,Y,,,Y,,A,01,0,0,1,0,0,0,1,0,0,"- ","- ",,,"SAN FRANCISCO","SAN FRANCISCO",-122.40853118896484,37.773761749267578
9075047,2020,2020-05-16,3801,2020-02-16,1524,899,TENDE,7,5,7,3801,0,0,0,,0,3J14D,"HYDE ST","GROVE ST",0.00,,Y,A,-,N,,,,,,,,,,N,3,0,1,2,A,-,05,21650,1,F,H,G,A,A,H,-,A,D,0,,Y,,,Y,,L,04,0,1,0,0,0,0,1,0,0,"- ","- ",,,"SAN FRANCISCO","SAN FRANCISCO",-122.41490173339844,37.778858184814453
9075048,2020,2020-05-16,3801,2020-02-18,1718,899,TENDE,2,5,7,3801,0,0,0,,0,3J12D,"CYRIL MAGNIN ST","MARKET ST",0.00,,Y,A,-,N,,,,,,,,,,N,4,0,1,2,A,-,12,21453,A,N,H,G,A,A,H,-,A,A,0,,Y,,,Y,,L,04,0,0,1,0,0,0,1,0,0,"- ","- ",,,"SAN FRANCISCO","SAN FRANCISCO",-122.40805816650391,37.784000396728516
9075050,2020,2020-05-16,3801,2020-02-21,2100,2419,RICHM,5,5,7,3801,0,0,0,,0,0G4,"GEARY BL","27TH AV",0.00,,Y,A,-,N,,,,,,,,,,N,4,0,1,2,A,-,10,21950,A,N,G,B,B,A,H,-,C,A,0,Y,,,,Y,,-,,0,0,1,0,1,0,0,0,0,"- ","- ",,,"SAN FRANCISCO","SAN FRANCISCO",-122.48689270019531,37.780048370361328
9075051,2020,2020-05-16,3801,2020-02-16,1445,524,INGLE,7,5,7,3801,0,0,0,,0,3H13,"DIAMOND HEIGHTS BL","DIAMOND ST",0.00,,Y,A,-,N,,,,,,,,,,N,4,0,1,2,A,-,10,21950,A,F,G,B,B,A,H,-,-,A,0,Y,,,,Y,,A,01,0,0,1,0,1,0,0,0,0,"- ","- ",,,"SAN FRANCISCO","SAN FRANCISCO",-122.43734741210938,37.738300323486328
9075053,2020,2020-05-16,3801,2020-02-29,1945,595,INGLE,6,5,7,3801,0,0,0,,0,3H15D,"GENEVA AV","NAPLES ST",0.00,,Y,A,G,N,,,,,,,,,,N,4,0,1,2,A,-,10,21950,A,N,-,B,B,A,H,-,C,A,0,Y,,,,Y,,-,"- ",0,0,1,0,1,0,0,0,0,"- ","- ",,,"SAN FRANCISCO","SAN FRANCISCO",-122.43618774414062,37.714210510253906
9075054,2020,2020-05-16,3801,2020-02-21,1951,1613,MISIS,5,5,7,3801,0,0,0,,0,003,"CAPP ST","21ST ST",240.00,S,N,A,-,N,,,,,,,,,,N,2,0,2,3,A,-,03,22350,,F,A,B,D,A,H,-,D,D,0,Y,,,,Y,,A,01,1,0,1,0,2,0,0,0,0,"- ","- ",,,"SAN FRANCISCO","SAN FRANCISCO",-122.41774749755859,37.756423950195312
9075058,2020,2020-05-16,3801,2020-02-21,1946,1906,NORTH,5,5,7,3801,0,0,0,,0,3E11D,"BUCHANAN ST","HAYES ST",0.00,,Y,A,-,N,,,,,,,,,,N,3,0,1,2,A,-,10,21950,A,N,D,B,B,A,H,-,C,A,0,Y,,,,Y,,A,01,0,1,0,0,1,0,0,0,0,"- ","- ",,,"SAN FRANCISCO","SAN FRANCISCO",-122.42790222167969,37.776248931884766
9075059,2020,2020-05-16,3801,2020-02-14,1325,196,CENTR,5,5,7,3801,0,0,0,,0,3A13A,"VALLEJO ST","STOCKTON ST",0.00,,Y,A,-,N,,,,,,,,,,N,3,0,1,2,A,-,11,21950,B,N,G,B,B,A,A,-,A,A,0,Y,,,,Y,,N,60,0,1,0,0,1,0,0,0,0,"- ","- ",,,"SAN FRANCISCO","SAN FRANCISCO",-122.40878295898438,37.798591613769531
9075060,2020,2020-05-16,3801,2020-02-18,1358,2210,SOUTH,2,5,7,3801,0,0,0,,0,0B5,"GENE FRIEND WY","B ST",22.00,E,N,A,-,N,,,,,,,,,,N,4,0,1,2,A,-,08,22107,,F,D,G,A,A,H,-,A,D,0,,Y,,,Y,Y,A,01,0,0,1,0,0,0,1,0,0,"- ","- ",,,"SAN FRANCISCO","SAN FRANCISCO",,
9075061,2020,2020-05-16,3801,2020-02-20,1545,1462,MISSI,4,5,7,3801,0,0,0,,0,3D16D,"OFARRELL ST","SCOTT ST",0.00,,Y,A,-,N,,,,,,,,,,N,3,0,1,2,D,-,00,,,M,G,B,E,A,G,-,A,-,0,Y,,,,Y,,-,"- ",0,1,0,0,1,0,0,0,0,"- ","- ",,,"SAN FRANCISCO","SAN FRANCISCO",-122.4376220703125,37.782649993896484
9075062,2020,2020-05-16,3801,2020-02-21,1812,1014,CETNR,5,5,7,3801,0,0,0,,0,3A40D,"BAY ST","POLK ST",0.00,,Y,A,-,N,,,,,,,,,,N,3,0,1,2,A,-,11,21954,A,N,G,B,B,A,H,-,C,A,0,Y,,,,Y,Y,A,01,0,1,0,0,1,0,0,0,0,"- ","- ",,,"SAN FRANCISCO","SAN FRANCISCO",-122.42344665527344,37.804359436035156
9075063,2020,2020-05-16,3801,2020-02-14,0739,1325,TENDE,5,5,7,3801,0,0,0,,0,3J1A,"MARKET ST","5TH ST",0.00,,Y,A,-,N,,,,,,,,,,N,4,0,1,2,A,-,05,21650,,N,D,G,A,A,H,-,A,A,0,,Y,,,Y,,L,04,0,0,1,0,0,0,1,0,0,"- ","- ",,,"SAN FRANCISCO","SAN FRANCISCO",-122.40805816650391,37.784000396728516
9075065,2020,2020-05-16,3801,2020-02-27,1815,417,TARAV,4,5,7,3801,0,0,0,,0,3I16D,"BROAD ST","CAPITOL AV",0.00,,Y,A,-,N,,,,,,,,,,N,4,0,1,2,A,-,10,21950,A,F,G,B,B,A,H,-,C,A,0,Y,,,,Y,,A,01,0,0,1,0,1,0,0,0,0,"- ","- ",,,"SAN FRANCISCO","SAN FRANCISCO",-122.45903778076172,37.713188171386719
9075069,2020,2020-05-16,3801,2020-02-27,1440,21,,4,5,7,3801,0,0,0,,0,3A44B,"KEARRY ST","COMMERCIAL ST",0.00,,Y,A,-,N,,,,,,,,,,,4,0,1,2,A,-,08,22107,,N,B,G,A,A,H,-,A,D,0,,Y,,,Y,,A,01,0,0,1,0,0,0,1,0,0,"- ","- ",,,"SAN FRANCISCO","SAN FRANCISCO",-122.40470123291016,37.794021606445312
9075073,2020,2020-05-16,3801,2020-02-27,1032,207,,4,5,7,3801,0,0,0,,0,11A,"1ST ST","STEVENSON ST",0.00,,Y,A,-,N,,,,,,,,,,N,3,0,1,2,A,-,10,21950,A,N,G,B,B,A,H,-,A,D,0,Y,Y,,,Y,,L,04,0,1,0,0,1,0,0,0,0,"- ","- ",,,"SAN FRANCISCO","SAN FRANCISCO",-122.39859771728516,37.790599822998047
9075081,2020,2020-05-16,3801,2020-02-22,2245,1534,INGLE,6,5,7,3801,0,0,0,,0,3H15E,"MUNICH ST","CORDOVA ST",0.00,,Y,A,-,N,,,,,,,,,,N,4,0,1,2,A,-,21,22106,,F,G,B,E,A,H,-,C,D,0,Y,,,,Y,,A,01,0,0,1,0,1,0,0,0,0,"- ","- ",,,"SAN FRANCISCO","SAN FRANCISCO",-122.43527984619141,37.710891723632812
9075082,2020,2020-05-16,3801,2020-02-20,1830,2008,MISSI,4,5,7,3801,0,0,0,,0,3D16D,"HARRISON ST","13TH ST",33.00,S,N,A,-,N,,,,,,,,,,N,3,0,1,2,A,-,09,21800,A,N,B,G,A,A,H,-,C,A,0,,Y,,,Y,,A,01,0,1,0,0,0,0,1,0,0,"- ","- ",,,"SAN FRANCISCO","SAN FRANCISCO",-122.41343688964844,37.769359588623047
9075083,2020,2020-05-16,3801,2020-02-13,1550,4187,NORTH,4,5,7,3801,0,0,0,,0,3E15D,"POLK ST","CALIFORNIA ST",0.00,,Y,A,-,N,,,,,,,,,,N,3,0,1,2,A,-,10,21950,A,N,G,B,B,A,H,-,A,A,0,Y,Y,,,Y,,L,04,0,1,0,0,1,0,0,0,0,"- ","- ",,,"SAN FRANCISCO","SAN FRANCISCO",-122.42067718505859,37.790569305419922
9075085,2020,2020-05-16,3801,2020-02-22,2255,2166,SOUTH,6,5,7,3801,0,0,0,,0,903,"6TH ST","BRANNAN ST",0.00,,Y,A,-,N,,,,,,,,,,N,3,0,1,2,A,-,17,21200,A,N,D,G,A,A,H,-,C,A,0,,Y,,,Y,,L,04,0,1,0,0,0,0,1,0,0,"- ","- ",,,"SAN FRANCISCO","SAN FRANCISCO",-122.40096282958984,37.774829864501953
9075089,2020,2020-05-16,3801,2020-02-22,2152,979,TENDE,6,5,7,3801,0,0,0,,0,3J11E,"11TH ST","MARKET ST",82.00,S,N,A,-,N,,,,,,,,,,N,4,0,1,2,A,-,06,21750,,F,G,B,E,A,H,-,C,A,0,Y,,,,Y,,A,01,0,0,1,0,1,0,0,0,0,"- ","- ",,,"SAN FRANCISCO","SAN FRANCISCO",-122.41850280761719,37.775440216064453
9075097,2020,2020-05-16,3801,2020-02-22,1658,1352,SOUTH,6,5,7,3801,0,0,0,,0,3B13D,"3RD ST","16TH ST",0.00,,Y,B,-,N,,,,,,,,,,N,4,0,1,2,A,-,07,21658,,N,B,G,A,A,H,-,A,A,0,,Y,,,Y,,A,01,0,0,1,0,0,0,1,0,0,"- ","- ",,,"SAN FRANCISCO","SAN FRANCISCO",-122.38921356201172,37.766941070556641
9075100,2020,2020-05-16,3801,2020-02-26,2117,1718,BAYVI,3,5,7,3801,0,0,0,,0,3C15D,"BAYSHORE BL","PAUL AV",0.00,,Y,A,-,N,,,,,,,,,,N,4,0,1,2,A,-,10,21950,A,F,G,B,B,A,H,-,C,A,0,Y,,,,Y,Y,A,01,0,0,1,0,1,0,0,0,0,"- ","- ",,,"SAN FRANCISCO","SAN FRANCISCO",-122.40078735351562,37.723609924316406
9075105,2020,2020-05-16,3801,2020-02-22,1307,1489,CENTR,6,5,7,3801,0,0,0,,0,3A11C,"GEARY ST","MASON ST",116.00,W,N,B,-,N,,,,,,,,,,N,2,0,1,3,A,-,07,21658,A,F,G,B,E,A,H,-,A,D,0,Y,,,,Y,,A,01,1,0,0,0,1,0,0,0,0,"- ","- ",,,"SAN FRANCISCO","SAN FRANCISCO",-122.41025543212891,37.787117004394531
9075108,2020,2020-05-16,3801,2020-02-26,1853,2122,MISSI,3,5,7,3801,0,0,0,,0,005,"MISSION ST","15TH ST",0.00,,Y,A,-,N,,,,,,,,,,N,3,0,1,2,A,-,05,21650,,M,D,G,A,A,H,-,C,A,0,,Y,,,Y,,L,04,0,1,0,0,0,0,1,0,0,"- ","- ",,,"SAN FRANCISCO","SAN FRANCISCO",-122.41982269287109,37.766670227050781
9075111,2020,2020-05-16,3801,2020-02-14,1907,899,TENDE,5,5,7,3801,0,0,0,,0,3J12D,"EDDY ST","TAYLOR ST",0.00,,-,A,-,N,,,,,,,,,,N,3,0,1,4,A,-,17,22517,,N,H,G,A,A,H,-,C,D,0,,Y,,,Y,Y,A,01,0,1,0,0,0,0,1,0,0,"- ","- ",,,"SAN FRANCISCO","SAN FRANCISCO",-122.41094970703125,37.784160614013672
9075112,2020,2020-05-16,3801,2020-02-26,1830,386,MISIS,3,5,7,3801,0,0,0,,0,3D16D,"HARRISON ST","17TH ST",100.00,S,N,A,-,N,,,,,,,,,,N,4,0,1,2,A,-,09,21801,A,N,D,G,A,A,H,-,A,D,0,,Y,,,Y,,A,01,0,0,1,0,0,0,1,0,0,"- ","- ",,,"SAN FRANCISCO","SAN FRANCISCO",-122.41298675537109,37.763816833496094
9075129,2020,2020-05-16,3801,2020-02-19,2018,2132,MISSI,3,5,7,3801,0,0,0,,0,3D62,"VALENCIA ST","18TH ST",0.00,,Y,A,-,N,,,,,,,,,,N,3,0,1,2,A,-,03,22350,,N,C,G,A,A,H,-,C,A,0,,Y,,,Y,,L,04,0,1,0,0,0,0,1,0,0,"- ","- ",,,"SAN FRANCISCO","SAN FRANCISCO",-122.42156219482422,37.761711120605469
9075133,2020,2020-05-16,3801,2020-02-19,1849,1184,TENDE,3,5,7,3801,0,0,0,,0,3J54C,"MCALLISTER ST","LARKIN ST",0.00,,Y,A,-,N,,,,,,,,,,N,3,0,1,2,A,-,09,21801,A,F,D,G,A,A,H,-,C,A,0,,Y,,,Y,,A,01,0,1,0,0,0,0,1,0,0,"- ","- ",,,"SAN FRANCISCO","SAN FRANCISCO",-122.41693878173828,37.780498504638672
9075145,2020,2020-05-16,3801,2020-02-11,0815,2445,SOUTE,2,5,7,3801,0,0,0,,0,3B13A,"MARKET ST","GUERRERO ST",0.00,,Y,A,-,N,,,,,,,,,,N,3,0,1,2,A,-,03,22350,,N,D,G,A,A,H,-,A,A,0,,Y,,,Y,,L,04,0,1,0,0,0,0,1,0,0,"- ","- ",,,"SAN FRANCISCO","SAN FRANCISCO",-122.42485809326172,37.770748138427734
9075161,2020,2020-05-18,3801,2020-02-09,0315,1286,TARAV,7,5,7,3801,0,0,0,,0,3115E,"19TH AV","JUNIPERO SERRA BL",0.00,,Y,A,-,N,,,,,,,,,,Y,2,0,1,2,A,-,11,21954,A,N,G,B,D,A,H,-,C,A,0,Y,,,,Y,Y,N,60,1,0,0,0,1,0,0,0,0,"- ","- ",,,"SAN FRANCISCO","SAN FRANCISCO",-122.47271728515625,37.717178344726562
9075177,2020,2020-05-18,3801,2020-02-19,1418,1347,SOUTH,3,5,7,3801,0,0,0,,0,001,"BRYANT ST","THE EMBARCADERO",0.00,,Y,A,-,N,,,,,,,,,,N,4,0,1,2,A,-,17,21200,A,N,D,G,A,A,H,-,A,A,0,,Y,,,Y,,L,04,0,0,1,0,0,0,1,0,0,"- ","- ",,,"SAN FRANCISCO","SAN FRANCISCO",-122.38800811767578,37.787090301513672
9075671,2020,2020-05-19,3801,2020-02-07,1600,2489,SOUTH,5,5,7,3801,0,0,0,,0,3B12D,"ESSEX ST","FOLSOM ST",0.00,,Y,A,-,N,,,,,,,,,,N,4,0,1,2,B,-,22,,,M,G,B,B,A,H,-,A,A,0,Y,,,,Y,,-,,0,0,1,0,1,0,0,0,0,"- ","- ",,,"SAN FRANCISCO","SAN FRANCISCO",-122.39569091796875,37.786380767822266
9075680,2020,2020-05-20,3801,2020-02-16,1305,4356,INGLE,7,5,7,3801,0,0,0,,0,3H15C,"MISSION ST","FRANCE AV",193.00,S,N,A,-,N,,,,,,,,,,Y,3,0,1,2,A,-,08,22107,,N,G,B,D,A,H,-,A,D,0,Y,,,,Y,,A,01,0,1,0,0,1,0,0,0,0,"- ","- ",,,"SAN FRANCISCO","SAN FRANCISCO",-122.43869018554688,37.719596862792969
9076413,2020,2020-10-02,3801,2020-02-15,2017,1872,NORTH,6,5,7,3801,0,0,0,,0,3E62,"LOMBARD ST","STEINER ST",0.00,,Y,A,-,Y,SF,4,101,-,-,7.426,I,5,N,Y,2,0,1,2,A,-,11,21453,D,N,G,B,B,A,H,-,C,A,0,Y,,,,Y,,N,60,1,0,0,0,1,0,0,0,0,"- ","- ",,,"SAN FRANCISCO","SAN FRANCISCO",-122.43772888183594,37.799701690673828
9076426,2020,2020-05-20,3801,2020-02-05,1600,302,NORTH,3,5,7,3801,0,0,0,,0,3E14D,"PIERCE ST","HAIGHT ST",0.00,,Y,A,-,N,,,,,,,,,,N,4,0,1,2,D,-,00,,,N,D,G,A,A,H,-,A,D,0,,Y,,,Y,,-,"- ",0,0,1,0,0,0,1,0,0,"- ","- ",,,"SAN FRANCISCO","SAN FRANCISCO",-122.43373107910156,37.771690368652344
9087201,2020,2020-06-16,3801,2020-03-23,1018,1102,SOUTH,1,5,7,3801,0,0,0,,0,0B1,"MISSION ST","3RD ST",0.00,,Y,A,-,N,,,,,,,,,,N,3,0,1,2,A,-,03,22350,,N,G,B,E,A,H,-,A,A,0,Y,,,,Y,,A,08,0,1,0,0,1,0,0,0,0,"- ","- ",,,"SAN FRANCISCO","SAN FRANCISCO",-122.40200042724609,37.786270141601562
9087203,2020,2020-09-02,3801,2020-03-12,1343,875,CENTR,4,5,7,3801,0,0,0,,0,3A13D,"NORTH POINT ST","MASON ST",125.00,W,N,A,-,N,,,,,,,,,,N,3,0,1,2,A,-,09,21801,A,N,D,G,A,A,H,-,C,A,0,,Y,,,Y,,A,01,0,1,0,0,0,0,1,0,0,"- ","- ",,,"SAN FRANCISCO","SAN FRANCISCO",-122.41420745849609,37.806522369384766
9087207,2020,2020-06-16,3801,2020-03-13,0030,1825,INGLE,5,5,7,3801,0,0,0,,0,3H15E,"MISSION ST","SICKLES AV",0.00,,Y,A,-,N,,,,,,,,,,N,4,0,1,2,A,-,10,21950,A,N,G,B,B,A,H,-,C,A,0,Y,,,,Y,,A,01,0,0,1,0,1,0,0,0,0,"- ","- ",,,"SAN FRANCISCO","SAN FRANCISCO",-122.4527587890625,37.70880126953125
9087208,2020,2020-06-16,3801,2020-03-13,1217,642,TARAV,5,5,7,3801,0,0,0,,0,004,"SAN LEANDRO WY","OCEAN AV",15.00,N,N,A,-,N,,,,,,,,,,N,3,0,1,2,A,-,12,21453,A,N,D,G,A,A,H,-,A,A,0,,Y,,,Y,,L,04,0,1,0,0,0,0,1,0,0,"- ","- ",,,"SAN FRANCISCO","SAN FRANCISCO",-122.46930694580078,37.730014801025391
9087212,2020,2020-06-18,3801,2020-03-13,1505,4119,TRAFF,5,5,7,3801,0,0,0,,0,,"OCEAN AVE","ASHTON AV",32.00,E,N,B,-,N,,,,,,,,,,N,2,0,1,2,A,-,00,21954,,N,H,B,D,A,H,-,A,A,0,Y,,,,Y,Y,N,60,1,0,0,0,1,0,0,0,0,"- ","- ",,,"SAN FRANCISCO","SAN FRANCISCO",-122.46216583251953,37.725242614746094
9087215,2020,2020-06-18,3801,2020-03-13,0712,1994,TRAFF,5,5,7,3801,0,0,0,,0,4BIG,"BAYSHORE BL","OAKDALE AV",4.00,N,N,A,-,N,,,,,,,,,,N,2,0,1,2,A,-,12,21453,A,F,G,B,B,A,H,-,A,A,0,Y,,,,Y,Y,A,01,1,0,0,0,1,0,0,0,0,"- ","- ",,,"SAN FRANCISCO","SAN FRANCISCO",-122.40521240234375,37.743049621582031
9087221,2020,2020-07-10,3801,2020-03-11,1718,1438,INGLE,3,5,7,3801,0,0,0,,0,1CAR,"CORTLAND AV","PRENTISS ST",0.00,,Y,A,-,N,,,,,,,,,,N,4,0,1,2,D,-,00,,,N,A,B,E,A,H,-,A,D,0,Y,,,,Y,,-,"- ",0,0,1,0,1,0,0,0,0,"- ","- ",,,"SAN FRANCISCO","SAN FRANCISCO",-122.41207122802734,37.739681243896484