CASE_ID,ACCIDENT_YEAR,PROC_DATE,JURIS,COLLISION_DATE,COLLISION_TIME,OFFICER_ID,REPORTING_DISTRICT,DAY_OF_WEEK,CHP_SHIFT,POPULATION,CNTY_CITY_LOC,SPECIAL_COND,BEAT_TYPE,CHP_BEAT_TYPE,CITY_DIVISION_LAPD,CHP_BEAT_CLASS,BEAT_NUMBER,PRIMARY_RD,SECONDARY_RD,DISTANCE,DIRECTION,INTERSECTION,WEATHER_1,WEATHER_2,STATE_HWY_IND,CALTRANS_COUNTY,CALTRANS_DISTRICT,STATE_ROUTE,ROUTE_SUFFIX,POSTMILE_PREFIX,POSTMILE,LOCATION_TYPE,RAMP_INTERSECTION,SIDE_OF_HWY,TOW_AWAY,COLLISION_SEVERITY,NUMBER_KILLED,NUMBER_INJURED,PARTY_COUNT,PRIMARY_COLL_FACTOR,PCF_CODE_OF_VIOL,PCF_VIOL_CATEGORY,PCF_VIOLATION,PCF_VIOL_SUBSECTION,HIT_AND_RUN,TYPE_OF_COLLISION,MVIW,PED_ACTION,ROAD_SURFACE,ROAD_COND_1,ROAD_COND_2,LIGHTING,CONTROL_DEVICE,CHP_ROAD_TYPE,PEDESTRIAN_ACCIDENT,BICYCLE_ACCIDENT,MOTORCYCLE_ACCIDENT,TRUCK_ACCIDENT,NOT_PRIVATE_PROPERTY,ALCOHOL_INVOLVED,STWD_VEHTYPE_AT_FAULT,CHP_VEHTYPE_AT_FAULT,COUNT_SEVERE_INJ,COUNT_VISIBLE_INJ,COUNT_COMPLAINT_PAIN,COUNT_PED_KILLED,COUNT_PED_INJURED,COUNT_BICYCLIST_KILLED,COUNT_BICYCLIST_INJURED,COUNT_MC_KILLED,COUNT_MC_INJURED,PRIMARY_RAMP,SECONDARY_RAMP,LATITUDE,LONGITUDE,COUNTY,CITY,POINT_X,POINT_Y
9087224,2020,2020-07-10,3801,2020-03-24,1630,1772,MISSI,2,5,7,3801,0,0,0,,0,3D11D,"MISSION ST","ERIE ST",96.00,N,N,B,-,N,,,,,,,,,,N,3,0,1,2,A,-,17,22517,,N,H,G,A,B,H,-,A,D,0,,Y,,,Y,,A,01,0,1,0,0,0,0,1,0,0,"- ","- ",,,"SAN FRANCISCO","SAN FRANCISCO",-122.42000579833984,37.769332885742188
9087225,2020,2020-07-10,3801,2020-03-11,1748,887,SOUTH,3,5,7,3801,0,0,0,,0,3B14D,"HOWARD ST","11TH ST",0.00,,Y,A,-,N,,,,,,,,,,N,4,0,1,2,A,-,08,22107,,N,C,G,A,A,H,-,A,A,0,,Y,,,Y,,A,01,0,0,1,0,0,0,1,0,0,"- ","- ",,,"SAN FRANCISCO","SAN FRANCISCO",-122.41557312011719,37.773120880126953
9087227,2020,2020-07-10,3801,2020-03-16,1715,671,CENTR,1,5,7,3801,0,0,0,,0,3A13D,"POST ST","HYDE ST",20.00,E,N,A,-,N,,,,,,,,,,N,4,0,1,2,A,-,17,21663,,F,G,B,F,A,H,-,A,A,0,Y,,,,Y,,A,01,0,0,1,0,1,0,0,0,0,"- ","- ",,,"SAN FRANCISCO","SAN FRANCISCO",-122.41654968261719,37.787258148193359
9087230,2020,2020-07-10,3801,2020-03-18,1706,1039,MISSI,3,5,7,3801,0,0,0,,0,003,"21ST ST","CAPP ST",0.00,,Y,A,-,N,,,,,,,,,,Y,4,0,1,2,A,-,12,22450,A,N,G,B,B,A,H,-,A,D,0,Y,,,,Y,,A,01,0,0,1,0,1,0,0,0,0,"- ","- ",,,"SAN FRANCISCO","SAN FRANCISCO",-122.41780853271484,37.757080078125
9087232,2020,2020-07-10,3801,2020-03-14,1510,2443,BAYVI,6,5,7,3801,0,0,0,,0,901,"GIRARD ST","WOOLSEY ST",0.00,,Y,B,-,N,,,,,,,,,,N,4,0,1,2,A,-,12,22450,,N,D,G,-,B,-,-,A,A,0,Y,,,,Y,,A,01,0,0,1,0,1,0,0,0,0,"- ","- ",,,"SAN FRANCISCO","SAN FRANCISCO",-122.40360260009766,37.724971771240234
9087240,2020,2020-07-10,3801,2020-03-14,2033,4178,TRAFF,6,5,7,3801,0,0,0,,0,4B3A,"TURK ST","LARKIN ST",11.00,W,N,B,-,N,,,,,,,,,,N,2,0,2,3,A,-,10,21950,A,N,G,B,B,B,H,-,C,A,0,Y,,,,Y,,A,08,1,0,1,0,2,0,0,0,0,"- ","- ",,,"SAN FRANCISCO","SAN FRANCISCO",-122.41738128662109,37.782375335693359
9087241,2020,2020-06-17,3801,2020-03-15,0132,2249,TENDE,7,5,7,3801,0,0,0,,0,3J13E,"EDDY ST","TAYLOR ST",0.00,,Y,A,-,N,,,,,,,,,,N,4,0,1,2,A,-,11,21453,D,N,G,B,B,B,H,-,C,A,0,Y,,,,Y,,N,60,0,0,1,0,1,0,0,0,0,"- ","- ",,,"SAN FRANCISCO","SAN FRANCISCO",-122.41094970703125,37.784160614013672
9087245,2020,2020-06-17,3801,2020-03-06,1123,1489,CENTR,5,5,7,3801,0,0,0,,0,3A13C,"LEAVENWORTH ST","GREEN ST",0.00,,Y,B,-,N,,,,,,,,,,N,4,0,1,2,A,-,10,21950,A,N,G,B,B,A,H,-,A,A,0,Y,,,,Y,,A,01,0,0,1,0,1,0,0,0,0,"- ","- ",,,"SAN FRANCISCO","SAN FRANCISCO",-122.41722869873047,37.798480987548828
9087246,2020,2020-06-17,3801,2020-03-07,0748,4270,NORTH,6,5,7,3801,0,0,0,,0,3E14A,"POST ST","FILLMORE ST",0.00,,Y,C,-,N,,,,,,,,,,N,3,0,1,3,A,-,09,21801,A,N,G,B,B,B,H,-,A,A,0,Y,,,,Y,,A,01,0,1,0,0,1,0,0,0,0,"- ","- ",,,"SAN FRANCISCO","SAN FRANCISCO",-122.43308258056641,37.785160064697266
9087247,2020,2020-06-17,3801,2020-03-03,1122,1043,TRAFF,2,5,7,3801,0,0,0,,0,4B2C,"TAYLOR ST","ELLIS ST",74.00,S,N,A,-,N,,,,,,,,,,Y,4,0,2,4,C,-,18,,,N,B,B,D,A,H,-,A,A,0,Y,,,,Y,,-,"- ",0,0,2,0,1,0,0,0,0,"- ","- ",,,"SAN FRANCISCO","SAN FRANCISCO",-122.41109466552734,37.784900665283203
9087250,2020,2020-06-17,3801,2020-03-07,1815,2494,MISSI,6,5,7,3801,0,0,0,,0,3D11D,"VALENCIA ST","CUNINGHAM PL",0.00,,Y,A,-,N,,,,,,,,,,N,4,0,1,2,A,-,08,22107,,N,H,G,A,A,H,-,A,D,0,,Y,,,Y,,A,01,0,0,1,0,0,0,1,0,0,"- ","- ",,,"SAN FRANCISCO","SAN FRANCISCO",-122.42134094238281,37.759380340576172
9087252,2020,2020-06-17,3801,2020-03-02,0800,2354,TARAV,1,5,7,3801,0,0,0,,0,2CAR,"ULLOA ST","30TH ST",0.00,,Y,F,-,N,,,,,,,,,,N,4,0,1,2,A,-,10,21950,A,M,G,B,B,-,G,-,A,B,0,Y,,,,Y,,A,01,0,0,1,0,1,0,0,0,0,"- ","- ",,,"SAN FRANCISCO","SAN FRANCISCO",-122.48735809326172,37.74066162109375
9087255,2020,2020-06-17,3801,2020-03-03,0617,2196,TENDE,2,5,7,3801,0,0,0,,0,3J13A,"HYDE ST","TURK ST",0.00,,Y,A,-,N,,,,,,,,,,Y,2,0,2,3,A,-,08,22101,D,F,G,B,B,A,H,-,B,A,0,Y,,,,Y,,A,01,2,0,0,0,2,0,0,0,0,"- ","- ",,,"SAN FRANCISCO","SAN FRANCISCO",-122.41568756103516,37.782569885253906
9087257,2020,2020-06-17,3801,2020-03-06,2105,4314,RICHM,5,5,7,3801,0,0,0,,0,0G4,"FULTON ST","20TH AV",14.00,E,N,B,-,N,,,,,,,,,,N,2,0,1,2,A,-,10,21950,A,N,G,B,B,B,H,-,C,A,0,Y,,,,Y,Y,A,01,1,0,0,0,1,0,0,0,0,"- ","- ",,,"SAN FRANCISCO","SAN FRANCISCO",-122.47878265380859,37.772811889648438
9087258,2020,2020-06-17,3801,2020-03-08,1300,878,CENTR,7,5,7,3801,0,0,0,,0,3A14C,"PACIFIC AV","POWELL ST",0.00,,Y,A,-,N,,,,,,,,,,N,4,0,1,2,A,-,10,21950,A,N,G,B,B,-,H,-,A,A,0,Y,,,,Y,,A,08,0,0,1,0,1,0,0,0,0,"- ","- ",,,"SAN FRANCISCO","SAN FRANCISCO",-122.41005706787109,37.7965087890625
9087259,2020,2020-06-17,3801,2020-03-02,1938,1350,BAYVI,1,5,7,3801,0,0,0,,0,3C44C,"PAUL AV","SAN BRUNO AV",0.00,,Y,A,-,N,,,,,,,,,,N,4,0,1,2,A,-,10,21950,A,F,G,B,B,A,H,-,C,A,0,Y,,,,Y,,-,,0,0,1,0,1,0,0,0,0,"- ","- ",,,"SAN FRANCISCO","SAN FRANCISCO",-122.40204620361328,37.723918914794922
9087270,2020,2020-07-09,3801,2020-03-11,1520,1784,TENDE,3,5,7,3801,0,0,0,,0,3J4C,"POLK ST","EDDY ST",6.00,N,N,A,-,N,,,,,,,,,,N,4,0,1,2,A,-,10,21950,A,N,G,B,B,A,H,-,A,A,0,Y,,,,Y,,A,01,0,0,1,0,1,0,0,0,0,"- ","- ",,,"SAN FRANCISCO","SAN FRANCISCO",-122.41918182373047,37.783096313476562
9087276,2020,2020-07-09,3801,2020-03-09,1220,282,TARAV,1,5,7,3801,0,0,0,,0,3I41,"IRVING ST","IRVING ST 1905",0.00,,Y,A,-,N,,,,,,,,,,N,3,0,1,2,A,-,06,21755,A,N,B,G,A,A,H,-,A,D,0,,Y,,,Y,,L,04,0,1,0,0,0,0,1,0,0,"- ","- ",,,"SAN FRANCISCO","SAN FRANCISCO",,
9087277,2020,2020-07-09,3801,2020-03-06,0650,1478,NORTH,5,5,7,3801,0,0,0,,0,0E1,"HAYES ST","SCOTT ST",0.00,,Y,A,-,N,,,,,,,,,,N,4,0,1,2,A,-,10,21950,A,F,G,B,B,A,H,-,A,A,0,Y,,,,Y,,A,01,0,0,1,0,1,0,0,0,0,"- ","- ",,,"SAN FRANCISCO","SAN FRANCISCO",-122.43614196777344,37.775199890136719
9087279,2020,2020-07-09,3801,2020-03-25,1740,2323,BAYVI,3,5,7,3801,0,0,0,,0,,"3RD ST","YOSEMITE AV",45.00,S,N,A,-,N,,,,,,,,,,N,3,0,1,2,A,-,07,21658,A,F,G,B,E,A,H,-,A,D,0,Y,,,,Y,,A,01,0,1,0,0,1,0,0,0,0,"- ","- ",,,"SAN FRANCISCO","SAN FRANCISCO",-122.39337158203125,37.727684020996094
9087280,2020,2020-07-09,3801,2020-03-09,1540,1856,SOUTH,1,5,7,3801,0,0,0,,0,3B14C,"MISSION ST","10TH ST",36.00,W,N,A,-,N,,,,,,,,,,N,4,0,1,2,A,-,21,22106,,N,G,B,E,A,H,-,A,D,0,Y,,,,Y,,A,01,0,0,1,0,1,0,0,0,0,"- ","- ",,,"SAN FRANCISCO","SAN FRANCISCO",-122.41600036621094,37.775211334228516
9087282,2020,2020-07-08,3801,2020-03-04,1858,209,NORTH,3,5,7,3801,0,0,0,,0,03E,LAGUNA,"HAIGHT ST",0.00,,Y,A,-,N,,,,,,,,,,N,4,0,1,2,A,-,10,21950,A,N,G,B,B,A,H,-,C,D,0,Y,,,,Y,,A,01,0,0,1,0,1,0,0,0,0,"- ","- ",,,"SAN FRANCISCO","SAN FRANCISCO",-122.42550659179688,37.772739410400391
9087283,2020,2020-07-08,3801,2020-03-28,2359,488,INGLE,6,5,7,3801,0,0,0,,0,,"MISSION ST","30TH ST",138.00,S,N,C,-,N,,,,,,,,,,,4,0,1,3,A,-,21,22106,,F,H,B,F,B,H,-,C,D,0,Y,,,,Y,Y,-,99,0,0,1,0,1,0,0,0,0,"- ","- ",,,"SAN FRANCISCO","SAN FRANCISCO",-122.42218780517578,37.742053985595703
9087285,2020,2020-07-08,3801,2020-03-10,1130,1875,SOUTH,2,5,7,3801,0,0,0,,0,3B60,"BRANNAN ST","DORE ST",0.00,,Y,A,-,N,,,,,,,,,,N,4,0,1,2,A,-,21,22106,,F,G,B,E,A,H,-,A,A,0,Y,,,,Y,,A,01,0,0,1,0,1,0,0,0,0,"- ","- ",,,"SAN FRANCISCO","SAN FRANCISCO",-122.40773773193359,37.76947021484375
9087286,2020,2020-07-08,3801,2020-02-28,0928,2247,SOUTH,5,5,7,3801,0,0,0,,0,,"BEALE ST","BRYANT ST",0.00,,Y,A,-,N,,,,,,,,,,N,3,0,1,2,A,-,08,22107,,N,D,G,A,A,H,-,A,D,0,,Y,,,Y,,A,01,0,1,0,0,0,0,1,0,0,"- ","- ",,,"SAN FRANCISCO","SAN FRANCISCO",-122.38968658447266,37.786220550537109
9087290,2020,2020-07-08,3801,2020-03-28,1435,834,MISSI,6,5,7,3801,0,0,0,,0,3D44C,"YORK ST","23RD ST",0.00,,Y,B,-,N,,,,,,,,,,N,3,0,1,2,A,-,12,22450,A,N,D,G,A,A,H,-,A,A,0,,Y,,,Y,,L,04,0,1,0,0,0,0,1,0,0,"- ","- ",,,"SAN FRANCISCO","SAN FRANCISCO",-122.40834045410156,37.754459381103516
9087291,2020,2020-07-08,3801,2020-03-01,0600,2337,INGLE,7,5,7,3801,0,0,0,,0,3H1A,"CORTLAND AV","HILTON ST",105.00,W,N,A,-,N,,,,,,,,,,N,4,0,1,2,A,-,11,21955,,F,G,B,D,A,H,-,D,D,0,Y,,,,Y,Y,N,60,0,0,1,0,1,0,0,0,0,"- ","- ",,,"SAN FRANCISCO","SAN FRANCISCO",-122.40803527832031,37.739631652832031
9087292,2020,2020-07-08,3801,2020-03-26,1602,4023,MISSI,4,5,7,3801,0,0,0,,0,3D13C,"MISSION ST","20TH ST",0.00,,Y,A,-,N,,,,,,,,,,Y,3,0,1,2,A,-,03,22350,,N,C,G,A,A,H,-,A,A,0,,Y,,,Y,,A,01,0,1,0,0,0,0,1,0,0,"- ","- ",,,"SAN FRANCISCO","SAN FRANCISCO",-122.41903686523438,37.758628845214844
9087296,2020,2020-07-08,3801,2020-03-09,1650,302,NORTH,1,5,7,3801,0,0,0,,0,3E14D,CLAY,"DIVISADERO ST",0.00,,Y,A,-,N,,,,,,,,,,N,4,0,1,2,A,-,09,21800,A,N,D,G,A,A,H,-,A,D,0,,Y,,,Y,,A,01,0,0,1,0,0,0,1,0,0,"- ","- ",,,"SAN FRANCISCO","SAN FRANCISCO",-122.44081115722656,37.789871215820312
9087297,2020,2020-07-08,3801,2020-03-10,1723,2200,NORTH,2,5,7,3801,0,0,0,,0,001,"POLK ST","MARKET ST",110.00,N,N,A,-,N,,,,,,,,,,N,4,0,1,2,A,-,11,21955,,N,G,B,D,A,H,-,A,D,0,Y,Y,,,Y,,N,60,0,0,1,0,1,0,0,0,0,"- ","- ",,,"SAN FRANCISCO","SAN FRANCISCO",-122.41782379150391,37.776725769042969
9092195,2020,2021-08-03,3801,2020-02-01,1034,1730,TRAFF,6,5,7,3801,0,0,0,,0,4B1H,"RIVERA ST","42ND AV",0.00,,Y,A,-,N,,,,,,,,,,N,2,0,1,2,A,-,09,21802,B,N,D,G,A,A,H,-,A,A,0,,Y,,,Y,,-,,1,0,0,0,0,0,1,0,0,"- ","- ",,,"SAN FRANCISCO","SAN FRANCISCO",-122.50057983398438,37.745689392089844
9092346,2020,2020-07-08,3801,2020-03-04,0900,1823,NORTH,3,5,7,3801,0,0,0,,0,3E14A,"FILLMORE ST","SUTTER ST",0.00,,Y,A,-,N,,,,,,,,,,N,4,0,1,2,A,-,10,21950,A,N,A,B,B,A,H,-,A,A,0,Y,,,,Y,,A,01,0,0,1,0,1,0,0,0,0,"- ","- ",,,"SAN FRANCISCO","SAN FRANCISCO",-122.43327331542969,37.786090850830078
9092347,2020,2020-07-08,3801,2020-03-04,0755,1917,TARA,3,5,7,3801,0,0,0,,0,3I16A,"BROAD ST","CAPITOL AV",0.00,,Y,A,-,N,,,,,,,,,,N,3,0,1,2,A,-,10,21950,A,N,G,B,B,A,H,-,A,A,0,Y,,,,Y,,A,01,0,1,0,0,1,0,0,0,0,"- ","- ",,,"SAN FRANCISCO","SAN FRANCISCO",-122.45903778076172,37.713188171386719
9092348,2020,2020-07-08,3801,2020-03-03,2105,969,MISSI,2,5,7,3801,0,0,0,,0,3D16E,"16TH ST","BRYANT ST",0.00,,Y,A,-,N,,,,,,,,,,N,2,0,1,2,A,-,11,21456,,N,G,B,B,-,H,-,C,A,0,Y,,,,Y,,N,60,1,0,0,0,1,0,0,0,0,"- ","- ",,,"SAN FRANCISCO","SAN FRANCISCO",-122.4105224609375,37.765590667724609
9092352,2020,2020-07-08,3801,2020-03-03,1650,4095,TARAV,2,5,7,3801,0,0,0,,0,006,"HOLLOWAY AV","CAPITOL AV",0.00,,Y,A,-,N,,,,,,,,,,N,4,0,1,2,A,-,10,21950,A,N,G,B,B,A,H,-,A,A,0,Y,,,,Y,,A,07,0,0,1,0,1,0,0,0,0,"- ","- ",,,"SAN FRANCISCO","SAN FRANCISCO",-122.45922088623047,37.721828460693359
9092353,2020,2020-07-08,3801,2020-03-03,1625,2398,RICHM,2,5,7,3801,0,0,0,,0,0G4,"29TH AV","CALIFORNIA ST",228.00,N,N,A,-,N,,,,,,,,,,,3,0,1,2,A,-,09,21804,A,M,-,G,A,-,H,-,A,D,0,,Y,,,Y,,A,01,0,1,0,0,0,0,1,0,0,"- ","- ",,,"SAN FRANCISCO","SAN FRANCISCO",-122.48932647705078,37.784305572509766
9092354,2020,2020-08-03,3801,2020-03-03,2500,327,RICHA,2,5,7,3801,0,0,0,,0,901,"ARGUELLO BL","GEARY BL",133.00,S,N,A,-,N,,,,,,,,,,N,4,0,1,2,A,-,09,21801,A,N,D,G,A,A,H,-,A,D,0,,Y,,,Y,,A,01,0,0,1,0,0,0,1,0,0,"- ","- ",,,"SAN FRANCISCO","SAN FRANCISCO",-122.45885467529297,37.780963897705078
9092355,2020,2020-07-08,3801,2020-03-03,1511,4023,MISSI,2,5,7,3801,0,0,0,,0,3D45C,"22ND ST","POTRERO AV",0.00,,Y,A,-,N,,,,,,,,,,N,3,0,1,2,A,-,10,21950,A,N,G,B,B,A,H,-,A,A,0,Y,,,,Y,,A,07,0,1,0,0,1,0,0,0,0,"- ","- ",,,"SAN FRANCISCO","SAN FRANCISCO",-122.40670013427734,37.756839752197266
9092356,2020,2020-07-08,3801,2020-03-03,1202,4239,PARK,2,5,7,3801,0,0,0,,0,3F13A,"BAKER ST","FULTON ST",0.00,,Y,A,-,N,,,,,,,,,,N,3,0,1,2,A,-,08,22107,,N,D,G,A,A,H,-,A,A,0,,Y,,,Y,,L,04,0,1,0,0,0,0,1,0,0,"- ","- ",,,"SAN FRANCISCO","SAN FRANCISCO",-122.44149017333984,37.77642822265625
9092357,2020,2020-07-07,3801,2020-03-28,1400,4001,MISSI,6,5,7,3801,0,0,0,,0,3D11C,"24TH ST","MISSION ST",98.00,,N,B,-,N,,,,,,,,,,N,4,0,1,2,A,-,03,22350,,M,G,B,D,A,H,-,A,A,0,Y,,,,Y,,A,01,0,0,1,0,1,0,0,0,0,"- ","- ",,,"SAN FRANCISCO","SAN FRANCISCO",-122.41848754882812,37.75225830078125
9092361,2020,2020-07-20,3801,2020-03-26,1946,1837,BAYVI,4,5,7,3801,0,0,0,,0,901,"BAYSHORE BL","INDUSTRIAL BL",0.00,,Y,A,-,N,,,,,,,,,,N,2,0,1,2,A,-,17,21200,A,N,D,G,A,-,H,-,C,A,0,,Y,,,Y,,L,04,1,0,0,0,0,0,1,0,0,"- ","- ",,,"SAN FRANCISCO","SAN FRANCISCO",-122.40695953369141,37.737998962402344
9092362,2020,2020-07-20,3801,2020-03-04,2010,936,CENTR,3,5,7,3801,0,0,0,,0,3A13D,"GREEN ST","MASON ST",5.00,E,N,A,-,N,,,,,,,,,,N,3,0,1,2,A,-,10,21950,A,F,G,B,B,A,H,-,C,D,0,Y,,,,Y,Y,A,01,0,1,0,0,1,0,0,0,0,"- ","- ",,,"SAN FRANCISCO","SAN FRANCISCO",-122.41226959228516,37.799102783203125
9092363,2020,2020-07-20,3801,2020-03-29,1821,1116,MISSI,7,5,7,3801,0,0,0,,0,3D30,"VALENCIA ST","20TH ST",269.00,N,N,A,-,N,,,,,,,,,,N,2,0,1,2,A,-,17,21208,B,N,C,G,A,A,H,-,A,D,0,,Y,,,Y,,L,04,1,0,0,0,0,0,1,0,0,"- ","- ",,,"SAN FRANCISCO","SAN FRANCISCO",-122.42132568359375,37.759246826171875
9092364,2020,2020-07-24,3801,2020-03-08,0926,1845,SOUTH,7,5,7,3801,0,0,0,,0,901,"8TH ST","NATOMA ST",45.00,N,N,A,-,N,,,,,,,,,,N,3,0,1,2,A,-,21,22106,,M,G,B,B,A,H,-,A,A,0,Y,,,,Y,,A,01,0,1,0,0,1,0,0,0,0,"- ","- ",,,"SAN FRANCISCO","SAN FRANCISCO",-122.41223907470703,37.776748657226562
9092365,2020,2020-07-15,3801,2020-03-01,1020,381,BAYVI,7,5,7,3801,0,0,0,,0,3C12A,"PHELPS ST","GALVEZ AV",50.00,N,N,A,-,N,,,,,,,,,,Y,4,0,1,3,A,-,03,22350,A,N,B,B,E,A,H,-,A,D,0,Y,,,,Y,,A,07,0,0,1,0,1,0,0,0,0,"- ","- ",,,"SAN FRANCISCO","SAN FRANCISCO",-122.38945007324219,37.741844177246094
9092366,2020,2020-07-15,3801,2020-03-12,1104,1422,TRAFF,4,5,7,3801,0,0,0,,0,,"STEINER ST","VALLEJO ST",0.00,,Y,A,-,N,,,,,,,,,,N,4,0,1,2,A,-,10,21950,A,N,G,B,B,-,H,-,A,A,0,Y,,,,Y,,-,,0,0,1,0,1,0,0,0,0,"- ","- ",,,"SAN FRANCISCO","SAN FRANCISCO",-122.43675231933594,37.795028686523438
9092372,2020,2020-07-20,3801,2020-03-23,2352,2457,SOUTH,1,5,7,3801,0,0,0,,0,3B12E,"5TH ST","TOWNSEND ST",50.00,N,N,A,-,N,,,,,,,,,,N,4,0,1,2,D,-,00,,,N,G,B,E,-,H,-,C,D,0,Y,,,,Y,,-,"- ",0,0,1,0,1,0,0,0,0,"- ","- ",,,"SAN FRANCISCO","SAN FRANCISCO",-122.39735412597656,37.775447845458984
9100485,2020,2020-06-12,3801,2020-02-24,0930,917,TRAFF,1,5,7,3801,0,0,0,,0,4B5E,"SOUTH VAN NESS AV","HOWARD ST",40.00,S,N,A,-,N,,,,,,,,,,N,4,0,1,2,B,-,22,,,N,G,B,F,A,H,-,A,D,0,Y,,,,Y,,A,01,0,0,1,0,1,0,0,0,0,"- ","- ",,,"SAN FRANCISCO","SAN FRANCISCO",-122.41765594482422,37.770233154296875
9101223,2020,2020-10-29,3801,2020-05-16,1746,2443,BAYVI,6,5,7,3801,0,0,0,,0,3C15D,"FITZGERALD AV","KEITH  ST",22.00,E,N,A,-,N,,,,,,,,,,N,2,0,1,2,A,-,10,21954,B,N,G,B,E,A,H,-,A,A,0,Y,,,,Y,,I,20,1,0,0,0,1,0,0,0,0,"- ","- ",,,"SAN FRANCISCO","SAN FRANCISCO",-122.39498138427734,37.723014831542969
9101231,2020,2020-11-05,3801,2020-05-01,1742,564,TARAV,5,5,7,3801,0,0,0,,0,3I15D,"LAKE MERCED BL","HIGUERA AV",543.00,N,N,A,-,N,,,,,,,,,,N,4,0,1,2,D,-,00,,,F,B,G,A,A,H,-,A,D,0,,Y,,,Y,,-,"- ",0,0,1,0,0,0,1,0,0,"- ","- ",,,"SAN FRANCISCO","SAN FRANCISCO",-122.48512268066406,37.720043182373047
9101239,2020,2020-08-11,3801,2020-05-29,0555,1693,BAYVI,5,5,7,3801,0,0,0,,0,002,"JERROLD AV","SELBY ST",181.00,E,N,B,-,N,,,,,,,,,,N,4,0,1,3,A,-,21,22106,,N,G,B,F,A,H,-,A,D,0,Y,,,,Y,,-,,0,0,1,0,1,0,0,0,0,"- ","- ",,,"SAN FRANCISCO","SAN FRANCISCO",-122.396484375,37.742633819580078
9101768,2020,2020-08-03,3801,2020-04-11,1638,2408,SOUTH,6,5,7,3801,0,0,0,,0,3B14D,"9TH ST","MISSION ST",0.00,,Y,A,-,N,,,,,,,,,,Y,2,0,1,2,A,-,06,21750,A,F,B,G,A,A,H,-,A,A,0,,Y,,,Y,,A,01,1,0,0,0,0,0,0,0,0,"- ","- ",,,"SAN FRANCISCO","SAN FRANCISCO",-122.41471862792969,37.776241302490234
9101775,2020,2020-08-03,3801,2020-04-30,1336,1933,CENTR,4,5,7,3801,0,0,0,,0,3A11C,"GEARY ST","LARKIN ST",0.00,,Y,A,-,N,,,,,,,,,,N,4,0,1,2,A,-,11,21456,B,N,G,B,B,A,H,-,A,A,0,Y,,,,Y,Y,N,60,0,0,1,0,1,0,0,0,0,"- ","- ",,,"SAN FRANCISCO","SAN FRANCISCO",-122.41811370849609,37.786109924316406
9101776,2020,2020-08-03,3801,2020-04-30,1315,386,MISSI,4,5,7,3801,0,0,0,,0,3D14C,"VALENCIA ST","BROSNAN ST",0.00,,Y,A,-,N,,,,,,,,,,N,4,0,1,2,A,-,09,21801,A,N,D,G,A,A,H,-,A,D,0,,Y,,,Y,,A,01,0,0,1,0,0,0,1,0,0,"- ","- ",,,"SAN FRANCISCO","SAN FRANCISCO",-122.42224884033203,37.768768310546875
9101780,2020,2020-08-03,3801,2020-04-12,1542,WATTS,INGLE,7,5,7,3801,0,0,0,,0,3H13D,"ALEMANY BL","THERESA ST",0.00,,Y,A,-,N,,,,,,,,,,N,3,0,1,2,A,-,08,22107,,N,B,G,A,A,H,-,A,D,0,,Y,,,Y,,-,,0,1,0,0,0,0,1,0,0,"- ","- ",37.728649139404297,-122.43443298339844,"SAN FRANCISCO","SAN FRANCISCO",-122.43453216552734,37.728790283203125
9101844,2020,2020-08-11,3801,2020-04-14,1832,1750,,2,5,7,3801,0,0,0,,0,901,"JERROLD AVE","BARNEVELD ST",49.00,W,N,A,-,N,,,,,,,,,,N,4,0,1,2,A,-,17,21209,A,N,C,G,A,A,H,-,A,D,0,,Y,,,Y,,A,01,0,0,1,0,0,0,1,0,0,"- ","- ",,,"SAN FRANCISCO","SAN FRANCISCO",-122.40276336669922,37.746467590332031
9101845,2020,2020-08-03,3801,2020-04-14,0810,1688,NORTH,2,5,7,3801,0,0,0,,0,3E13A,"POLK ST",OFARRELL,14.00,N,N,A,-,N,,,,,,,,,,N,4,0,1,2,A,-,10,21950,A,N,G,B,B,A,H,-,A,A,0,Y,,,,Y,,A,08,0,0,1,0,1,0,0,0,0,"- ","- ",,,"SAN FRANCISCO","SAN FRANCISCO",-122.4195556640625,37.785007476806641
9101847,2020,2020-08-03,3801,2020-04-13,1907,2130,MISSI,1,5,7,3801,0,0,0,,0,3D11D,"MARKET ST","DOUGLASS ST",0.00,,Y,A,-,N,,,,,,,,,,N,3,0,1,2,A,-,11,21954,A,N,D,B,D,A,H,-,B,D,0,Y,,,,Y,Y,N,60,0,1,0,0,1,0,0,0,0,"- ","- ",,,"SAN FRANCISCO","SAN FRANCISCO",-122.43940734863281,37.761421203613281
9101849,2020,2020-08-03,3801,2020-04-24,2500,2419,RICHM,5,5,7,3801,0,0,0,,0,0G3,"CLEMENT ST","ARGUELLO BL",107.00,W,N,A,-,N,,,,,,,,,,N,4,0,1,2,A,-,21,22106,,N,B,G,A,A,H,-,A,D,0,,Y,,,Y,,A,01,0,0,1,0,0,0,1,0,0,"- ","- ",,,"SAN FRANCISCO","SAN FRANCISCO",-122.45938873291016,37.783172607421875