CASE_ID,ACCIDENT_YEAR,PROC_DATE,JURIS,COLLISION_DATE,COLLISION_TIME,OFFICER_ID,REPORTING_DISTRICT,DAY_OF_WEEK,CHP_SHIFT,POPULATION,CNTY_CITY_LOC,SPECIAL_COND,BEAT_TYPE,CHP_BEAT_TYPE,CITY_DIVISION_LAPD,CHP_BEAT_CLASS,BEAT_NUMBER,PRIMARY_RD,SECONDARY_RD,DISTANCE,DIRECTION,INTERSECTION,WEATHER_1,WEATHER_2,STATE_HWY_IND,CALTRANS_COUNTY,CALTRANS_DISTRICT,STATE_ROUTE,ROUTE_SUFFIX,POSTMILE_PREFIX,POSTMILE,LOCATION_TYPE,RAMP_INTERSECTION,SIDE_OF_HWY,TOW_AWAY,COLLISION_SEVERITY,NUMBER_KILLED,NUMBER_INJURED,PARTY_COUNT,PRIMARY_COLL_FACTOR,PCF_CODE_OF_VIOL,PCF_VIOL_CATEGORY,PCF_VIOLATION,PCF_VIOL_SUBSECTION,HIT_AND_RUN,TYPE_OF_COLLISION,MVIW,PED_ACTION,ROAD_SURFACE,ROAD_COND_1,ROAD_COND_2,LIGHTING,CONTROL_DEVICE,CHP_ROAD_TYPE,PEDESTRIAN_ACCIDENT,BICYCLE_ACCIDENT,MOTORCYCLE_ACCIDENT,TRUCK_ACCIDENT,NOT_PRIVATE_PROPERTY,ALCOHOL_INVOLVED,STWD_VEHTYPE_AT_FAULT,CHP_VEHTYPE_AT_FAULT,COUNT_SEVERE_INJ,COUNT_VISIBLE_INJ,COUNT_COMPLAINT_PAIN,COUNT_PED_KILLED,COUNT_PED_INJURED,COUNT_BICYCLIST_KILLED,COUNT_BICYCLIST_INJURED,COUNT_MC_KILLED,COUNT_MC_INJURED,PRIMARY_RAMP,SECONDARY_RAMP,LATITUDE,LONGITUDE,COUNTY,CITY,POINT_X,POINT_Y
9101850,2020,2020-08-03,3801,2020-04-24,1535,1736,NORTH,5,5,7,3801,0,0,0,,0,3E2D,"OFARRELL ST","DIVISADERO ST",0.00,,Y,A,-,N,,,,,,,,,,N,3,0,1,2,A,-,09,21801,A,N,D,G,A,A,H,-,A,A,0,,Y,,,Y,,A,01,0,1,0,0,0,0,1,0,0,"- ","- ",,,"SAN FRANCISCO","SAN FRANCISCO",-122.43930053710938,37.782428741455078
9101854,2020,2020-08-03,3801,2020-04-21,1858,2725,RICHM,2,5,7,3801,0,0,0,,0,,"JOHN F KENNEDY DR","MARK MEADOW SIGN",7.00,W,N,A,-,N,,,,,,,,,,N,3,0,1,2,A,-,03,22350,,N,A,G,A,A,G,-,A,D,0,,Y,,,Y,,L,04,0,1,0,0,0,0,1,0,0,"- ","- ",,,"SAN FRANCISCO","SAN FRANCISCO",,
9101856,2020,2020-08-03,3801,2020-04-19,1536,1113,PARK,7,5,7,3801,0,0,0,,0,3F2D,"FREDERICK ST","COLE ST",0.00,,Y,A,-,N,,,,,,,,,,N,4,0,1,2,A,-,21,22106,,N,D,G,A,A,H,-,A,A,0,,Y,,,Y,,A,01,0,0,1,0,0,0,1,0,0,"- ","- ",,,"SAN FRANCISCO","SAN FRANCISCO",-122.45015716552734,37.766738891601562
9101858,2020,2020-08-03,3801,2020-04-23,1441,1851,NORTH,4,5,7,3801,0,0,0,,0,3E12C,"EDDY ST","EDDY  ST 1500",0.00,,Y,A,-,N,,,,,,,,,,N,3,0,1,2,A,-,09,21801,A,N,H,G,A,A,H,-,A,D,0,,Y,,,Y,,A,01,0,1,0,0,0,0,1,0,0,"- ","- ",,,"SAN FRANCISCO","SAN FRANCISCO",,
9101860,2020,2020-08-03,3801,2020-04-23,1245,1377,INGLE,4,5,7,3801,0,0,0,,0,3H16C,"GENEVA AV","MISSION ST",0.00,,Y,A,-,N,,,,,,,,,,N,3,0,1,2,A,-,10,21950,A,N,G,B,B,A,H,-,A,A,0,Y,,,,Y,,A,07,0,1,0,0,1,0,0,0,0,"- ","- ",,,"SAN FRANCISCO","SAN FRANCISCO",-122.44100189208984,37.716388702392578
91018708,2019,2019-06-27,9350,2019-06-08,1045,022003,,6,1,7,3801,0,1,2,,1,120,"US-101 SB (GGB WEST SIDE WALK)","SOUTH TOWER OF THE GOLDEN GATE BRIDGE",50.00,N,N,A,-,N,,,101,,,,,,S,N,3,0,1,2,B,-,22,,,N,A,G,A,A,H,-,A,D,0,,Y,,,Y,,L,04,0,1,0,0,0,0,1,0,0,"- ","- ",37.81024169921875,-122.47760772705078,"SAN FRANCISCO","SAN FRANCISCO",-122.47763061523438,37.810237884521484
91025088,2019,2019-07-05,9335,2019-06-25,0705,021328,,2,1,7,3801,0,1,1,,2,023,"I-280 N/B","ST. MARY'S PARK PEDESTRIAN O/C",421.00,S,N,A,-,Y,,,280,,,,,,N,Y,2,0,1,2,A,-,11,21954,A,N,G,B,E,A,H,-,A,D,0,Y,,,,Y,,N,60,1,0,0,0,1,0,0,0,0,"- ","- ",37.731620788574219,-122.42198944091797,"SAN FRANCISCO","SAN FRANCISCO",-122.42197418212891,37.731548309326172
91031000,2019,2019-10-03,9335,2019-01-07,2345,021474,,1,3,7,3801,0,1,1,,1,083,"I-80 E/B","BEALE ST. U/C",774.00,W,N,A,-,Y,,,80,,,,,,E,N,1,1,0,6,A,-,11,21954,A,M,G,B,E,A,H,-,C,D,0,Y,,,,Y,,N,60,0,0,0,1,0,0,0,0,0,"- ","- ",37.785251617431641,-122.3922119140625,"SAN FRANCISCO","SAN FRANCISCO",-122.39218139648438,37.785198211669922
9103445,2020,2020-08-04,3801,2020-04-27,2053,1660,SOUTH,1,5,7,3801,0,0,0,,0,3B14D,"OTIS ST","MCCOPPIN ST",0.00,,Y,A,-,N,,,,,,,,,,N,4,0,1,2,C,-,18,,,N,G,B,E,A,H,-,C,A,0,Y,,,,Y,,-,"- ",0,0,1,0,1,0,0,0,0,"- ","- ",,,"SAN FRANCISCO","SAN FRANCISCO",-122.42032623291016,37.771778106689453
9103486,2020,2020-08-14,3801,2020-04-25,1441,1062,MISSI,6,5,7,3801,0,0,0,,0,3D3C,"24TH ST","MISSION ST",0.00,,Y,A,-,N,,,,,,,,,,N,4,0,1,2,A,-,00,22101,C,F,D,G,A,A,H,-,A,A,0,,Y,,,Y,,A,01,0,0,1,0,0,0,1,0,0,"- ","- ",,,"SAN FRANCISCO","SAN FRANCISCO",-122.41848754882812,37.75225830078125
9103619,2020,2020-08-03,3801,2020-04-30,1537,472,TARAV,4,5,7,3801,0,0,0,,0,3I13D,"VICENTE ST","36TH AV",0.00,,Y,A,-,N,,,,,,,,,,N,2,0,1,2,A,-,12,22450,A,N,D,G,A,A,H,-,A,A,0,,Y,,,Y,,L,04,1,0,0,0,0,0,1,0,0,"- ","- ",,,"SAN FRANCISCO","SAN FRANCISCO",-122.49365997314453,37.738529205322266
91050028,2019,2019-08-12,9335,2019-08-04,0035,022096,,7,3,7,3801,0,1,1,,2,024,"I-280 N/B TO KING STREET","5TH STREET",612.00,S,N,B,-,Y,,,,,,,,,,N,2,0,1,2,A,-,11,21954,A,N,G,B,E,A,H,-,D,D,0,Y,,,,Y,,N,60,1,0,0,0,1,0,0,0,0,"- ","- ",37.462360382080078,-122.23513031005859,"SAN FRANCISCO","SAN FRANCISCO",,
9106462,2020,2020-10-29,3801,2020-05-24,1815,1688,NORTH,7,5,7,3801,0,0,0,,0,3E15D,"OAK ST","STEINER ST",0.00,,Y,A,-,N,,,,,,,,,,N,3,0,1,2,A,-,17,21200,A,N,D,G,A,A,H,-,A,A,0,,Y,,,Y,,L,04,0,1,0,0,0,0,1,0,0,"- ","- ",,,"SAN FRANCISCO","SAN FRANCISCO",-122.43245697021484,37.773750305175781
9106463,2020,2020-10-29,3801,2020-05-24,1631,1166,TRARA,7,5,7,3801,0,0,0,,0,3I11D,"LINCOLN WY","15TH AV",0.00,,Y,A,-,N,,,,,,,,,,N,4,0,1,2,A,-,05,21650,1,N,D,G,A,A,H,-,A,D,0,,Y,,,Y,,L,04,0,0,1,0,0,0,1,0,0,"- ","- ",,,"SAN FRANCISCO","SAN FRANCISCO",-122.47292327880859,37.765640258789062
9106465,2020,2020-10-29,3801,2020-05-22,1533,274,MISSI,5,5,7,3801,0,0,0,,0,3D44C,"BRYANT ST","24TH ST",0.00,,Y,A,-,N,,,,,,,,,,N,2,0,1,2,A,-,10,21950,A,N,G,B,B,A,H,-,A,A,0,Y,,,,Y,,A,07,1,0,0,0,1,0,0,0,0,"- ","- ",,,"SAN FRANCISCO","SAN FRANCISCO",-122.40912628173828,37.752819061279297
9106466,2020,2020-10-29,3801,2020-05-22,1240,1454,MISSI,5,5,7,3801,0,0,0,,0,3D44C,"24TH ST","FLORIDA ST",0.00,,Y,A,-,N,,,,,,,,,,N,4,0,1,2,A,-,00,21960,A,N,G,B,B,A,H,-,A,D,0,Y,,,,Y,,A,07,0,0,1,0,1,0,0,0,0,"- ","- ",,,"SAN FRANCISCO","SAN FRANCISCO",-122.41004180908203,37.752761840820312
9106467,2020,2020-10-29,3801,2020-05-22,1225,2256,INGLE,5,5,7,3801,0,0,0,,0,3H11C,"ROLPH ST","CURTIS ST",150.00,W,N,A,-,N,,,,,,,,,,N,4,0,1,2,A,-,03,22350,,F,D,G,A,A,H,-,A,D,0,,Y,,,Y,,A,01,0,0,1,0,0,0,1,0,0,"- ","- ",,,"SAN FRANCISCO","SAN FRANCISCO",-122.44078063964844,37.715404510498047
9106468,2020,2020-10-29,3801,2020-05-21,1140,1720,RICHM,4,5,7,3801,0,0,0,,0,3G13E,"PRESIDIO ST","BUSH ST",0.00,,Y,A,-,N,,,,,,,,,,N,4,0,1,2,A,-,10,21950,A,N,G,B,B,A,H,-,C,A,0,Y,,,,Y,,A,01,0,0,1,0,1,0,0,0,0,"- ","- ",,,"SAN FRANCISCO","SAN FRANCISCO",-122.44641876220703,37.785369873046875
9106472,2020,2020-10-29,3801,2020-05-03,1526,1750,BAYVI,7,5,7,3801,0,0,0,,0,901,"FITZGERALD AV","INGALLS ST",110.00,W,N,A,-,N,,,,,,,,,,N,3,0,1,2,A,-,03,22350,,F,-,B,D,A,H,-,A,D,0,Y,,,,Y,,A,01,0,1,0,0,1,0,0,0,0,"- ","- ",,,"SAN FRANCISCO","SAN FRANCISCO",-122.39164733886719,37.721134185791016
9106473,2020,2020-10-29,3801,2020-05-03,1439,4324,RICHM,7,5,7,3801,0,0,0,,0,,"CALIFORNIA ST","29TH AV",0.00,,Y,A,-,N,,,,,,,,,,N,4,0,1,2,A,-,10,21950,A,N,A,B,B,A,H,-,A,A,0,Y,,,,Y,,-,,0,0,1,0,1,0,0,0,0,"- ","- ",,,"SAN FRANCISCO","SAN FRANCISCO",-122.48928070068359,37.783679962158203
9106474,2020,2020-10-29,3801,2020-05-06,1640,812,BAYVI,3,5,7,3801,0,0,0,,0,,"GOETTINGEN ST","FELTON ST",0.00,,Y,A,-,N,,,,,,,,,,N,4,0,1,2,A,-,10,21950,A,N,G,B,B,A,H,-,A,D,0,Y,,,,Y,,A,01,0,0,1,0,1,0,0,0,0,"- ","- ",,,"SAN FRANCISCO","SAN FRANCISCO",-122.40754699707031,37.729259490966797
91082392,2019,2019-09-25,9335,2019-09-16,1520,021644,,1,2,7,3801,0,1,1,,2,023,"I-280 S/B","SAN BRUNO AVE U/C",1584.00,S,N,A,-,Y,,,280,,,,,,S,N,2,0,1,2,A,-,11,21954,A,N,G,B,E,A,H,-,A,D,0,Y,,,,Y,,N,60,1,0,0,0,1,0,0,0,0,"- ","- ",37.733489990234375,-122.41221618652344,"SAN FRANCISCO","SAN FRANCISCO",-122.41220092773438,37.733455657958984
9108247,2020,2020-08-03,3801,2020-04-27,1645,2256,INGLE,1,5,7,3801,0,0,0,,0,3H16C,"ALEMANY BL","OCEAN AV",0.00,,Y,A,-,N,,,,,,,,,,N,4,0,1,2,A,-,05,21202,A,N,D,G,A,A,H,-,A,A,0,,Y,,,Y,,L,04,0,0,1,0,0,0,1,0,0,"- ","- ",,,"SAN FRANCISCO","SAN FRANCISCO",-122.43753814697266,37.723701477050781
9108250,2020,2020-08-20,3801,2020-04-26,1746,1642,TENDE,7,5,7,3801,0,0,0,,0,3J12D,"HYDE ST","HYDE ST 227",0.00,,Y,A,-,N,,,,,,,,,,N,2,0,1,2,A,-,"- ",,,F,A,B,D,A,H,-,A,A,0,Y,,,,Y,,-,"- ",1,0,0,0,1,0,0,0,0,"- ","- ",,,"SAN FRANCISCO","SAN FRANCISCO",,
9108253,2020,2020-08-03,3801,2020-04-28,1732,2450,INGLE,2,5,7,3801,0,0,0,,0,3H11C,"VALENCIA ST","17TH ST",76.00,N,N,A,-,N,,,,,,,,,,N,3,0,1,2,A,-,08,22107,,N,B,G,A,A,H,-,A,D,0,,Y,,,Y,,A,01,0,1,0,0,0,0,1,0,0,"- ","- ",,,"SAN FRANCISCO","SAN FRANCISCO",-122.42176055908203,37.763507843017578
9108255,2020,2020-08-03,3801,2020-04-27,2053,2134,TENDE,1,5,7,3801,0,0,0,,0,,"TURK ST","HYDE ST",10.00,E,N,A,-,N,,,,,,,,,,Y,4,0,1,2,A,-,01,23153,,F,B,B,B,A,H,-,C,A,0,Y,,,,Y,Y,A,01,0,0,1,0,1,0,0,0,0,"- ","- ",,,"SAN FRANCISCO","SAN FRANCISCO",-122.41565704345703,37.782573699951172
9108257,2020,2020-08-03,3801,2020-04-27,1952,1166,TARAV,1,5,7,3801,0,0,0,,0,3I13D,"OCEAN AV","FOREST VIEW DR",0.00,,Y,A,-,N,,,,,,,,,,N,3,0,1,2,A,-,03,22350,,N,G,B,B,A,H,-,A,A,0,Y,,,,Y,,A,01,0,1,0,0,1,0,0,0,0,"- ","- ",,,"SAN FRANCISCO","SAN FRANCISCO",-122.483642578125,37.73236083984375
9108272,2020,2020-08-03,3801,2020-04-09,1800,1052,RICHM,4,5,7,3801,0,0,0,,0,3G1C,"TRANSVERSE DR","JOHN F KENNEDY DR",502.00,W,N,A,-,N,,,,,,,,,,N,3,0,1,2,A,-,08,22107,,N,B,G,A,A,H,-,A,D,0,,Y,,,Y,,A,01,0,1,0,0,0,0,1,0,0,"- ","- ",,,"SAN FRANCISCO","SAN FRANCISCO",-122.48111724853516,37.771446228027344
9108273,2020,2020-08-13,3801,2020-04-09,1502,231,,4,5,7,3801,0,0,0,,0,901,"SAN BRUNO AVE","SAN BRUNO AV 2466",0.00,,Y,A,-,N,,,,,,,,,,N,4,0,1,2,A,-,11,21954,A,N,G,B,D,A,H,-,A,D,0,Y,,,,Y,,N,60,0,0,1,0,0,0,0,0,0,"- ","- ",,,"SAN FRANCISCO","SAN FRANCISCO",,
9108275,2020,2020-08-03,3801,2020-04-02,1420,4102,SOUTH,4,5,7,3801,0,0,0,,0,003,"8TH ST","MISSION ST",0.00,,Y,A,-,N,,,,,,,,,,N,4,0,1,2,A,-,08,22101,D,N,G,B,B,A,H,-,A,A,0,Y,,,,Y,,A,08,0,0,1,0,1,0,0,0,0,"- ","- ",,,"SAN FRANCISCO","SAN FRANCISCO",-122.41316223144531,37.777458190917969
9108276,2020,2020-08-03,3801,2020-04-09,0630,1622,SOUTH,4,5,7,3801,0,0,0,,0,4CAR,"12TH ST","MARKET ST",25.00,S,N,B,-,N,,,,,,,,,,N,3,0,1,2,A,-,11,21954,A,N,G,B,E,A,H,-,B,D,0,Y,,,,Y,,N,60,0,1,0,0,1,0,0,0,0,"- ","- ",,,"SAN FRANCISCO","SAN FRANCISCO",-122.42020416259766,37.774349212646484
9108545,2020,2020-08-18,3801,2020-03-01,1420,2368,SOUTH,7,5,7,3801,0,0,0,,0,0B5,"TERRY A FRANOIS","MISSION ROCK ST",700.00,W,N,A,-,N,,,,,,,,,,N,4,0,1,2,C,-,18,,,N,G,B,E,A,H,-,A,D,0,Y,,,,Y,,-,"- ",0,0,1,0,1,0,0,0,0,"- ","- ",,,"SAN FRANCISCO","SAN FRANCISCO",-122.38758087158203,37.774993896484375
9108888,2020,2020-08-20,3801,2020-04-30,0700,4333,NORTH,4,5,7,3801,0,0,0,,0,3E13A,"POLK ST","EDDY ST",0.00,,Y,A,-,N,,,,,,,,,,,4,0,1,2,A,-,12,21453,A,N,D,G,A,A,H,-,A,A,0,,Y,,,Y,,-,"- ",0,0,1,0,0,0,1,0,0,"- ","- ",,,"SAN FRANCISCO","SAN FRANCISCO",-122.41918182373047,37.7830810546875
9108920,2020,2020-06-26,3801,2020-03-27,1107,859,TENDE,5,5,7,3801,0,0,0,,0,03J,"GOLDEN GATE AV","HYDE ST",0.00,,Y,A,-,N,,,,,,,,,,N,3,0,1,2,A,-,11,21453,D,N,G,B,B,A,H,-,A,A,0,Y,,,,Y,,N,60,0,1,0,0,1,0,0,0,0,"- ","- ",,,"SAN FRANCISCO","SAN FRANCISCO",-122.41549682617188,37.781650543212891
9109117,2020,2020-08-05,3801,2020-04-07,2034,2130,MISSI,2,5,7,3801,0,0,0,,0,3D15D,"16TH ST","HOFF ST",9.00,S,N,A,-,N,,,,,,,,,,N,4,0,1,2,A,-,03,22350,,F,G,B,D,A,H,-,C,D,0,Y,,,,Y,,-,,0,0,1,0,1,0,0,0,0,"- ","- ",,,"SAN FRANCISCO","SAN FRANCISCO",-122.42057037353516,37.764991760253906
91097325,2019,2019-10-15,9335,2019-10-05,1520,022007,,6,2,7,3801,0,1,1,,2,080,"I-80 W/B FROM 4TH ST.","4TH STREET",37.00,W,N,A,-,Y,,,80,,,,R,,W,N,3,0,1,2,A,-,11,21956,,N,G,B,D,A,H,-,A,A,0,Y,,Y,,Y,,N,60,0,1,0,0,1,0,0,0,0,"- ","- ",37.780540466308594,-122.39962005615234,"SAN FRANCISCO","SAN FRANCISCO",-122.39962005615234,37.780540466308594
91097846,2019,2019-10-15,9335,2019-07-04,1705,021700,,4,2,7,3801,0,1,1,,2,022,"I-280 N/B","SAN JOSE AVE. O/C",452.00,N,N,B,-,Y,,,280,,,,,,N,N,1,1,0,2,A,-,11,21954,A,N,G,B,E,A,H,-,A,D,0,Y,,,,Y,,N,60,0,0,0,1,0,0,0,0,0,"- ","- ",37.719890594482422,-122.44819641113281,"SAN FRANCISCO","SAN FRANCISCO",-122.44823455810547,37.719894409179688
91108585,2019,2019-10-29,9350,2019-10-22,1434,022433,,2,2,7,3801,0,1,2,,1,120,"US-101 N/B (GGB EAST SIDEWALK)","CONZLEMAN ROAD UNDERCROSSING",2640.00,S,N,A,-,Y,,,101,,,,,,N,N,3,0,2,2,B,-,22,,,N,C,G,A,A,H,-,A,D,0,,Y,,,Y,,L,04,0,2,0,0,0,0,2,0,0,"- ","- ",37.823680877685547,-122.47889709472656,"SAN FRANCISCO","SAN FRANCISCO",-122.47916412353516,37.823642730712891
9111042,2020,2020-10-30,3801,2020-05-11,1150,386,MISSI,1,5,7,3801,0,0,0,,0,3D14C,"BAY SHORE BL","POTRERO AV",133.00,S,N,A,-,N,,,,,,,,,,Y,2,0,1,2,A,-,11,21453,D,F,G,B,C,A,H,-,A,A,0,Y,,,,Y,,N,60,1,0,0,0,1,0,0,0,0,"- ","- ",,,"SAN FRANCISCO","SAN FRANCISCO",-122.4058837890625,37.750324249267578
9111043,2020,2020-10-30,3801,2020-05-11,2255,2166,MISSI,1,5,7,3801,0,0,0,,0,903,"DIVISION ST","10TH ST",45.00,W,N,A,-,N,,,,,,,,,,N,4,0,1,2,A,-,05,21650,,F,A,G,A,A,H,-,C,D,0,,Y,,,Y,,-,,0,0,1,0,0,0,1,0,0,"- ","- ",,,"SAN FRANCISCO","SAN FRANCISCO",-122.40849304199219,37.769195556640625
9111045,2020,2020-10-30,3801,2020-05-13,2343,4222,INGLE,3,5,7,3801,0,0,0,,0,3H15E,"CESAR CHAVEZ ST","VERMONT ST",378.00,W,N,A,-,N,,,,,,,,,,N,3,0,1,2,A,-,03,22350,,F,C,G,A,A,H,-,D,D,0,,Y,,,Y,,-,,0,1,0,0,0,0,1,0,0,"- ","- ",,,"SAN FRANCISCO","SAN FRANCISCO",-122.40361022949219,37.748729705810547
9111050,2020,2020-10-30,3801,2020-05-13,1330,529,CENTR,3,5,7,3801,0,0,0,,0,3A00,"1ST ST","MINNA ST",0.00,,Y,B,-,N,,,,,,,,,,N,4,0,1,2,A,-,12,21453,,F,G,B,B,A,H,-,A,A,0,Y,,,,Y,,A,01,0,0,1,0,1,0,0,0,0,"- ","- ",,,"SAN FRANCISCO","SAN FRANCISCO",-122.39703369140625,37.789371490478516
9111053,2020,2020-10-30,3801,2020-05-07,1332,2375,RICHM,4,5,7,3801,0,0,0,,0,3G5A,"GEARY BL","PRESIDIO AV",0.00,,Y,A,-,N,,,,,,,,,,N,3,0,1,2,A,-,12,22450,A,F,D,G,A,A,H,-,A,D,0,,Y,,,Y,,A,01,0,1,0,0,0,0,1,0,0,"- ","- ",,,"SAN FRANCISCO","SAN FRANCISCO",-122.44586181640625,37.782588958740234
9111055,2020,2020-10-30,3801,2020-05-02,1809,4084,TRAFF,6,5,7,3801,0,0,0,,0,4B4B,"TURK ST","HYDE ST",12.00,W,N,B,-,N,,,,,,,,,,Y,2,0,1,2,A,-,00,21954,D,F,A,B,D,A,H,-,A,A,0,Y,,,,Y,,A,01,1,0,0,0,1,0,0,0,0,"- ","- ",,,"SAN FRANCISCO","SAN FRANCISCO",-122.41573333740234,37.782566070556641
9111056,2020,2020-11-10,3801,2020-05-01,1951,4140,TENDE,5,5,7,3801,0,0,0,,0,3J11D,"TURK BL","LEAVENWORTH ST",0.00,,Y,A,-,N,,,,,,,,,,N,4,0,1,2,A,-,21,22106,,N,G,B,B,A,H,-,A,A,0,Y,,,,Y,,A,01,0,0,1,0,1,0,0,0,0,"- ","- ",,,"SAN FRANCISCO","SAN FRANCISCO",-122.41403961181641,37.782798767089844
9111062,2020,2020-11-12,3801,2020-05-02,2030,4046,MISSI,6,5,7,3801,0,0,0,,0,3D13D,"FOLSOM ST","23RD ST",107.00,N,N,A,-,N,,,,,,,,,,N,3,0,1,2,A,-,03,22350,,N,C,G,A,A,H,-,C,A,0,,Y,,,Y,,L,04,0,1,0,0,0,0,0,0,0,"- ","- ",,,"SAN FRANCISCO","SAN FRANCISCO",-122.41427612304688,37.754413604736328
9111069,2020,2020-11-02,3801,2020-05-04,1714,2161,TARAV,1,5,7,3801,0,0,0,,0,3I11D,"32ND AV","RIVERA ST",0.00,,Y,A,-,N,,,,,,,,,,N,3,0,1,2,A,-,12,22450,A,N,H,G,A,A,H,-,A,-,0,,Y,,,Y,,-,"- ",0,1,0,0,0,0,1,0,0,"- ","- ",,,"SAN FRANCISCO","SAN FRANCISCO",-122.4898681640625,37.746158599853516
9111074,2020,2020-11-02,3801,2020-05-31,2300,2085,NORTH,7,5,7,3801,0,0,0,,0,3E13E,"OAK ST","OCTAVIA ST",8.00,E,N,A,-,N,,,,,,,,,,N,3,0,1,2,A,-,12,21453,A,F,G,B,B,-,H,-,C,A,0,Y,,,,Y,,M,96,0,1,0,0,1,0,0,0,0,"- ","- ",,,"SAN FRANCISCO","SAN FRANCISCO",-122.42427062988281,37.774803161621094
9111075,2020,2020-11-02,3801,2020-05-30,1440,748,CENTR,6,5,7,3801,0,0,0,,0,0A3,"7TH AV","KIRKHAM ST",0.00,,Y,-,-,N,,,,,,,,,,N,4,0,1,2,A,-,08,22107,,N,H,G,A,-,-,-,A,-,0,,Y,,,Y,,A,01,0,0,1,0,0,0,1,0,0,"- ","- ",,,"SAN FRANCISCO","SAN FRANCISCO",-122.46392059326172,37.760391235351562
9111076,2020,2020-11-02,3801,2020-05-31,1632,887,SOUTH,7,5,7,3801,0,0,0,,0,3B14D,"MARKET ST","OCTAVIA ST",0.00,,Y,A,-,N,,,,,,,,,,N,3,0,1,2,A,-,08,22101,D,N,D,G,A,A,H,-,A,A,0,,Y,,,Y,,A,01,0,1,0,0,0,0,1,0,0,"- ","- ",,,"SAN FRANCISCO","SAN FRANCISCO",-122.42359161376953,37.771778106689453
9111099,2020,2020-11-02,3801,2020-05-19,1200,1418,TARAV,2,5,7,3801,0,0,0,,0,0I3,"GREAT HWY","LINCOLN WY",315.00,S,N,A,-,N,,,,,,,,,,N,3,0,2,2,A,-,"- ",,,F,H,B,E,A,H,-,A,D,0,Y,Y,,,Y,,-,"- ",0,1,1,0,1,0,1,0,0,"- ","- ",,,"SAN FRANCISCO","SAN FRANCISCO",-122.51033782958984,37.763179779052734
9111101,2020,2020-11-02,3801,2020-05-22,1600,2150,INGLE,5,5,7,3801,0,0,0,,0,3H15D,"PORTOLA DR","FOWLER AV",0.00,,Y,A,-,N,,,,,,,,,,N,3,0,1,2,A,-,08,22107,,N,B,G,A,A,H,-,A,A,0,,Y,,,Y,,-,"- ",0,1,0,0,0,0,1,0,0,"- ","- ",,,"SAN FRANCISCO","SAN FRANCISCO",-122.453369140625,37.744518280029297
9111102,2020,2020-11-02,3801,2020-05-22,1544,2239,INGLE,5,5,7,3801,0,0,0,,0,3H16D,"ALEMANY BL","CRESCENT AVE",0.00,,Y,A,-,N,,,,,,,,,,N,3,0,1,2,A,-,12,21453,A,N,C,G,A,A,H,-,A,A,0,,Y,,,Y,,A,01,0,1,0,0,0,0,1,0,0,"- ","- ",,,"SAN FRANCISCO","SAN FRANCISCO",,
9111107,2020,2020-11-02,3801,2020-05-19,1345,844,3A4C,2,5,7,3801,0,0,0,,0,,EMBARCADERO,BROADWAY,0.00,,Y,A,-,N,,,,,,,,,,N,4,0,1,2,A,-,12,21453,A,F,G,B,E,A,H,-,A,A,0,Y,,,,Y,,-,,0,0,1,0,1,0,0,0,0,"- ","- ",,,"SAN FRANCISCO","SAN FRANCISCO",,
9111113,2020,2020-11-06,3801,2020-05-16,2152,1252,SOUTH,6,5,7,3801,0,0,0,,0,0B4,"MARKET ST","VAN NESS AV",0.00,,Y,C,-,N,,,,,,,,,,N,4,0,1,2,-,-,"- ",,,N,G,B,B,B,H,-,C,A,0,Y,,,,Y,,N,60,0,0,1,0,1,0,0,0,0,"- ","- ",,,"SAN FRANCISCO","SAN FRANCISCO",-122.41925811767578,37.775169372558594
9111114,2020,2020-11-02,3801,2020-05-16,0920,1342,NORTH,6,5,7,3801,0,0,0,,0,3E11A,"HAIGHT ST","PIERCE ST",0.00,,Y,-,-,N,,,,,,,,,,N,4,0,1,2,A,-,09,21804,A,F,C,G,A,A,-,-,A,-,0,,Y,,,Y,,-,99,0,0,1,0,0,0,1,0,0,"- ","- ",,,"SAN FRANCISCO","SAN FRANCISCO",-122.43373107910156,37.771690368652344
9111115,2020,2020-11-02,3801,2020-05-21,1835,11,CENTR,4,5,7,3801,0,0,0,,0,,"THE EMBARCADERO",BROADWAY,0.00,,Y,A,-,N,,,,,,,,,,N,4,0,1,2,A,-,08,22107,,N,B,G,A,A,H,-,A,D,0,,Y,,,Y,,I,19,0,0,1,0,0,0,1,0,0,"- ","- ",,,"SAN FRANCISCO","SAN FRANCISCO",-122.39775848388672,37.799179077148438