CASE_ID,ACCIDENT_YEAR,PROC_DATE,JURIS,COLLISION_DATE,COLLISION_TIME,OFFICER_ID,REPORTING_DISTRICT,DAY_OF_WEEK,CHP_SHIFT,POPULATION,CNTY_CITY_LOC,SPECIAL_COND,BEAT_TYPE,CHP_BEAT_TYPE,CITY_DIVISION_LAPD,CHP_BEAT_CLASS,BEAT_NUMBER,PRIMARY_RD,SECONDARY_RD,DISTANCE,DIRECTION,INTERSECTION,WEATHER_1,WEATHER_2,STATE_HWY_IND,CALTRANS_COUNTY,CALTRANS_DISTRICT,STATE_ROUTE,ROUTE_SUFFIX,POSTMILE_PREFIX,POSTMILE,LOCATION_TYPE,RAMP_INTERSECTION,SIDE_OF_HWY,TOW_AWAY,COLLISION_SEVERITY,NUMBER_KILLED,NUMBER_INJURED,PARTY_COUNT,PRIMARY_COLL_FACTOR,PCF_CODE_OF_VIOL,PCF_VIOL_CATEGORY,PCF_VIOLATION,PCF_VIOL_SUBSECTION,HIT_AND_RUN,TYPE_OF_COLLISION,MVIW,PED_ACTION,ROAD_SURFACE,ROAD_COND_1,ROAD_COND_2,LIGHTING,CONTROL_DEVICE,CHP_ROAD_TYPE,PEDESTRIAN_ACCIDENT,BICYCLE_ACCIDENT,MOTORCYCLE_ACCIDENT,TRUCK_ACCIDENT,NOT_PRIVATE_PROPERTY,ALCOHOL_INVOLVED,STWD_VEHTYPE_AT_FAULT,CHP_VEHTYPE_AT_FAULT,COUNT_SEVERE_INJ,COUNT_VISIBLE_INJ,COUNT_COMPLAINT_PAIN,COUNT_PED_KILLED,COUNT_PED_INJURED,COUNT_BICYCLIST_KILLED,COUNT_BICYCLIST_INJURED,COUNT_MC_KILLED,COUNT_MC_INJURED,PRIMARY_RAMP,SECONDARY_RAMP,LATITUDE,LONGITUDE,COUNTY,CITY,POINT_X,POINT_Y
9111116,2020,2020-11-02,3801,2020-05-21,1207,2176,SOUTH,4,5,7,3801,0,0,0,,0,3B90,"7TH ST","BRYANT ST",105.00,S,N,A,-,N,,,,,,,,,,N,4,0,1,2,A,-,07,21658,A,N,D,G,A,A,H,-,A,D,0,,Y,,,Y,,A,01,0,0,1,0,0,0,1,0,0,"- ","- ",,,"SAN FRANCISCO","SAN FRANCISCO",-122.40459442138672,37.774177551269531
9111123,2020,2020-11-02,3801,2020-05-14,2148,460,INGLE,4,5,7,3801,0,0,0,,0,3H15E,"MISSION ST","POPE ST",187.00,S,N,C,-,N,,,,,,,,,,N,4,0,1,2,A,-,11,21954,A,N,G,B,C,B,H,-,C,D,0,Y,,,,Y,,N,60,0,0,1,0,1,0,0,0,0,"- ","- ",,,"SAN FRANCISCO","SAN FRANCISCO",-122.44220733642578,37.715015411376953
9111124,2020,2020-11-02,3801,2020-05-14,1943,560,NORTH,4,5,7,3801,0,0,0,,0,3E13D,"VAN NESS AV","EDDY ST",0.00,,Y,A,-,N,,,,,,,,,,N,2,0,1,2,A,-,05,21650,1,N,D,G,A,A,C,-,A,A,0,,Y,,,Y,,L,04,1,0,0,0,0,0,1,0,0,"- ","- ",,,"SAN FRANCISCO","SAN FRANCISCO",-122.4208984375,37.782871246337891
9111125,2020,2020-11-02,3801,2020-05-14,1835,1318,BAYVI,4,5,7,3801,0,0,0,,0,3C11D,"OAKDALE AV","SELBY ST",0.00,,Y,B,-,N,,,,,,,,,,Y,3,0,1,2,A,-,10,21950,A,F,G,B,B,A,H,-,A,A,0,Y,,,,Y,,A,01,0,1,0,0,1,0,0,0,0,"- ","- ",,,"SAN FRANCISCO","SAN FRANCISCO",-122.39969635009766,37.73992919921875
9111126,2020,2020-11-02,3801,2020-05-14,1314,1052,RICHM,4,5,7,3801,0,0,0,,0,3G3C,"ARGUELLO BL","JACKSON ST",96.00,S,N,B,-,N,,,,,,,,,,N,4,0,1,2,A,-,08,22103,,N,B,G,A,B,H,-,A,D,0,,Y,,,Y,,A,07,0,0,1,0,0,0,1,0,0,"- ","- ",,,"SAN FRANCISCO","SAN FRANCISCO",-122.45944213867188,37.789047241210938
9111127,2020,2020-11-02,3801,2020-05-14,1236,577,TARAV,4,5,7,3801,0,0,0,,0,0I1,"IRVING ST","8TH AV",9.00,W,N,B,C,N,,,,,,,,,,N,3,0,1,3,A,-,10,21950,A,N,G,B,B,B,H,-,A,D,0,Y,,,,Y,,A,01,0,1,0,0,1,0,0,0,0,"- ","- ",,,"SAN FRANCISCO","SAN FRANCISCO",-122.46527862548828,37.764087677001953
9111128,2020,2020-11-02,3801,2020-05-14,0917,1849,TENDE,4,5,7,3801,0,0,0,,0,3J2A,"MARKET ST","TURK ST",0.00,,Y,B,-,N,,,,,,,,,,N,4,0,1,2,A,-,08,22107,,N,C,G,A,A,C,-,A,D,0,,Y,,,Y,,L,04,0,0,1,0,0,0,1,0,0,"- ","- ",,,"SAN FRANCISCO","SAN FRANCISCO",-122.40875244140625,37.783470153808594
9111129,2020,2020-11-02,3801,2020-05-27,1547,1542,INGLE,3,5,7,3801,0,0,0,,0,,"ARBOR ST","HILIRITAS AV",142.00,E,N,A,-,N,,,,,,,,,,N,3,0,1,2,A,-,11,21954,A,N,G,B,E,A,H,-,A,D,0,Y,,,,Y,,N,60,0,1,0,0,1,0,0,0,0,"- ","- ",,,"SAN FRANCISCO","SAN FRANCISCO",-122.43714141845703,37.737140655517578
9111130,2020,2020-11-02,3801,2020-05-25,0956,2310,NORTH,1,5,7,3801,0,0,0,,0,3E15A,"LOMBARD ST","LOMBARD ST 1475",0.00,,Y,A,-,N,,,,,,,,,,N,3,0,1,2,A,-,11,21954,A,F,G,B,E,A,H,-,A,A,0,Y,,,,Y,,N,60,0,1,0,0,1,0,0,0,0,"- ","- ",,,"SAN FRANCISCO","SAN FRANCISCO",,
9111132,2020,2020-11-02,3801,2020-05-27,1246,311,PARK,3,5,7,3801,0,0,0,,0,3F13E,"BOWLING GREEN DR","MARTIN LUTHER KING JR DR",0.00,,Y,A,-,N,,,,,,,,,,N,4,0,1,2,A,-,21,22106,,M,H,G,A,A,H,-,A,D,0,,Y,,,Y,,-,"- ",0,0,1,0,0,0,1,0,0,"- ","- ",,,"SAN FRANCISCO","SAN FRANCISCO",-122.46063995361328,37.767421722412109
9111133,2020,2020-11-02,3801,2020-05-26,2231,715,MISSI,2,5,7,3801,0,0,0,,0,3D15E,"MISSION ST","13TH ST",0.00,,Y,A,-,N,,,,,,,,,,N,4,0,1,2,A,-,12,21453,A,N,D,G,A,A,H,-,C,A,0,,Y,,,Y,,L,04,0,0,1,0,0,0,1,0,0,"- ","- ",,,"SAN FRANCISCO","SAN FRANCISCO",-122.42018127441406,37.769989013671875
9111143,2020,2020-10-29,3801,2020-05-02,1245,230,TENDE,6,5,7,3801,0,0,0,,0,3J12C,"GOLDEN GATE AV","HYDE ST",0.00,,Y,A,-,N,,,,,,,,,,N,4,0,1,2,A,-,10,21950,A,F,G,B,-,A,H,-,A,A,0,Y,,,,Y,Y,A,01,0,0,1,0,1,0,0,0,0,"- ","- ",,,"SAN FRANCISCO","SAN FRANCISCO",-122.41549682617188,37.781650543212891
9111149,2020,2020-10-29,3801,2020-05-26,0700,574,MISSI,2,5,7,3801,0,0,0,,0,3D14A,"17TH ST","FLORIDA ST",0.00,,Y,A,-,N,,,,,,,,,,N,2,0,1,2,A,-,11,21954,A,N,G,B,D,A,H,-,A,A,0,Y,,,,Y,Y,A,01,1,0,0,0,1,0,0,0,0,"- ","- ",,,"SAN FRANCISCO","SAN FRANCISCO",-122.41130828857422,37.764240264892578
9111187,2020,2020-07-31,3801,2020-04-18,1703,2726,RICHM,6,5,7,3801,0,0,0,,0,3G13D,"JOHN F KENNEDY DR","CHAIN OF LAKES DR",0.00,,Y,A,-,N,,,,,,,,,,N,4,0,1,2,A,-,12,22450,A,N,D,G,A,A,H,-,A,D,0,,Y,,,Y,,L,04,0,0,1,0,0,0,1,0,0,"- ","- ",,,"SAN FRANCISCO","SAN FRANCISCO",-122.50051879882812,37.768161773681641
9111189,2020,2020-07-31,3801,2020-04-18,1733,629,SOUTH,6,5,7,3801,0,0,0,,0,3B15C,"MISSION ST","6TH ST",0.00,,Y,A,-,N,,,,,,,,,,N,3,0,1,2,A,-,12,21453,A,N,D,G,A,A,H,-,A,A,0,,Y,,,Y,,L,04,0,1,0,0,0,0,1,0,0,"- ","- ",,,"SAN FRANCISCO","SAN FRANCISCO",-122.40869140625,37.780979156494141
9111191,2020,2020-07-31,3801,2020-04-19,1854,2419,RICHM,7,5,7,3801,0,0,0,,0,0G3,"5TH AV","CABRILLO ST",151.00,N,N,A,-,N,,,,,,,,,,N,4,0,1,2,B,-,22,,,N,D,G,A,A,H,-,A,D,0,,Y,,,Y,,L,04,0,0,1,0,0,0,1,0,0,"- ","- ",,,"SAN FRANCISCO","SAN FRANCISCO",-122.46284484863281,37.775833129882812
9111198,2020,2020-07-31,3801,2020-04-07,1956,1601,SOUTH,2,5,7,3801,0,0,0,,0,0B1,"BEALE ST","NATOMA ST",30.00,S,N,A,-,N,,,,,,,,,,N,4,0,1,2,A,-,21,22106,,N,G,B,F,A,H,-,C,D,0,Y,,,,Y,Y,A,01,0,0,1,0,1,0,0,0,0,"- ","- ",,,"SAN FRANCISCO","SAN FRANCISCO",,
9111200,2020,2020-07-31,3801,2020-04-03,0706,118,MISSI,5,5,7,3801,0,0,0,,0,3D6A,"HARRISON ST","16TH ST",0.00,,Y,A,-,N,,,,,,,,,,N,3,0,1,2,A,-,09,21800,A,N,A,G,A,A,H,-,A,A,0,,Y,,,Y,Y,L,04,0,1,0,0,0,0,1,0,0,"- ","- ",,,"SAN FRANCISCO","SAN FRANCISCO",-122.41314697265625,37.765449523925781
9111246,2020,2020-08-27,3801,2020-05-12,0956,2172,NORTH,2,5,7,3801,0,0,0,,0,003,"ELLIS ST","POLK ST",0.00,,Y,A,-,N,,,,,,,,,,N,3,0,1,2,-,-,"- ",,,N,D,G,A,A,H,-,A,D,0,,Y,,,Y,,L,04,0,1,0,0,0,0,1,0,0,"- ","- ",,,"SAN FRANCISCO","SAN FRANCISCO",-122.41934967041016,37.784038543701172
9111263,2020,2020-09-01,3801,2020-05-29,1146,1542,INGLE,5,5,7,3801,0,0,0,,0,3H1C,"SAN JOSE AV","30TH ST",0.00,,Y,A,-,N,,,,,,,,,,N,3,0,1,2,A,-,12,21453,A,N,D,G,A,A,H,-,A,A,0,,Y,,,Y,,L,04,0,1,0,0,0,0,1,0,0,"- ","- ",,,"SAN FRANCISCO","SAN FRANCISCO",-122.42328643798828,37.742279052734375
9111308,2020,2020-08-19,3801,2020-05-02,2035,2725,RICHM,6,5,7,3801,0,0,0,,0,,"BALBOA ST","4TH AV",0.00,,Y,B,-,N,,,,,,,,,,N,3,0,1,2,A,-,12,22450,A,N,D,G,A,A,H,-,C,A,0,,Y,,,Y,,L,04,0,1,0,0,0,0,1,0,0,"- ","- ",,,"SAN FRANCISCO","SAN FRANCISCO",-122.46189117431641,37.777320861816406
9111615,2020,2020-09-21,3801,2020-05-21,1930,1573,BAYVI,4,5,7,3801,0,0,0,,0,3C13D,"SILVER AV","SAN BRUNO AV",0.00,,Y,A,-,N,,,,,,,,,,N,4,0,1,2,A,-,21,22106,,F,G,B,F,A,H,-,A,A,0,Y,,,,Y,,A,08,0,0,1,0,1,0,0,0,0,"- ","- ",,,"SAN FRANCISCO","SAN FRANCISCO",-122.40561676025391,37.732448577880859
9120742,2020,2020-08-26,3801,2020-06-21,1648,514,PARK,7,5,7,3801,0,0,0,,0,003,"OAK ST","COLE ST",0.00,,Y,A,-,N,,,,,,,,,,N,3,0,1,2,A,-,03,22350,,N,B,G,A,A,H,-,A,D,0,,Y,,,Y,,A,01,0,1,0,0,0,0,1,0,0,"- ","- ",,,"SAN FRANCISCO","SAN FRANCISCO",-122.45062255859375,37.771450042724609
9120743,2020,2020-08-26,3801,2020-06-21,1132,796,NORTH,7,5,7,3801,0,0,0,,0,3E13A,"FRANKLIN ST","LARCH ST",0.00,,Y,A,-,N,,,,,,,,,,N,3,0,1,2,A,-,06,21750,A,N,C,G,A,A,H,-,A,D,0,,Y,,,Y,,A,01,0,1,0,0,0,0,1,0,0,"- ","- ",,,"SAN FRANCISCO","SAN FRANCISCO",-122.42234039306641,37.782188415527344
9120747,2020,2020-08-26,3801,2020-06-11,1838,2132,PARK,4,5,7,3801,0,0,0,,0,3F12D,"7TH AV","WARREN DR",0.00,,Y,A,-,N,,,,,,,,,,N,3,0,1,2,A,-,08,22107,,N,B,G,A,A,H,-,A,A,0,,Y,,,Y,,A,01,0,1,0,0,0,0,1,0,0,"- ","- ",,,"SAN FRANCISCO","SAN FRANCISCO",-122.46382904052734,37.758541107177734
9120748,2020,2020-08-26,3801,2020-06-11,1400,1402,TENDE,4,5,7,3801,0,0,0,,0,3J14A,"MCALLISTER ST","LEAVENWORTH ST",0.00,,Y,A,-,N,,,,,,,,,,N,4,0,1,2,A,-,11,21453,D,N,D,B,E,A,H,-,A,A,0,Y,,,,Y,,N,60,0,0,1,0,1,0,0,0,0,"- ","- ",,,"SAN FRANCISCO","SAN FRANCISCO",-122.41368865966797,37.780929565429688
9120749,2020,2020-08-26,3801,2020-06-11,1358,899,TENDE,4,5,7,3801,0,0,0,,0,3J54C,"TURK ST","LARKIN ST",0.00,,Y,A,-,N,,,,,,,,,,Y,2,0,1,3,A,-,17,21663,,F,G,B,B,A,H,-,A,A,0,Y,,,,Y,,A,01,1,0,0,0,1,0,0,0,0,"- ","- ",,,"SAN FRANCISCO","SAN FRANCISCO",-122.41734313964844,37.782379150390625
9120753,2020,2020-08-26,3801,2020-06-10,1738,1442,INGLE,3,5,7,3801,0,0,0,,0,3H16D,"RICHLAND AV","MURRAY ST",171.00,E,N,A,-,N,,,,,,,,,,N,3,0,1,2,A,-,11,21954,A,N,G,B,E,A,H,-,A,D,0,Y,,,,Y,,N,60,0,1,0,0,1,0,0,0,0,"- ","- ",,,"SAN FRANCISCO","SAN FRANCISCO",-122.4195556640625,37.735733032226562
9120759,2020,2020-08-26,3801,2020-06-07,0736,1887,TRAFF,7,5,7,3801,0,0,0,,0,4B1B,"3RD ST","MISSION ROCK ST",0.00,,Y,A,-,N,,,,,,,,,,N,3,0,1,2,A,-,12,21453,A,N,D,G,A,A,H,-,A,A,0,,Y,,,Y,,L,04,0,1,0,0,0,0,1,0,0,"- ","- ",,,"SAN FRANCISCO","SAN FRANCISCO",-122.38980102539062,37.772918701171875
9120760,2020,2020-08-26,3801,2020-06-22,2500,1845,SOUTH,1,5,7,3801,0,0,0,,0,003,"MISSION ST","7TH ST",23.00,E,N,A,-,N,,,,,,,,,,N,4,0,1,2,A,-,00,21456,C,N,G,B,C,A,H,-,A,A,0,Y,,,,Y,,N,60,0,0,1,0,1,0,0,0,0,"- ","- ",,,"SAN FRANCISCO","SAN FRANCISCO",-122.41084289550781,37.779254913330078
9120761,2020,2020-09-03,3801,2020-06-20,1525,969,PARK,6,5,7,3801,0,0,0,,0,3F13D,"MASONIC AV","FELL ST",0.00,,Y,A,-,N,,,,,,,,,,N,3,0,1,2,-,-,"- ",,,N,D,G,A,A,H,-,A,A,0,,Y,,,Y,,-,"- ",0,1,0,0,0,0,1,0,0,"- ","- ",,,"SAN FRANCISCO","SAN FRANCISCO",-122.4459228515625,37.772979736328125
9120767,2020,2020-08-26,3801,2020-06-05,1155,386,MISSI,5,5,7,3801,0,0,0,,0,3D14C,"24TH ST","SHOTWELL ST",95.00,W,N,A,-,N,,,,,,,,,,N,4,0,1,2,A,-,08,22102,,N,D,G,A,A,H,-,A,D,0,,Y,,,Y,,A,01,0,0,1,0,0,0,1,0,0,"- ","- ",,,"SAN FRANCISCO","SAN FRANCISCO",-122.41550445556641,37.752433776855469
9120770,2020,2020-09-03,3801,2020-06-27,1614,2431,RICHM,6,5,7,3801,0,0,0,,0,3G61,"CALIFORNIA ST","PARK PRESIDIO BL",0.00,,Y,A,-,N,,,,,,,,,,N,4,0,1,2,A,-,11,21453,D,N,G,B,B,A,H,-,A,A,0,Y,,,,Y,,N,60,0,0,1,0,1,0,0,0,0,"- ","- ",,,"SAN FRANCISCO","SAN FRANCISCO",-122.47260284423828,37.784458160400391
9120772,2020,2020-08-26,3801,2020-06-19,1440,1226,SOUTH,5,5,7,3801,0,0,0,,0,,"FOLSOM ST","LANGTON ST",51.00,E,N,A,-,N,,,,,,,,,,N,4,0,1,2,A,-,03,22350,,N,D,G,A,A,H,-,A,D,0,,Y,,,Y,,L,04,0,0,1,0,0,0,1,0,0,"- ","- ",,,"SAN FRANCISCO","SAN FRANCISCO",-122.40827941894531,37.776420593261719
9120777,2020,2020-08-26,3801,2020-06-14,1850,936,CENTR,7,5,7,3801,0,0,0,,0,3A14D,"BAY  ST","KEARNEY ST",300.00,W,N,A,-,N,,,,,,,,,,N,4,0,1,2,A,-,08,22107,,N,C,G,A,A,H,-,A,D,0,,Y,,,Y,,A,01,0,0,1,0,0,0,1,0,0,"- ","- ",,,"SAN FRANCISCO","SAN FRANCISCO",-122.40819549560547,37.806308746337891
9120782,2020,2020-08-26,3801,2020-06-13,1015,217,CENTR,6,5,7,3801,0,0,0,,0,3A5A,"MARKET ST","DAVIS ST",0.00,,Y,A,-,N,,,,,,,,,,N,3,0,1,1,A,-,03,22350,,N,H,G,A,B,G,-,A,A,0,,Y,,,Y,,L,04,0,1,0,0,0,0,1,0,0,"- ","- ",,,"SAN FRANCISCO","SAN FRANCISCO",-122.3973388671875,37.792488098144531
9120785,2020,2020-08-26,3801,2020-06-12,1825,4132,MISSI,5,5,7,3801,0,0,0,,0,6CAR,"16TH  ST","HARRISON ST",0.00,,Y,A,-,N,,,,,,,,,,N,2,0,1,2,A,-,12,21453,A,N,D,G,A,A,H,-,A,A,0,,Y,,,Y,,L,04,1,0,0,0,0,0,1,0,0,"- ","- ",,,"SAN FRANCISCO","SAN FRANCISCO",-122.41314697265625,37.765449523925781
9120786,2020,2020-08-26,3801,2020-06-11,2103,2017,MISSS,4,5,7,3801,0,0,0,,0,3D41D,"18TH ST","HARTFORD ST",0.00,,Y,A,-,N,,,,,,,,,,N,4,0,1,2,A,-,12,22450,A,N,-,G,A,A,H,-,C,A,0,,Y,Y,,Y,,L,04,0,0,1,0,0,0,0,0,1,"- ","- ",,,"SAN FRANCISCO","SAN FRANCISCO",-122.43388366699219,37.760948181152344
9120788,2020,2020-08-26,3801,2020-06-01,1300,863,PARK,1,5,7,3801,0,0,0,,0,3F30,"LAGUNA HONDA BL","CLARENDON AV",0.00,,Y,A,-,N,,,,,,,,,,N,3,0,1,2,A,-,08,22107,,N,H,G,A,A,H,-,A,A,0,,Y,,,Y,,A,01,0,1,0,0,0,0,1,0,0,"- ","- ",,,"SAN FRANCISCO","SAN FRANCISCO",-122.46161651611328,37.751449584960938
9120793,2020,2020-08-26,3801,2020-06-02,1237,2441,MISSI,2,5,7,3801,0,0,0,,0,3CAR,"21ST ST","SAN CARLOS ST",40.00,E,N,A,-,N,,,,,,,,,,Y,4,0,1,6,A,-,03,22350,,N,D,B,-,A,H,-,A,A,0,Y,,,,Y,,A,01,0,0,1,0,1,0,0,0,0,"- ","- ",,,"SAN FRANCISCO","SAN FRANCISCO",-122.41956329345703,37.756988525390625
9120795,2020,2020-08-26,3801,2020-06-03,1200,2476,BAYVI,3,5,7,3801,0,0,0,,0,3C14A,"SAN BRUNO AV",OLMESTEAD,0.00,,Y,A,-,N,,,,,,,,,,N,3,0,1,2,A,-,10,21950,A,N,G,B,B,A,D,-,A,A,0,Y,,,,Y,,A,07,0,1,0,0,1,0,0,0,0,"- ","- ",,,"SAN FRANCISCO","SAN FRANCISCO",-122.40164184570312,37.72283935546875
9120798,2020,2020-08-26,3801,2020-06-04,1225,1394,PARK,4,5,7,3801,0,0,0,,0,002,"CLARENDON AV","OLYMPIA WY",0.00,,Y,A,-,N,,,,,,,,,,N,3,0,2,2,A,-,12,22450,A,N,D,G,A,A,H,-,A,A,0,,Y,,,Y,,L,04,0,1,1,0,0,0,1,0,0,"- ","- ",,,"SAN FRANCISCO","SAN FRANCISCO",-122.45642852783203,37.751518249511719
9120799,2020,2020-08-26,3801,2020-06-03,1350,2459,NORTH,3,5,7,3801,0,0,0,,0,3E11C,"HAIGHT ST","OCTAVIA ST",0.00,,Y,A,-,N,,,,,,,,,,N,4,0,1,2,A,-,12,21453,,N,D,G,A,A,H,-,A,A,0,,Y,,,Y,Y,L,04,0,0,1,0,0,0,1,0,0,"- ","- ",,,"SAN FRANCISCO","SAN FRANCISCO",-122.42392730712891,37.772960662841797
9120800,2020,2020-08-26,3801,2020-06-02,1238,1438,INGLE,2,5,7,3801,0,0,0,,0,3CAR,"MISSION ST","SILVER AV",0.00,,Y,A,-,N,,,,,,,,,,N,4,0,1,2,A,-,03,22350,,N,C,G,A,A,H,-,A,D,0,,Y,,,Y,,L,04,0,0,1,0,0,0,1,0,0,"- ","- ",,,"SAN FRANCISCO","SAN FRANCISCO",-122.43128204345703,37.728740692138672
9120812,2020,2020-09-10,3801,2020-06-14,1520,969,PARK,7,5,7,3801,0,0,0,,0,3F13D,"LINCOLN WAY","7TH AVE",0.00,,Y,A,-,N,,,,,,,,,,N,4,0,1,2,A,-,12,21453,A,N,D,G,A,A,H,-,A,A,0,,Y,,,Y,,I,11,0,0,1,0,0,0,1,0,0,"- ","- ",,,"SAN FRANCISCO","SAN FRANCISCO",-122.46430206298828,37.766040802001953
9120816,2020,2020-09-02,3801,2020-06-10,0918,2310,NORTH,3,5,7,3801,0,0,0,,0,3E12A,"DIVISADERO ST","EDDY ST",9.00,W,N,A,-,N,,,,,,,,,,N,4,0,1,2,D,-,00,,,N,G,B,B,A,H,-,A,A,0,Y,,,,Y,,-,"- ",0,0,1,0,1,0,0,0,0,"- ","- ",,,"SAN FRANCISCO","SAN FRANCISCO",-122.43891143798828,37.780605316162109
9120827,2020,2020-09-02,3801,2020-06-18,1526,2146,CENTR,4,5,7,3801,0,0,0,,0,3A14C,"POWELL ST","GREENWICH ST",0.00,,Y,A,-,N,,,,,,,,,,N,3,0,1,2,A,-,10,21950,A,N,G,B,B,A,H,-,A,A,0,Y,,,,Y,,D,22,0,1,0,0,1,0,0,0,0,"- ","- ",,,"SAN FRANCISCO","SAN FRANCISCO",-122.41117858886719,37.802101135253906
9120860,2020,2020-09-02,3801,2020-06-02,1227,905,MISSI,2,5,7,3801,0,0,0,,0,3D11C,"DOLORES ST","16TH ST",97.00,N,N,A,-,N,,,,,,,,,,N,4,0,1,2,A,-,11,21955,,N,G,B,D,A,H,-,A,A,0,Y,,,,Y,,N,60,0,0,1,0,1,0,0,0,0,"- ","- ",,,"SAN FRANCISCO","SAN FRANCISCO",-122.42646789550781,37.764904022216797
9120876,2020,2020-09-04,3801,2020-06-16,0633,1693,BAYVI,2,5,7,3801,0,0,0,,0,901,"CESAR CHAVEZ ST","KANSAS ST",227.00,W,N,A,-,N,,,,,,,,,,N,4,0,1,2,A,-,05,21650,1,N,B,G,A,A,H,-,A,A,0,,Y,,,Y,,L,04,0,0,1,0,0,0,1,0,0,"- ","- ",,,"SAN FRANCISCO","SAN FRANCISCO",-122.40283966064453,37.749439239501953
9120880,2020,2020-09-14,3801,2020-06-05,0715,2310,NORTH,5,5,7,3801,0,0,0,,0,3E16A,"VAN NESS AV","TOMM WADDELL PL",5.00,S,N,A,-,N,,,,,,,,,,N,2,0,1,2,A,-,07,21658,,F,A,G,A,A,H,-,A,A,0,,Y,,,Y,,D,22,1,0,0,0,0,0,1,0,0,"- ","- ",,,"SAN FRANCISCO","SAN FRANCISCO",-122.419677734375,37.777721405029297
9120885,2020,2020-08-27,3801,2020-06-13,1845,1909,NORTH,6,5,7,3801,0,0,0,,0,NORTH,"SCOTT ST","LOMBARD ST",8.00,N,N,A,-,N,,,,,,,,,,N,4,0,1,2,A,-,11,21453,D,N,G,B,B,A,H,-,A,A,0,Y,,,,Y,,N,60,0,0,1,0,1,0,0,0,0,"- ","- ",,,"SAN FRANCISCO","SAN FRANCISCO",-122.44100189208984,37.799232482910156
9120892,2020,2020-08-27,3801,2020-06-06,1831,1454,MISSI,6,5,7,3801,0,0,0,,0,3D44C,"20TH ST","MISSION ST",0.00,,Y,A,-,N,,,,,,,,,,N,3,0,1,2,A,-,11,21954,A,N,G,B,E,A,H,-,A,A,0,Y,,,,Y,,N,60,0,1,0,0,1,0,0,0,0,"- ","- ",,,"SAN FRANCISCO","SAN FRANCISCO",-122.41903686523438,37.758628845214844
9120893,2020,2020-08-27,3801,2020-06-06,1730,2307,INGLE,6,5,7,3801,0,0,0,,0,3H15D,"JOHN F SHEELLEY DR","CAMBRIDGE ST",9950.00,W,N,A,-,N,,,,,,,,,,N,4,0,1,2,A,-,04,21703,,N,C,G,A,A,H,-,A,D,0,,Y,,,Y,,L,04,0,0,1,0,0,0,0,0,0,"- ","- ",,,"SAN FRANCISCO","SAN FRANCISCO",-122.41851806640625,37.718780517578125
9120894,2020,2020-08-27,3801,2020-06-06,1717,1845,SOUTH,6,5,7,3801,0,0,0,,0,004,"MARKET ST","OCTAVIA BL",0.00,,Y,A,-,N,,,,,,,,,,N,3,0,2,2,A,-,03,22350,,N,C,G,A,A,H,-,A,A,0,,Y,,,Y,,L,04,0,1,1,0,0,0,2,0,0,"- ","- ",,,"SAN FRANCISCO","SAN FRANCISCO",-122.42359161376953,37.771778106689453
9120898,2020,2020-08-27,3801,2020-06-03,1231,2229,NORTH,3,5,7,3801,0,0,0,,0,,"FRANKLIN ST","LOMBARD ST",0.00,,Y,A,-,N,,,,,,,,,,N,4,0,1,2,A,-,00,20001,,M,G,B,B,A,H,-,A,A,0,Y,,,,Y,,A,08,0,0,1,0,1,0,0,0,0,"- ","- ",,,"SAN FRANCISCO","SAN FRANCISCO",-122.42620086669922,37.801109313964844
9120899,2020,2020-08-27,3801,2020-06-02,1850,2181,BAYVI,2,5,7,3801,0,0,0,,0,3C14D,"GOETTIGEN ST","WOOLSEY ST",4.00,N,N,B,-,N,,,,,,,,,,N,2,0,1,2,A,-,00,21900,A,F,G,B,B,A,H,-,A,D,0,Y,,,,Y,,A,01,1,0,0,0,1,0,0,0,0,"- ","- ",,,"SAN FRANCISCO","SAN FRANCISCO",-122.40556335449219,37.724479675292969
9120901,2020,2020-08-27,3801,2020-06-09,1733,4005,PARK,2,5,7,3801,0,0,0,,0,3F13D,"OAK ST","MASONIC AV",0.00,,Y,A,-,N,,,,,,,,,,N,3,0,1,2,A,-,10,21950,A,N,G,B,B,A,H,-,A,A,0,Y,,Y,,Y,,C,02,0,1,0,0,1,0,0,0,0,"- ","- ",,,"SAN FRANCISCO","SAN FRANCISCO",-122.44574737548828,37.772079467773438
9120909,2020,2020-08-28,3801,2020-06-08,1232,1463,PARK,1,5,7,3801,0,0,0,,0,0F3,"OAK ST","STANYAN ST",0.00,,Y,A,-,N,,,,,,,,,,N,3,0,1,2,A,-,08,22101,D,N,D,G,A,A,H,-,A,A,0,,Y,,,Y,,L,04,0,1,0,0,0,0,1,0,0,"- ","- ",,,"SAN FRANCISCO","SAN FRANCISCO",-122.45395660400391,37.771350860595703