CASE_ID,ACCIDENT_YEAR,PROC_DATE,JURIS,COLLISION_DATE,COLLISION_TIME,OFFICER_ID,REPORTING_DISTRICT,DAY_OF_WEEK,CHP_SHIFT,POPULATION,CNTY_CITY_LOC,SPECIAL_COND,BEAT_TYPE,CHP_BEAT_TYPE,CITY_DIVISION_LAPD,CHP_BEAT_CLASS,BEAT_NUMBER,PRIMARY_RD,SECONDARY_RD,DISTANCE,DIRECTION,INTERSECTION,WEATHER_1,WEATHER_2,STATE_HWY_IND,CALTRANS_COUNTY,CALTRANS_DISTRICT,STATE_ROUTE,ROUTE_SUFFIX,POSTMILE_PREFIX,POSTMILE,LOCATION_TYPE,RAMP_INTERSECTION,SIDE_OF_HWY,TOW_AWAY,COLLISION_SEVERITY,NUMBER_KILLED,NUMBER_INJURED,PARTY_COUNT,PRIMARY_COLL_FACTOR,PCF_CODE_OF_VIOL,PCF_VIOL_CATEGORY,PCF_VIOLATION,PCF_VIOL_SUBSECTION,HIT_AND_RUN,TYPE_OF_COLLISION,MVIW,PED_ACTION,ROAD_SURFACE,ROAD_COND_1,ROAD_COND_2,LIGHTING,CONTROL_DEVICE,CHP_ROAD_TYPE,PEDESTRIAN_ACCIDENT,BICYCLE_ACCIDENT,MOTORCYCLE_ACCIDENT,TRUCK_ACCIDENT,NOT_PRIVATE_PROPERTY,ALCOHOL_INVOLVED,STWD_VEHTYPE_AT_FAULT,CHP_VEHTYPE_AT_FAULT,COUNT_SEVERE_INJ,COUNT_VISIBLE_INJ,COUNT_COMPLAINT_PAIN,COUNT_PED_KILLED,COUNT_PED_INJURED,COUNT_BICYCLIST_KILLED,COUNT_BICYCLIST_INJURED,COUNT_MC_KILLED,COUNT_MC_INJURED,PRIMARY_RAMP,SECONDARY_RAMP,LATITUDE,LONGITUDE,COUNTY,CITY,POINT_X,POINT_Y
9153040,2020,2020-10-29,3801,2020-08-21,1030,2495,PARK,5,5,7,3801,0,0,0,,0,3F14C,"KEZAR DR","MARTIN LUTHER KING DR",0.00,,Y,A,-,N,,,,,,,,,,N,4,0,1,2,A,-,09,21800,A,N,D,G,A,A,H,-,A,A,0,,Y,,,Y,,L,04,0,0,1,0,0,0,1,0,0,"- ","- ",,,"SAN FRANCISCO","SAN FRANCISCO",-122.45867919921875,37.767189025878906
9153201,2020,2020-10-20,3801,2020-08-21,0727,1832,TENDE,5,5,7,3801,0,0,0,,0,3J13A,"MCALLISTER ST","HYDE ST",104.00,E,N,A,-,N,,,,,,,,,,N,3,0,1,3,A,-,17,21663,,F,G,B,F,A,H,-,A,D,0,Y,,Y,,Y,Y,C,02,0,1,0,0,1,0,0,0,0,"- ","- ",,,"SAN FRANCISCO","SAN FRANCISCO",-122.41496276855469,37.780780792236328
9153203,2020,2020-10-20,3801,2020-08-20,2321,2409,SOUTH,4,5,7,3801,0,0,0,,0,3B11E,"MINNA ST","2ND ST",30.00,E,N,A,-,N,,,,,,,,,,N,4,0,1,2,A,-,11,21954,A,N,G,B,E,A,H,-,C,A,0,Y,,,,Y,Y,N,60,0,0,1,0,1,0,0,0,0,"- ","- ",,,"SAN FRANCISCO","SAN FRANCISCO",-122.39920806884766,37.78765869140625
9153881,2020,2020-10-19,3801,2020-08-03,1649,1858,BAYVI,1,5,7,3801,0,0,0,,0,3C13D,"3RD ST","NEWCOMB AV",0.00,,Y,A,-,N,,,,,,,,,,N,4,0,1,2,A,-,09,21453,C,N,B,G,A,A,H,-,A,A,0,,Y,,,Y,Y,-,,0,0,1,0,0,0,1,0,0,"- ","- ",,,"SAN FRANCISCO","SAN FRANCISCO",-122.39048767089844,37.735630035400391
9154107,2020,2020-10-21,3801,2020-08-01,1410,4305,NORTH,6,5,7,3801,0,0,0,,0,,"GREENWICH ST","BUCHANAN ST",0.00,,Y,A,-,N,,,,,,,,,,N,4,0,1,2,A,-,10,21950,A,N,B,B,-,A,H,-,A,D,0,Y,,,,Y,,A,01,0,0,1,0,1,0,0,0,0,"- ","- ",,,"SAN FRANCISCO","SAN FRANCISCO",-122.43257904052734,37.799369812011719
9154112,2020,2020-10-21,3801,2020-08-06,1600,4046,MISSI,4,5,7,3801,0,0,0,,0,3D11D,"BRYANT ST","17TH ST",0.00,,Y,A,-,N,,,,,,,,,,N,3,0,1,2,A,-,08,22107,,N,D,G,A,A,H,-,A,A,0,,Y,,,Y,,A,01,0,1,0,0,0,0,1,0,0,"- ","- ",,,"SAN FRANCISCO","SAN FRANCISCO",-122.41037750244141,37.764320373535156
9154116,2020,2020-10-21,3801,2020-08-11,0442,1464,TENDE,2,5,7,3801,0,0,0,,0,3J13E,"MARKET ST","HYDE ST",0.00,,Y,A,-,N,,,,,,,,,,N,3,0,1,2,A,-,11,21954,A,N,A,B,E,A,H,-,C,D,0,Y,,Y,,Y,,N,60,0,1,0,0,1,0,0,0,0,"- ","- ",,,"SAN FRANCISCO","SAN FRANCISCO",-122.41475677490234,37.778709411621094
9156601,2020,2021-01-28,3801,2020-09-23,1448,2102,TENDE,3,5,7,3801,0,0,0,,0,,"MARKET ST","7TH ST",0.00,,Y,A,-,N,,,,,,,,,,N,3,0,1,2,A,-,08,22107,,N,B,G,A,A,H,-,A,A,0,,Y,,,Y,,L,04,0,1,0,0,0,0,1,0,0,"- ","- ",,,"SAN FRANCISCO","SAN FRANCISCO",-122.41250610351562,37.780479431152344
9156605,2020,2021-01-21,3801,2020-09-29,1415,2374,INGLE,2,5,7,3801,0,0,0,,0,0D6,"26TH ST","YORK ST",103.00,E,N,B,-,N,,,,,,,,,,N,4,0,1,2,A,-,09,21804,A,N,B,G,A,-,H,-,A,D,0,,Y,,,Y,,A,01,0,0,1,0,0,0,1,0,0,"- ","- ",,,"SAN FRANCISCO","SAN FRANCISCO",-122.40755462646484,37.749691009521484
9156606,2020,2021-01-21,3801,2020-09-29,1428,2196,NORTH,2,5,7,3801,0,0,0,,0,3E16A,"POLK ST","CALIFORNIA ST",0.00,,Y,A,-,N,,,,,,,,,,N,4,0,1,2,A,-,09,21801,A,N,D,G,A,A,H,-,A,A,0,,Y,,,Y,,A,01,0,0,1,0,0,0,1,0,0,"- ","- ",,,"SAN FRANCISCO","SAN FRANCISCO",-122.42067718505859,37.790569305419922
9156607,2020,2021-01-21,3801,2020-09-29,0324,1803,TENDE,2,5,7,3801,0,0,0,,0,3J13E,"MCALLISTER ST","HYDE ST",0.00,,Y,A,-,N,,,,,,,,,,N,3,0,1,2,A,-,10,21950,A,F,G,B,B,A,H,-,C,A,0,Y,,,,Y,,-,99,0,1,0,0,1,0,0,0,0,"- ","- ",,,"SAN FRANCISCO","SAN FRANCISCO",-122.41532135009766,37.780738830566406
9156614,2020,2021-01-21,3801,2020-09-27,2018,1148,MISSI,7,5,7,3801,0,0,0,,0,3D15D,"DUBOCE AV","ELGIN PARK",69.00,W,N,A,-,N,,,,,,,,,,N,4,0,1,1,A,-,05,21202,A,N,H,G,A,A,A,-,B,D,0,,Y,,,Y,,L,04,0,0,1,0,0,0,1,0,0,"- ","- ",,,"SAN FRANCISCO","SAN FRANCISCO",-122.42338562011719,37.769817352294922
9156619,2020,2021-01-21,3801,2020-09-27,0943,1523,NORTH,7,5,7,3801,0,0,0,,0,901,"GOUGH ST","UNION ST",0.00,,Y,A,-,N,,,,,,,,,,N,3,0,1,2,A,-,08,22107,,N,A,G,A,A,H,-,A,A,0,,Y,,,Y,,A,01,0,1,0,0,0,0,1,0,0,"- ","- ",,,"SAN FRANCISCO","SAN FRANCISCO",-122.42726135253906,37.798141479492188
9157989,2020,2020-10-19,3801,2020-08-26,1045,1250,SOUTH,3,5,7,3801,0,0,0,,0,3B15A,"7TH ST","KING ST",0.00,,Y,A,-,N,,,,,,,,,,N,4,0,1,2,A,-,10,21950,A,F,D,B,B,A,H,-,A,D,0,Y,,,,Y,,-,,0,0,1,0,1,0,0,0,0,"- ","- ",,,"SAN FRANCISCO","SAN FRANCISCO",-122.40081024169922,37.771141052246094
9159758,2020,2020-10-27,3801,2020-08-14,2130,2749,TARAV,5,5,7,3801,0,0,0,,0,3I11E,"LAWTON ST","28TH AV",0.00,,Y,A,-,N,,,,,,,,,,N,3,0,1,3,A,-,10,21950,A,N,G,B,B,A,H,-,C,D,0,Y,,,,Y,,A,01,0,1,0,0,1,0,0,0,0,"- ","- ",,,"SAN FRANCISCO","SAN FRANCISCO",-122.48636627197266,37.757560729980469
9159948,2020,2020-11-03,3801,2020-09-07,1835,104,TRAFF,1,5,7,3801,0,0,0,,0,,"ANZA ST","STANYAN ST",3.00,W,N,A,-,N,,,,,,,,,,N,2,0,1,2,A,-,10,21950,A,N,G,B,B,A,H,-,B,A,0,Y,,,,Y,,A,07,1,0,0,0,1,0,0,0,0,"- ","- ",,,"SAN FRANCISCO","SAN FRANCISCO",-122.45585632324219,37.779945373535156
9159950,2020,2020-11-03,3801,2020-09-05,0820,2127,TRAFF,6,5,7,3801,0,0,0,,0,4B5I,"MADRID AV","BRAZIL AV",12.00,N,N,A,-,N,,,,,,,,,,N,3,0,1,2,A,-,08,22107,,N,G,B,B,A,H,-,A,D,0,Y,,,,Y,,A,01,0,1,0,0,1,0,0,0,0,"- ","- ",,,"SAN FRANCISCO","SAN FRANCISCO",-122.43161010742188,37.723197937011719
9159951,2020,2020-11-03,3801,2020-09-04,1119,2157,SOUTH,5,5,7,3801,0,0,0,,0,3B14A,"MARKET ST","VALENCIA ST",0.00,,Y,A,-,N,,,,,,,,,,N,4,0,1,2,A,-,08,22107,,F,D,G,A,A,H,-,C,A,0,,Y,,,Y,,A,01,0,0,1,0,0,0,1,0,0,"- ","- ",,,"SAN FRANCISCO","SAN FRANCISCO",-122.42262268066406,37.772548675537109
9159953,2020,2020-11-03,3801,2020-09-14,0950,1166,PARK,1,5,7,3801,0,0,0,,0,03F,"LINCOLN WY","4TH AV",0.00,,Y,A,-,N,,,,,,,,,,N,4,0,1,2,A,-,10,21950,A,N,G,B,B,-,G,-,A,A,0,Y,,,,Y,,A,01,0,0,1,0,1,0,0,0,0,"- ","- ",,,"SAN FRANCISCO","SAN FRANCISCO",-122.46108245849609,37.766159057617188
9159954,2020,2020-11-03,3801,2020-09-15,1726,826,BAYVI,2,5,7,3801,0,0,0,,0,1726,"PALOU AV","3RD ST",169.00,W,N,A,-,N,,,,,,,,,,N,3,0,1,2,A,-,11,21954,A,N,G,B,D,A,H,-,A,D,0,Y,,,,Y,Y,N,60,0,1,0,0,1,0,0,0,0,"- ","- ",,,"SAN FRANCISCO","SAN FRANCISCO",-122.39153289794922,37.734310150146484
9159955,2020,2020-11-03,3801,2020-09-15,1430,2743,SOUTH,2,5,7,3801,0,0,0,,0,3B2,"3RD ST","FOLSOM ST",30.00,N,N,A,-,N,,,,,,,,,,N,3,0,1,2,A,-,11,21955,,N,G,B,D,A,H,-,A,A,0,Y,,,,Y,,N,60,0,1,0,0,1,0,0,0,0,"- ","- ",,,"SAN FRANCISCO","SAN FRANCISCO",-122.39903259277344,37.783840179443359
9159957,2020,2020-11-03,3801,2020-09-20,2325,1237,CENTR,7,5,7,3801,0,0,0,,0,3A12E,"SUTTER ST","STOCKTON ST",120.00,W,N,A,-,N,,,,,,,,,,Y,2,0,1,2,A,-,11,21955,,F,G,B,D,A,H,-,C,A,0,Y,,,,Y,,N,60,1,0,0,0,1,0,0,0,0,"- ","- ",,,"SAN FRANCISCO","SAN FRANCISCO",-122.4073486328125,37.789371490478516
9159958,2020,2020-11-20,3801,2020-09-17,1815,323,CENTR,4,5,7,3801,0,0,0,,0,3A5D,"BATTERY ST","WASHINGTON ST",0.00,,Y,A,-,N,,,,,,,,,,N,4,0,1,2,A,-,10,21950,,N,G,B,B,A,H,-,B,A,0,Y,,,,Y,,A,01,0,0,1,0,1,0,0,0,0,"- ","- ",,,"SAN FRANCISCO","SAN FRANCISCO",-122.40049743652344,37.795890808105469
9159960,2020,2020-11-03,3801,2020-09-22,1735,2435,MISSI,2,5,7,3801,0,0,0,,0,003,"22ND ST","GUERRERO ST",0.00,,Y,A,-,N,,,,,,,,,,,3,0,1,2,A,-,10,21950,A,N,D,G,A,A,H,-,A,A,0,,Y,,,Y,,A,01,0,1,0,0,0,0,1,0,0,"- ","- ",,,"SAN FRANCISCO","SAN FRANCISCO",-122.42317962646484,37.755180358886719
9159964,2020,2020-11-03,3801,2020-09-22,0956,2188,TARAV,2,5,7,3801,0,0,0,,0,3I41,"ORTEGA ST","42ND AV",0.00,,Y,B,-,N,,,,,,,,,,N,4,0,1,2,A,-,03,22350,,N,G,B,E,A,H,-,A,-,0,Y,,,,Y,,A,01,0,0,1,0,1,0,0,0,0,"- ","- ",,,"SAN FRANCISCO","SAN FRANCISCO",-122.50099182128906,37.75128173828125
9159967,2020,2020-11-02,3801,2020-09-21,1834,2008,MISSI,1,5,7,3801,0,0,0,,0,3D15D,"MISSION ST","16TH ST",8.00,N,N,A,-,N,,,,,,,,,,N,3,0,1,2,A,-,10,21950,A,N,G,B,B,A,H,-,A,A,0,Y,,,,Y,,A,07,0,1,0,0,1,0,0,0,0,"- ","- ",,,"SAN FRANCISCO","SAN FRANCISCO",-122.41967010498047,37.765071868896484
9159968,2020,2020-11-02,3801,2020-09-21,1500,2050,NORTH,1,5,7,3801,0,0,0,,0,3E14D,"SUTTER ST","POST ST",159.00,W,N,A,-,N,,,,,,,,,,N,4,0,1,2,A,-,03,22350,,F,A,B,E,A,H,-,A,D,0,Y,,,,Y,,A,01,0,0,1,0,1,0,0,0,0,"- ","- ",,,"SAN FRANCISCO","SAN FRANCISCO",,
9159970,2020,2020-11-02,3801,2020-09-02,0700,1486,TRAFF,3,5,7,3801,0,0,0,,0,,"6TH ST","CLARA ST",3.00,S,N,A,-,N,,,,,,,,,,N,2,0,1,2,A,-,10,21950,A,F,G,B,D,A,H,-,A,D,0,Y,,,,Y,Y,-,,1,0,0,0,1,0,0,0,0,"- ","- ",,,"SAN FRANCISCO","SAN FRANCISCO",-122.40460205078125,37.777706146240234
9159971,2020,2020-11-02,3801,2020-09-24,1810,2420,TENDE,4,5,7,3801,0,0,0,,0,3J15D,"TURK ST","JONES ST",0.00,,Y,A,-,N,,,,,,,,,,N,3,0,1,2,A,-,11,21453,D,N,G,B,B,A,H,-,B,A,0,Y,,,,Y,Y,N,60,0,1,0,0,1,0,0,0,0,"- ","- ",,,"SAN FRANCISCO","SAN FRANCISCO",-122.41240692138672,37.783000946044922
9159972,2020,2020-11-02,3801,2020-09-24,1403,2176,SOUTH,4,5,7,3801,0,0,0,,0,,"CHANNEL ST","4TH ST",413.00,W,N,A,-,N,,,,,,,,,,N,4,0,1,2,A,-,11,21955,,N,G,B,D,A,H,-,A,D,0,Y,,,,Y,,N,60,0,0,1,0,1,0,0,0,0,"- ","- ",,,"SAN FRANCISCO","SAN FRANCISCO",-122.39265441894531,37.773555755615234
9159978,2020,2020-11-02,3801,2020-09-09,1512,2743,SOUTH,3,5,7,3801,0,0,0,,0,3B5,"2ND ST","TOWNSEND ST",0.00,,Y,B,-,N,,,,,,,,,,N,3,0,1,2,A,-,09,21801,A,N,D,G,A,A,H,-,A,A,0,,Y,,,Y,,L,04,0,1,0,0,0,0,1,0,0,"- ","- ",,,"SAN FRANCISCO","SAN FRANCISCO",-122.39051818847656,37.780620574951172
9159979,2020,2020-11-02,3801,2020-09-09,0843,1861,TARAV,3,5,7,3801,0,0,0,,0,3I13A,"MORAGA ST","32ND AV",0.00,,Y,B,F,N,,,,,,,,,,N,4,0,1,2,A,-,10,21950,A,N,G,B,B,A,H,-,D,A,0,Y,,,,Y,,A,01,0,0,1,0,1,0,0,0,0,"- ","- ",,,"SAN FRANCISCO","SAN FRANCISCO",-122.49053955078125,37.755481719970703
9159980,2020,2020-11-02,3801,2020-09-08,1932,2493,INGLE,2,5,7,3801,0,0,0,,0,3H15D,"RUSSIA AV","LONDON ST",0.00,,Y,A,-,N,,,,,,,,,,N,2,0,1,2,A,-,00,23950,B,N,A,B,B,A,H,-,C,D,0,Y,,,,Y,,N,60,1,0,0,0,1,0,0,0,0,"- ","- ",,,"SAN FRANCISCO","SAN FRANCISCO",-122.43637084960938,37.721199035644531
9159981,2020,2020-11-19,3801,2020-09-08,0806,640,MISSI,2,5,7,3801,0,0,0,,0,,"MARKET ST","CASTRO ST",0.00,,Y,A,-,N,,,,,,,,,,N,4,0,1,2,A,-,09,21804,A,N,H,G,A,A,H,-,A,A,0,,Y,,,Y,,A,07,0,0,1,0,0,0,1,0,0,"- ","- ",,,"SAN FRANCISCO","SAN FRANCISCO",-122.43515777587891,37.762638092041016
9159985,2020,2020-11-18,3801,2020-09-25,1315,495,INGLE,5,5,7,3801,0,0,0,,0,,"MISSION ST","VIRGINIA AV",0.00,,Y,-,-,N,,,,,,,,,,N,4,0,1,2,A,-,10,21950,A,N,G,B,B,-,H,-,A,-,0,Y,,,,Y,,A,01,0,0,1,0,1,0,0,0,0,"- ","- ",,,"SAN FRANCISCO","SAN FRANCISCO",-122.42150115966797,37.743148803710938
9165676,2020,2020-10-26,3801,2020-09-28,0430,782,CENTR,1,5,7,3801,0,0,0,,0,,"POST ST","KEARNY ST",0.00,,Y,A,-,N,,,,,,,,,,N,4,0,1,2,A,-,"- ",,,M,G,B,B,A,H,-,C,A,0,Y,,,,Y,Y,-,99,0,0,1,0,1,0,0,0,0,"- ","- ",,,"SAN FRANCISCO","SAN FRANCISCO",-122.40366363525391,37.788898468017578
9166807,2020,2020-11-25,3801,2020-09-23,1335,392,MISSI,3,5,7,3801,0,0,0,,0,3D14A,"CAPP ST","24TH ST",65.00,S,N,A,-,N,,,,,,,,,,N,4,0,1,2,A,-,17,22517,,N,B,G,A,A,H,-,A,D,0,,Y,,,Y,,A,01,0,0,1,0,0,0,1,0,0,"- ","- ",,,"SAN FRANCISCO","SAN FRANCISCO",-122.41732025146484,37.752132415771484
9166809,2020,2020-11-25,3801,2020-09-22,1227,845,TRAFF,2,5,7,3801,0,0,0,,0,4B2D,"TIFFANY ST","DUNCAN ST",293.00,S,N,A,-,N,,,,,,,,,,N,4,0,1,2,A,-,06,21750,A,N,D,G,A,A,H,-,A,D,0,,Y,,,Y,,L,04,0,0,1,0,0,0,1,0,0,"- ","- ",,,"SAN FRANCISCO","SAN FRANCISCO",-122.42084503173828,37.745742797851562
9166810,2020,2020-11-25,3801,2020-09-22,1149,1424,NORTH,2,5,7,3801,0,0,0,,0,3E41C,"FELL ST","DIVISADERO ST",0.00,,Y,A,-,N,,,,,,,,,,N,3,0,1,2,A,-,00,20001,,F,B,G,A,A,H,-,A,D,0,,Y,,,Y,,-,99,0,1,0,0,0,0,1,0,0,"- ","- ",,,"SAN FRANCISCO","SAN FRANCISCO",-122.43759918212891,37.774059295654297
9166812,2020,2020-11-25,3801,2020-09-16,1946,203,MISSI,3,5,7,3801,0,0,0,,0,,VALENCIA,"24TH ST",30.00,N,N,A,-,N,,,,,,,,,,N,4,0,1,2,A,-,08,22107,,N,B,G,A,A,H,-,C,A,0,,Y,,,Y,,A,01,0,0,1,0,0,0,1,0,0,"- ","- ",,,"SAN FRANCISCO","SAN FRANCISCO",-122.42066192626953,37.752193450927734
9166815,2020,2020-11-25,3801,2020-09-16,1652,2731,RICHM,3,5,7,3801,0,0,0,,0,3G12D,"8TH AV","CLEMENT ST",211.00,N,N,A,-,N,,,,,,,,,,N,3,0,1,2,A,-,09,21804,,N,D,G,A,A,H,-,A,D,0,,Y,,,Y,,L,04,0,1,0,0,0,0,1,0,0,"- ","- ",,,"SAN FRANCISCO","SAN FRANCISCO",-122.46660614013672,37.783420562744141
9166819,2020,2020-11-25,3801,2020-09-26,1632,2433,MISSI,6,5,7,3801,0,0,0,,0,3D16D,"VALENCIA ST","15TH ST",0.00,,Y,A,-,N,,,,,,,,,,N,4,0,1,2,A,-,10,21950,A,F,G,B,B,A,H,-,A,A,0,Y,,,,Y,,A,01,0,0,1,0,1,0,0,0,0,"- ","- ",,,"SAN FRANCISCO","SAN FRANCISCO",-122.42202758789062,37.766529083251953
9166821,2020,2020-11-25,3801,2020-09-30,2020,1937,PARK,3,5,7,3801,0,0,0,,0,3F13D,"FELL ST","STANYAN ST",0.00,,Y,A,-,N,,,,,,,,,,N,3,0,1,2,A,-,08,22107,,N,B,G,A,A,H,-,C,A,0,,Y,,,Y,,L,04,0,1,0,0,0,0,1,0,0,"- ","- ",,,"SAN FRANCISCO","SAN FRANCISCO",-122.45407104492188,37.771968841552734
9166822,2020,2020-11-25,3801,2020-09-30,1757,399,"PARK ",3,5,7,3801,0,0,0,,0,001,"JOHN F KENNEDY DR","CONSERVATORY DR",0.00,,Y,A,-,N,,,,,,,,,,N,3,0,2,2,A,-,03,22350,,N,G,B,E,A,H,-,A,D,0,Y,Y,,,Y,,L,04,0,2,0,0,1,0,1,0,0,"- ","- ",,,"SAN FRANCISCO","SAN FRANCISCO",-122.46205139160156,37.771770477294922
9166828,2020,2020-11-25,3801,2020-09-09,1610,970,BAYVI,3,5,7,3801,0,0,0,,0,,"SILVER AV","LEDYARD ST",0.00,,Y,A,-,N,,,,,,,,,,N,4,0,1,2,D,-,00,,,N,G,B,A,A,H,-,A,A,0,,,,,Y,,-,"- ",0,0,1,0,0,0,0,0,0,"- ","- ",,,"SAN FRANCISCO","SAN FRANCISCO",-122.40287780761719,37.73406982421875
9166837,2020,2020-11-25,3801,2020-09-12,1534,2490,NORTH,6,5,7,3801,0,0,0,,0,3E15D,"SCOTT ST","HAIGHT ST",0.00,,Y,A,-,N,,,,,,,,,,N,4,0,1,2,A,-,11,21950,B,N,D,B,E,A,H,-,A,A,0,Y,,,,Y,,N,60,0,0,1,0,1,0,0,0,0,"- ","- ",,,"SAN FRANCISCO","SAN FRANCISCO",-122.43538665771484,37.771480560302734
9166838,2020,2020-11-25,3801,2020-09-10,1515,1501,INGLE,4,5,7,3801,0,0,0,,0,3H16A,"POST ST","DIVISADERO ST",0.00,,Y,A,-,N,,,,,,,,,,N,4,0,2,3,A,-,10,21950,A,F,G,B,B,A,-,-,A,A,0,Y,,,,Y,,A,01,0,0,2,0,2,0,0,0,0,"- ","- ",,,"SAN FRANCISCO","SAN FRANCISCO",-122.43966674804688,37.784309387207031
9166921,2020,2020-11-30,3801,2020-09-11,1710,2118,NORTH,5,5,7,3801,0,0,0,,0,3E14D,"WEBSTER ST","POST ST",0.00,,Y,A,-,N,,,,,,,,,,N,2,0,1,2,A,-,10,21950,A,N,G,B,B,A,H,-,A,A,0,Y,,,,Y,,-,"- ",1,0,0,0,1,0,0,0,0,"- ","- ",,,"SAN FRANCISCO","SAN FRANCISCO",-122.43142700195312,37.785358428955078
9166924,2020,2020-11-30,3801,2020-09-04,2026,6,TENDE,5,5,7,3801,0,0,0,,0,,"STEVENSON ST","7TH ST",0.00,,Y,A,-,N,,,,,,,,,,,4,0,1,2,A,-,05,21650,,N,D,G,A,A,H,-,C,D,0,,Y,,,Y,,L,04,0,0,1,0,0,0,1,0,0,"- ","- ",,,"SAN FRANCISCO","SAN FRANCISCO",-122.41188812255859,37.779991149902344
9166927,2020,2020-11-30,3801,2020-09-04,1416,1856,SOUTH,5,5,7,3801,0,0,0,,0,0B1,"HOWARD ST","SPEAR ST",0.00,,Y,A,-,N,,,,,,,,,,N,4,0,1,2,A,-,10,21950,A,N,G,B,B,A,H,-,A,A,0,Y,,,,Y,,A,01,0,0,1,0,1,0,0,0,0,"- ","- ",,,"SAN FRANCISCO","SAN FRANCISCO",-122.39254760742188,37.79132080078125
9166928,2020,2020-11-30,3801,2020-09-03,1724,668,NORTH,4,5,7,3801,0,0,0,,0,3E13D,"VAN NESS AV","GEARY ST",0.00,,Y,A,-,N,,,,,,,,,,N,4,0,1,2,A,-,10,21950,A,N,G,B,B,A,H,-,A,A,0,Y,,,,Y,,A,07,0,0,1,0,1,0,0,0,0,"- ","- ",,,"SAN FRANCISCO","SAN FRANCISCO",-122.42131805419922,37.785701751708984
9166934,2020,2020-11-30,3801,2020-09-01,1445,764,MISSI,2,5,7,3801,0,0,0,,0,3D44C,"FOLSOM ST","FOLSOM ST   2755",0.00,,Y,A,-,N,,,,,,,,,,N,4,0,1,4,A,-,07,21658,A,N,H,B,F,A,H,-,A,A,0,Y,,,,Y,,A,01,0,0,1,0,1,0,0,0,0,"- ","- ",,,"SAN FRANCISCO","SAN FRANCISCO",,
9166935,2020,2020-11-30,3801,2020-09-05,2044,A21570,CENTR,6,5,7,3801,0,0,0,,0,3A13D,"BAY  ST","COLUMBUS AV",0.00,,Y,A,-,N,,,,,,,,,,N,4,0,1,2,A,-,09,21801,A,N,-,G,A,A,H,-,C,D,0,,Y,,,Y,,A,01,0,0,1,0,0,0,1,0,0,"- ","- ",,,"SAN FRANCISCO","SAN FRANCISCO",-122.41719818115234,37.805191040039062
9166936,2020,2020-11-30,3801,2020-09-11,1058,1297,MISSI,5,5,7,3801,0,0,0,,0,3D11A,"BARTLETT ST","26TH ST",81.00,N,N,A,-,N,,,,,,,,,,N,4,0,1,2,A,-,08,22107,,N,G,B,E,A,D,-,A,D,0,Y,,,,Y,,A,01,0,0,1,0,1,0,0,0,0,"- ","- ",,,"SAN FRANCISCO","SAN FRANCISCO",-122.41925048828125,37.749210357666016
9166990,2020,2020-11-16,3801,2020-09-17,1716,2132,PARK,4,5,7,3801,0,0,0,,0,3F60,"HAIGHT ST","CLAYTON ST",0.00,,Y,A,-,N,,,,,,,,,,N,4,0,1,2,-,-,"- ",,A,F,G,B,B,A,H,-,A,A,0,Y,,,,Y,,D,22,0,0,1,0,1,0,0,0,0,"- ","- ",,,"SAN FRANCISCO","SAN FRANCISCO",-122.44857788085938,37.769798278808594
9167133,2020,2020-10-23,3801,2020-06-29,2330,1489,SOUTH,1,5,7,3801,0,0,0,,0,,OWENS,"MARIPOSA ST",298.00,N,N,F,-,N,,,,,,,,,,N,4,0,1,2,D,-,00,,,N,D,G,A,A,H,-,C,D,0,,Y,,,Y,,-,"- ",0,0,1,0,0,0,1,0,0,"- ","- ",,,"SAN FRANCISCO","SAN FRANCISCO",-122.39234161376953,37.764850616455078
9168123,2020,2020-11-16,3801,2020-09-14,1730,1784,TENDE,1,5,7,3801,0,0,0,,0,3J13D,"MCALLISTER ST","HYDE ST",0.00,,Y,A,-,N,,,,,,,,,,N,3,0,1,2,A,-,08,22107,,N,A,G,A,A,H,-,A,A,0,,Y,,,Y,,A,07,0,1,0,0,0,0,1,0,0,"- ","- ",,,"SAN FRANCISCO","SAN FRANCISCO",-122.41532135009766,37.780738830566406
9168130,2020,2020-11-16,3801,2020-09-25,1703,1388,CENTR,5,5,7,3801,0,0,0,,0,3A12C,"COLUMBUS AV","VALLEJO ST",0.00,,Y,A,-,N,,,,,,,,,,N,2,0,1,2,A,-,10,21950,A,F,G,B,B,A,H,-,A,A,0,Y,,,,Y,,A,01,1,0,0,0,1,0,0,0,0,"- ","- ",,,"SAN FRANCISCO","SAN FRANCISCO",-122.40789031982422,37.798721313476562