CASE_ID,ACCIDENT_YEAR,PROC_DATE,JURIS,COLLISION_DATE,COLLISION_TIME,OFFICER_ID,REPORTING_DISTRICT,DAY_OF_WEEK,CHP_SHIFT,POPULATION,CNTY_CITY_LOC,SPECIAL_COND,BEAT_TYPE,CHP_BEAT_TYPE,CITY_DIVISION_LAPD,CHP_BEAT_CLASS,BEAT_NUMBER,PRIMARY_RD,SECONDARY_RD,DISTANCE,DIRECTION,INTERSECTION,WEATHER_1,WEATHER_2,STATE_HWY_IND,CALTRANS_COUNTY,CALTRANS_DISTRICT,STATE_ROUTE,ROUTE_SUFFIX,POSTMILE_PREFIX,POSTMILE,LOCATION_TYPE,RAMP_INTERSECTION,SIDE_OF_HWY,TOW_AWAY,COLLISION_SEVERITY,NUMBER_KILLED,NUMBER_INJURED,PARTY_COUNT,PRIMARY_COLL_FACTOR,PCF_CODE_OF_VIOL,PCF_VIOL_CATEGORY,PCF_VIOLATION,PCF_VIOL_SUBSECTION,HIT_AND_RUN,TYPE_OF_COLLISION,MVIW,PED_ACTION,ROAD_SURFACE,ROAD_COND_1,ROAD_COND_2,LIGHTING,CONTROL_DEVICE,CHP_ROAD_TYPE,PEDESTRIAN_ACCIDENT,BICYCLE_ACCIDENT,MOTORCYCLE_ACCIDENT,TRUCK_ACCIDENT,NOT_PRIVATE_PROPERTY,ALCOHOL_INVOLVED,STWD_VEHTYPE_AT_FAULT,CHP_VEHTYPE_AT_FAULT,COUNT_SEVERE_INJ,COUNT_VISIBLE_INJ,COUNT_COMPLAINT_PAIN,COUNT_PED_KILLED,COUNT_PED_INJURED,COUNT_BICYCLIST_KILLED,COUNT_BICYCLIST_INJURED,COUNT_MC_KILLED,COUNT_MC_INJURED,PRIMARY_RAMP,SECONDARY_RAMP,LATITUDE,LONGITUDE,COUNTY,CITY,POINT_X,POINT_Y
9168131,2020,2020-11-16,3801,2020-09-25,1746,312,TARAV,5,5,7,3801,0,0,0,,0,1CAR,"9TH AV","IRVING ST",258.00,S,N,A,-,N,,,,,,,,,,N,3,0,1,2,A,-,05,21651,B,N,A,G,A,A,H,-,A,D,0,,Y,,,Y,,L,04,0,1,0,0,0,0,1,0,0,"- ","- ",,,"SAN FRANCISCO","SAN FRANCISCO",-122.46627044677734,37.763332366943359
9168132,2020,2020-11-16,3801,2020-09-25,1601,2450,INGLE,5,5,7,3801,0,0,0,,0,3H16C,"MISSION ST","PRECITA AV",72.00,S,N,A,-,N,,,,,,,,,,N,4,0,1,2,A,-,11,21954,A,N,G,B,D,A,H,-,A,D,0,Y,,,,Y,,N,60,0,0,1,0,1,0,0,0,0,"- ","- ",,,"SAN FRANCISCO","SAN FRANCISCO",-122.41923522949219,37.746585845947266
9168134,2020,2020-11-16,3801,2020-09-25,2500,1326,BAYVI,5,5,7,3801,0,0,0,,0,3C13E,"EVANS AV","RANKINS AV",0.00,,Y,A,-,N,,,,,,,,,,N,2,0,1,2,A,-,00,21954,,N,G,B,D,A,H,-,C,D,0,Y,,,,Y,Y,N,60,1,0,0,0,1,0,0,0,0,"- ","- ",,,"SAN FRANCISCO","SAN FRANCISCO",-122.39215850830078,37.745079040527344
9168137,2020,2020-11-16,3801,2020-09-09,2049,1994,TRAFF,3,5,7,3801,0,0,0,,0,45B3G,"SUTTER ST","HYDE ST",193.00,E,N,B,-,N,,,,,,,,,,N,2,0,1,2,A,-,11,21955,,N,-,B,E,A,H,-,C,D,0,Y,,,,Y,,N,60,1,0,0,0,1,0,0,0,0,"- ","- ",,,"SAN FRANCISCO","SAN FRANCISCO",-122.41615295410156,37.788261413574219
9168139,2020,2020-11-16,3801,2020-09-09,1845,1784,TENDE,3,5,7,3801,0,0,0,,0,3J15D,"LARKIN ST","GROVE ST",5.00,N,N,A,-,N,,,,,,,,,,N,2,0,1,2,A,-,12,21453,A,F,G,B,B,A,-,-,C,A,0,Y,,,,Y,Y,A,01,1,0,0,0,1,0,0,0,0,"- ","- ",,,"SAN FRANCISCO","SAN FRANCISCO",-122.41659545898438,37.778675079345703
9168140,2020,2020-11-16,3801,2020-09-03,0505,1951,SOUTH,4,5,7,3801,0,0,0,,0,3B32,"6TH ST","FOLSOM ST",0.00,,Y,A,-,N,,,,,,,,,,N,4,0,1,2,A,-,17,21657,,N,D,G,A,A,H,-,C,A,0,,Y,,,Y,,L,04,0,0,1,0,0,0,1,0,0,"- ","- ",,,"SAN FRANCISCO","SAN FRANCISCO",-122.40560150146484,37.778499603271484
9168752,2020,2020-10-19,3801,2020-09-15,1401,2719,RICHM,2,5,7,3801,0,0,0,,0,001,"JOHN F KENNEDY DR","NEAR MARX MEADOW",0.00,,N,A,-,N,,,,,,,,,,N,4,0,1,2,A,-,04,21703,,N,C,G,A,A,H,-,A,-,0,,Y,,,Y,,L,04,0,0,1,0,0,0,1,0,0,"- ","- ",,,"SAN FRANCISCO","SAN FRANCISCO",,
9169184,2020,2020-11-19,3801,2020-09-07,1139,2722,SOUTH,1,5,7,3801,0,0,0,,0,"4 CAR","HOWARD ST","9TH ST",9.00,W,N,A,-,N,,,,,,,,,,N,3,0,1,2,A,-,10,21950,A,N,G,B,B,A,H,-,A,A,0,Y,,,,Y,,A,01,0,1,0,0,1,0,0,0,0,"- ","- ",,,"SAN FRANCISCO","SAN FRANCISCO",-122.41318511962891,37.774982452392578
9169186,2020,2020-11-19,3801,2020-09-07,1616,2407,NORTH,1,5,7,3801,0,0,0,,0,3E16D,"VAN NESS AV","VALLEJO ST",0.00,,Y,A,-,N,,,,,,,,,,N,3,0,1,2,A,-,10,21950,A,N,G,B,B,A,H,-,A,A,0,Y,,,,Y,,A,01,0,1,0,0,1,0,0,0,0,"- ","- ",,,"SAN FRANCISCO","SAN FRANCISCO",-122.42369079589844,37.796680450439453
9169197,2020,2020-11-19,3801,2020-09-20,1725,209,NORTH,7,5,7,3801,0,0,0,,0,NORTH,"DIVISADERO ST","OAK ST",0.00,,Y,A,-,N,,,,,,,,,,N,4,0,1,2,A,-,08,21717,,N,D,G,A,A,-,-,A,A,0,,Y,,,Y,,A,01,0,0,1,0,0,0,1,0,0,"- ","- ",,,"SAN FRANCISCO","SAN FRANCISCO",-122.43743133544922,37.773139953613281
9169198,2020,2020-11-24,3801,2020-09-09,1935,1116,MISSI,3,5,7,3801,0,0,0,,0,3D15D,"16TH ST","CAPP ST",39.00,E,N,-,-,N,,,,,,,,,,N,3,0,1,2,A,-,11,21954,A,N,G,B,E,A,H,-,C,A,0,Y,,,,Y,,N,60,0,1,0,0,1,0,0,0,0,"- ","- ",,,"SAN FRANCISCO","SAN FRANCISCO",-122.41856384277344,37.765113830566406
9169207,2020,2020-11-17,3801,2020-09-18,1630,82,MISSI,5,5,7,3801,0,0,0,,0,3D13D,"GUERRERO ST","20TH ST",11.00,E,N,A,-,N,,,,,,,,,,N,4,0,1,2,A,-,10,21950,A,N,G,B,B,A,H,-,A,A,0,Y,,,,Y,,A,01,0,0,1,0,1,0,0,0,0,"- ","- ",,,"SAN FRANCISCO","SAN FRANCISCO",-122.42346954345703,37.75836181640625
9169211,2020,2020-11-17,3801,2020-09-18,1033,4095,TARAV,5,5,7,3801,0,0,0,,0,0I1,"LINCOLN WY","9TH AV",0.00,,Y,A,-,N,,,,,,,,,,N,4,0,1,2,A,-,00,21456,C,N,G,B,B,A,H,-,A,A,0,Y,,,,Y,,N,60,0,0,1,0,1,0,0,0,0,"- ","- ",,,"SAN FRANCISCO","SAN FRANCISCO",-122.46643829345703,37.76593017578125
9169212,2020,2020-11-17,3801,2020-09-18,0803,354,TENDE,5,5,7,3801,0,0,0,,0,3J12A,"4TH ST","MISSION ST",75.00,N,N,A,-,N,,,,,,,,,,N,4,0,1,2,A,-,03,22350,,N,G,B,E,A,H,-,A,D,0,Y,,,,Y,,A,07,0,0,1,0,1,0,0,0,0,"- ","- ",,,"SAN FRANCISCO","SAN FRANCISCO",-122.40443420410156,37.784671783447266
9169219,2020,2020-11-17,3801,2020-09-08,0904,1500,CENTR,2,5,7,3801,0,0,0,,0,3A14A,"POWELL ST","BAY ST",96.00,S,N,B,-,N,,,,,,,,,,N,4,0,1,2,A,-,06,21756,A,N,H,B,E,A,H,-,A,D,0,Y,Y,,,Y,,L,04,0,0,1,0,1,0,0,0,0,"- ","- ",,,"SAN FRANCISCO","SAN FRANCISCO",-122.41188812255859,37.805580139160156
9172753,2020,2021-02-16,3801,2020-12-04,1251,1422,TRAFF,5,5,7,3801,0,0,0,,0,,"SUNSET BL","VICENTE ST",0.00,,Y,A,-,N,,,,,,,,,,N,4,0,2,3,-,-,"- ",,A,N,D,G,A,A,H,-,A,A,0,,Y,,,Y,,J,48,0,0,2,0,0,0,2,0,0,"- ","- ",,,"SAN FRANCISCO","SAN FRANCISCO",-122.49427032470703,37.738498687744141
9173880,2020,2020-10-28,3801,2020-09-24,1607,472,TARAV,4,5,7,3801,0,0,0,,0,3I15D,"20THY AV","WINSTON  DR",321.00,N,N,A,-,N,,,,,,,,,,N,4,0,1,2,A,-,11,21954,A,N,G,B,D,A,H,-,A,A,0,Y,,,,Y,,N,60,0,0,1,0,1,0,0,0,0,"- ","- ",,,"SAN FRANCISCO","SAN FRANCISCO",-122.47565460205078,37.727706909179688
9178265,2020,2020-12-07,3801,2020-10-08,2044,4178,TRAFF,4,5,7,3801,0,0,0,,0,4B3A,"EVANS AV","PHELPS ST",8.00,E,N,A,-,N,,,,,,,,,,Y,2,0,1,2,-,-,"- ",,A,F,G,B,B,A,H,-,C,A,0,Y,,,,Y,,D,22,1,0,0,0,1,0,0,0,0,"- ","- ",,,"SAN FRANCISCO","SAN FRANCISCO",-122.388427734375,37.742965698242188
9178365,2020,2020-12-21,3801,2020-10-16,2346,1352,MISSI,5,5,7,3801,0,0,0,,0,3D11E,"EUREKA ST","22ND ST",100.00,S,N,A,-,N,,,,,,,,,,N,3,0,1,2,A,-,03,22350,,F,A,G,A,A,H,-,C,D,0,,Y,,,Y,,A,01,0,1,0,0,0,0,1,0,0,"- ","- ",,,"SAN FRANCISCO","SAN FRANCISCO",-122.43760681152344,37.754035949707031
9178366,2020,2020-12-21,3801,2020-10-15,1600,2058,MISSI,4,5,7,3801,0,0,0,,0,PARK3,"DUBOCE ST","NOE ST",0.00,,Y,A,-,N,,,,,,,,,,N,3,0,1,2,D,-,00,,,N,G,B,B,A,H,-,A,D,0,Y,,,,Y,,-,"- ",0,1,0,0,1,0,0,0,0,"- ","- ",,,"SAN FRANCISCO","SAN FRANCISCO",-122.43357086181641,37.769191741943359
9178367,2020,2020-12-21,3801,2020-10-08,2306,831,TENDE,4,5,7,3801,0,0,0,,0,3J11E,"MARKET ST","9TH ST",0.00,,Y,A,-,N,,,,,,,,,,N,3,0,1,2,A,-,11,21955,,N,G,B,D,A,H,-,C,A,0,Y,,,,Y,Y,N,60,0,1,0,0,1,0,0,0,0,"- ","- ",,,"SAN FRANCISCO","SAN FRANCISCO",-122.41632843017578,37.777500152587891
9178368,2020,2020-12-21,3801,2020-10-07,1224,392,MISSI,3,5,7,3801,0,0,0,,0,3D14A,"DUBOCE AV","BUCHANAN ST",48.00,W,N,A,-,N,,,,,,,,,,N,4,0,1,2,A,-,17,21208,B,N,A,G,A,A,H,-,A,D,0,,Y,,,Y,,L,04,0,0,1,0,0,0,0,0,0,CN,"- ",,,"SAN FRANCISCO","SAN FRANCISCO",-122.42655181884766,37.769680023193359
9178369,2020,2020-12-21,3801,2020-10-07,0830,392,MISSI,3,5,7,3801,0,0,0,,0,3D14A,"POTRERO AV","19TH ST",109.00,N,N,B,-,N,,,,,,,,,,N,4,0,1,2,A,-,03,22350,,N,A,B,F,A,H,-,A,D,0,Y,,,,Y,,A,01,0,0,1,0,1,0,0,0,0,"- ","- ",,,"SAN FRANCISCO","SAN FRANCISCO",-122.40711975097656,37.760967254638672
9178379,2020,2020-12-21,3801,2020-10-30,1617,1184,MISSI,5,5,7,3801,0,0,0,,0,3D14D,"OSAGE ALY","24TH ST",0.00,,Y,A,-,N,,,,,,,,,,N,4,0,1,2,A,-,10,21950,A,N,G,B,B,A,H,-,A,D,0,Y,Y,,,Y,,L,04,0,0,1,0,1,0,0,0,0,"- ","- ",,,"SAN FRANCISCO","SAN FRANCISCO",-122.41902923583984,37.752220153808594
9178384,2020,2021-01-06,3801,2020-10-27,1642,2378,TARAV,2,5,7,3801,0,0,0,,0,005,"JUNIPERO SERRA BL","SLOAT BL",0.00,,N,A,-,N,,,,,,,,,,N,3,0,1,2,A,-,03,22350,,F,C,G,A,A,H,-,A,A,0,,Y,,,Y,Y,-,99,0,1,0,0,0,0,1,0,0,"- ","- ",,,"SAN FRANCISCO","SAN FRANCISCO",-122.47152709960938,37.734760284423828
9178385,2020,2021-01-06,3801,2020-10-27,1349,2161,MISSI,2,5,7,3801,0,0,0,,0,3D11C,"CHURCH ST","CESAR CHAVEZ ST",0.00,,Y,A,-,N,,,,,,,,,,N,4,0,1,2,A,-,10,21950,A,N,G,B,B,A,H,-,A,D,0,Y,,,,Y,,A,01,0,0,1,0,1,0,0,0,0,"- ","- ",,,"SAN FRANCISCO","SAN FRANCISCO",-122.42704010009766,37.74774169921875
9178391,2020,2021-01-06,3801,2020-10-26,2105,1351,MISSI,1,5,7,3801,0,0,0,,0,3D11E,"MARKET ST","CHURCH ST",0.00,,Y,A,-,N,,,,,,,,,,N,4,0,1,2,A,-,11,21461,5,N,G,B,B,A,H,-,C,A,0,Y,,,,Y,,N,60,0,0,1,0,1,0,0,0,0,"- ","- ",,,"SAN FRANCISCO","SAN FRANCISCO",-122.42893981933594,37.767608642578125
9178393,2020,2021-01-06,3801,2020-10-15,0745,2247,MISSI,4,5,7,3801,0,0,0,,0,03D,"DUNCAN ST","DIAMOND HEIGHTS",0.00,,Y,A,-,N,,,,,,,,,,N,4,0,1,2,A,-,03,22350,,F,A,B,B,A,H,-,A,A,0,Y,,,,Y,,D,22,0,0,1,0,1,0,0,0,0,"- ","- ",,,"SAN FRANCISCO","SAN FRANCISCO",-122.44339752197266,37.74652099609375
9178394,2020,2021-01-06,3801,2020-10-14,2234,1375,MISSI,3,5,7,3801,0,0,0,,0,3D16E,"POTRERO AV","25TH ST",0.00,,Y,A,-,N,,,,,,,,,,N,3,0,1,2,A,-,08,22107,,N,D,G,A,A,H,-,C,A,0,,Y,,,Y,,L,04,0,1,0,0,0,0,1,0,0,"- ","- ",,,"SAN FRANCISCO","SAN FRANCISCO",-122.40619659423828,37.751739501953125
9178395,2020,2021-01-06,3801,2020-10-14,1832,2419,RICHM,3,5,7,3801,0,0,0,,0,901,"ARGUELLO BL","BALBOA ST",0.00,,Y,A,-,N,,,,,,,,,,Y,4,0,1,2,A,-,09,21801,A,N,D,G,A,A,H,-,B,A,0,,Y,,,Y,,A,07,0,0,1,0,0,0,1,0,0,"- ","- ",,,"SAN FRANCISCO","SAN FRANCISCO",-122.45858764648438,37.777248382568359
9178397,2020,2021-01-06,3801,2020-10-14,1654,2091,NORTH,3,5,7,3801,0,0,0,,0,3E12D,"FULTON ST","SCOTT ST",0.00,,Y,A,-,N,,,,,,,,,,N,3,0,1,2,A,-,10,21950,A,N,G,B,B,A,H,-,A,A,0,Y,,,,Y,,A,01,0,1,0,0,1,0,0,0,0,"- ","- ",,,"SAN FRANCISCO","SAN FRANCISCO",-122.43650817871094,37.777069091796875
9178398,2020,2021-01-06,3801,2020-10-14,1520,560,NORTH,3,5,7,3801,0,0,0,,0,3E13D,"FRANKLIN ST","SUTTER ST",0.00,,Y,A,-,N,,,,,,,,,,N,3,0,1,2,A,-,11,21954,A,N,G,B,D,A,H,-,A,A,0,Y,,,,Y,,N,60,0,1,0,0,1,0,0,0,0,"- ","- ",,,"SAN FRANCISCO","SAN FRANCISCO",-122.42340087890625,37.787349700927734
9178431,2020,2020-12-22,3801,2020-10-13,1806,209,NORTH,2,5,7,3801,0,0,0,,0,NORTHE,"WEBSTER ST","FULTON ST",0.00,,Y,A,-,N,,,,,,,,,,N,4,0,1,2,A,-,12,21453,A,F,D,G,A,A,H,-,A,A,0,,Y,,,Y,,A,01,0,0,1,0,0,0,1,0,0,"- ","- ",,,"SAN FRANCISCO","SAN FRANCISCO",-122.42990875244141,37.777908325195312
9178433,2020,2020-12-22,3801,2020-10-10,1451,2740,MISSI,6,5,7,3801,0,0,0,,0,0D1,"GUERRERO ST","GUERRERO ST 267",0.00,,N,A,-,N,,,,,,,,,,N,3,0,1,2,A,-,11,21955,,N,G,B,D,A,H,-,A,A,0,Y,,,,Y,,N,60,0,1,0,0,1,0,0,0,0,"- ","- ",,,"SAN FRANCISCO","SAN FRANCISCO",,
9178444,2020,2020-12-31,3801,2020-10-15,0805,4208,BAYVI,4,5,7,3801,0,0,0,,0,3C00A,"WILLIAMS AV","APOLLO ST",0.00,,Y,A,-,N,,,,,,,,,,N,3,0,1,2,A,-,11,21950,B,N,G,B,B,A,H,-,B,D,0,Y,,,,Y,,N,60,0,1,0,0,1,0,0,0,0,"- ","- ",,,"SAN FRANCISCO","SAN FRANCISCO",-122.39897918701172,37.730171203613281
9178446,2020,2020-12-31,3801,2020-10-20,2025,4314,RICHM,2,5,7,3801,0,0,0,,0,0G3,"7TH AV","BALBOA ST",0.00,,Y,A,-,N,,,,,,,,,,N,3,0,1,2,A,-,11,21954,A,N,G,B,E,A,H,-,C,A,0,Y,,,,Y,,N,60,0,1,0,0,1,0,0,0,0,"- ","- ",,,"SAN FRANCISCO","SAN FRANCISCO",-122.46507263183594,37.777191162109375
9178447,2020,2020-12-31,3801,2020-10-20,1835,952,CENTR,2,5,7,3801,0,0,0,,0,3A15D,"MONTGOMERY ST","CALIFORNIA ST",0.00,,Y,A,-,N,,,,,,,,,,N,3,0,1,2,A,-,12,21453,A,F,D,G,A,A,H,-,B,A,0,,Y,,,Y,,L,04,0,1,0,0,0,0,1,0,0,"- ","- ",,,"SAN FRANCISCO","SAN FRANCISCO",-122.40277099609375,37.792888641357422
9178452,2020,2020-12-31,3801,2020-10-19,1337,4333,NORTH,1,5,7,3801,0,0,0,,0,3E13A,"OAK ST","DIVISADERO ST",150.00,E,N,A,-,N,,,,,,,,,,Y,4,0,1,2,A,-,17,22517,,N,H,G,A,A,H,-,A,A,0,,Y,,,Y,,-,,0,0,1,0,0,0,1,0,0,"- ","- ",,,"SAN FRANCISCO","SAN FRANCISCO",-122.43691253662109,37.773197174072266
9178503,2020,2020-12-05,3801,2020-10-20,0909,737,NORTH,2,5,7,3801,0,0,0,,0,3E77,"EDDY ST","PIERCE ST",0.00,,Y,A,-,N,,,,,,,,,,N,4,0,1,2,A,-,21,22106,,F,G,B,B,A,H,-,A,D,0,Y,,,,Y,Y,A,01,0,0,1,0,1,0,0,0,0,"- ","- ",,,"SAN FRANCISCO","SAN FRANCISCO",-122.43560791015625,37.780998229980469
9178513,2020,2020-12-07,3801,2020-10-04,1435,2459,NORTH,7,5,7,3801,0,0,0,,0,3E43C,"POLK ST","ELLIS ST",0.00,,Y,A,-,N,,,,,,,,,,N,4,0,1,2,A,-,11,21453,D,N,H,B,C,A,H,-,A,A,0,Y,,Y,,Y,,N,60,0,0,1,0,1,0,0,0,0,"- ","- ",,,"SAN FRANCISCO","SAN FRANCISCO",-122.41934967041016,37.784038543701172
9178514,2020,2020-12-07,3801,2020-10-03,1200,2325,SOUTH,6,5,7,3801,0,0,0,,0,3B14A,"HOWARD ST","7TH ST",0.00,,Y,A,-,N,,,,,,,,,,N,3,0,1,2,D,-,00,,,N,G,B,B,A,H,-,A,A,0,Y,,,,Y,,-,"- ",0,1,0,0,1,0,0,0,0,"- ","- ",,,"SAN FRANCISCO","SAN FRANCISCO",-122.40940093994141,37.777980804443359
9178515,2020,2020-12-05,3801,2020-10-07,2057,2733,SOUTH,3,5,7,3801,0,0,0,,0,0B3,"8TH ST","MISSION ST",0.00,,Y,A,-,N,,,,,,,,,,N,4,0,1,2,A,-,11,21955,,N,G,B,D,-,H,-,C,A,0,Y,,,,Y,,N,60,0,0,1,0,1,0,0,0,0,"- ","- ",,,"SAN FRANCISCO","SAN FRANCISCO",-122.41316223144531,37.777458190917969
9178517,2020,2020-12-05,3801,2020-10-07,1908,1613,MISSI,3,5,7,3801,0,0,0,,0,,"16TH ST","DOLORES ST",0.00,,Y,A,-,N,,,,,,,,,,N,4,0,1,2,A,-,00,21002,,N,D,G,A,-,H,-,C,A,0,,Y,,,Y,,L,04,0,0,1,0,0,0,1,0,0,"- ","- ",,,"SAN FRANCISCO","SAN FRANCISCO",-122.42643737792969,37.764640808105469
9179838,2020,2020-12-08,3801,2020-10-06,1806,2486,CENTR,2,5,7,3801,0,0,0,,0,3A14D,"VALENCIA ST","23RD ST",0.00,,Y,A,-,N,,,,,,,,,,N,4,0,1,2,A,-,11,21950,B,N,G,B,E,A,H,-,A,A,0,Y,,,,Y,,N,60,0,0,1,0,1,0,0,0,0,"- ","- ",,,"SAN FRANCISCO","SAN FRANCISCO",-122.42080688476562,37.753700256347656
9181616,2020,2020-12-14,3801,2020-10-30,1855,488,INGLE,5,5,7,3801,0,0,0,,0,3H11E,"MARKET ST","VAN NESS AV",36.00,E,N,A,-,N,,,,,,,,,,N,4,0,1,2,A,-,04,21703,,F,C,G,A,A,H,-,C,A,0,,Y,,,Y,Y,I,20,0,0,1,0,0,0,1,0,0,"- ","- ",,,"SAN FRANCISCO","SAN FRANCISCO",-122.41917419433594,37.775238037109375
9181624,2020,2020-12-07,3801,2020-10-31,0930,4267,TARAV,6,5,7,3801,0,0,0,,0,3I41,"IRVING ST","20TH AV",13.00,E,N,A,-,N,,,,,,,,,,N,4,0,1,2,A,-,10,21950,A,N,G,B,B,A,H,-,A,A,0,Y,,,,Y,,D,22,0,0,1,0,1,0,0,0,0,"- ","- ",,,"SAN FRANCISCO","SAN FRANCISCO",-122.47816467285156,37.763511657714844
9181628,2020,2021-01-05,3801,2020-10-23,1208,1118,SOUTH,5,5,7,3801,0,0,0,,0,3B12C,"MICHIGAN ST","4TH ST",311.00,E,N,A,-,N,,,,,,,,,,N,3,0,1,2,A,-,09,21804,A,N,D,G,A,A,H,-,A,D,0,,Y,,,Y,,L,04,0,1,0,0,0,0,1,0,0,"- ","- ",,,"SAN FRANCISCO","SAN FRANCISCO",,
9182381,2020,2020-12-23,3801,2020-10-25,1520,2726,RICHM,7,5,7,3801,0,0,0,,0,,"PARK PRESIDIO BL","ANZA ST",0.00,,Y,A,-,N,,,,,,,,,,N,4,0,1,2,A,-,10,21950,A,N,G,B,B,A,-,-,A,A,0,Y,,,,Y,,A,01,0,0,1,0,1,0,0,0,0,"- ","- ",,,"SAN FRANCISCO","SAN FRANCISCO",-122.47219085693359,37.778720855712891
9182382,2020,2020-12-23,3801,2020-10-25,1154,2490,NORTH,7,5,7,3801,0,0,0,,0,3E16A,"LAGUNA ST","HAIGHT ST",12.00,S,N,A,-,N,,,,,,,,,,N,4,0,1,2,A,-,09,21804,A,N,D,G,A,A,H,-,A,A,0,,Y,,,Y,,L,04,0,0,1,0,0,0,1,0,0,"- ","- ",,,"SAN FRANCISCO","SAN FRANCISCO",-122.42549896240234,37.772708892822266
9182390,2020,2020-12-23,3801,2020-10-08,1946,2709,PARK,4,5,7,3801,0,0,0,,0,3F14D,"CASTRO ST","DIVISADERO ST",0.00,,Y,A,-,N,,,,,,,,,,N,2,0,1,2,D,-,00,,,N,G,B,E,A,H,-,C,D,0,Y,,,,Y,,-,"- ",1,0,0,0,1,0,0,0,0,"- ","- ",,,"SAN FRANCISCO","SAN FRANCISCO",-122.43685913085938,37.770339965820312
9182393,2020,2020-12-23,3801,2020-10-08,0048,979,TENDE,4,5,7,3801,0,0,0,,0,,"EDDY ST","LARKIN ST",0.00,,Y,A,-,N,,,,,,,,,,,4,0,1,2,A,-,11,21955,,N,G,B,D,A,H,-,C,A,0,Y,,,,Y,,N,60,0,0,1,0,1,0,0,0,0,"- ","- ",,,"SAN FRANCISCO","SAN FRANCISCO",-122.41751861572266,37.783298492431641
9182394,2020,2020-12-23,3801,2020-10-05,1507,4106,TENDE,1,5,7,3801,0,0,0,,0,003,"EDDY ST","LARKIN ST",0.00,,Y,A,-,N,,,,,,,,,,N,3,0,1,2,A,-,06,21755,A,N,C,G,A,A,-,-,A,-,0,,Y,,,Y,,L,04,0,1,0,0,0,0,1,0,0,"- ","- ",,,"SAN FRANCISCO","SAN FRANCISCO",-122.41751861572266,37.783298492431641
9182396,2020,2020-12-23,3801,2020-10-12,1509,4200,TARAV,1,5,7,3801,0,0,0,,0,3I6B,"BROAD ST","CAPITAL AV",45.00,E,N,A,-,N,,,,,,,,,,N,2,0,1,2,A,-,06,21755,A,F,G,B,G,A,H,-,A,D,0,Y,,Y,,Y,,C,02,1,0,0,0,1,0,0,0,0,"- ","- ",,,"SAN FRANCISCO","SAN FRANCISCO",-122.45888519287109,37.713188171386719
9182397,2020,2020-12-23,3801,2020-10-11,1854,2742,MISSI,7,5,7,3801,0,0,0,,0,0D5,"18TH ST","MISSION ST",0.00,,Y,A,-,N,,,,,,,,,,N,3,0,1,2,A,-,21,22106,,N,G,B,B,A,H,-,C,A,0,Y,,,,Y,,A,07,0,1,0,0,1,0,0,0,0,"- ","- ",,,"SAN FRANCISCO","SAN FRANCISCO",-122.41937255859375,37.7618408203125
9182399,2020,2020-12-23,3801,2020-10-11,1653,2215,MISSI,7,5,7,3801,0,0,0,,0,3D11D,"CASTRO ST","CLIPPER ST",0.00,,Y,A,-,N,,,,,,,,,,N,4,0,1,2,A,-,12,22450,A,N,D,G,A,A,H,-,A,A,0,,Y,,,Y,,L,04,0,0,1,0,0,0,1,0,0,"- ","- ",,,"SAN FRANCISCO","SAN FRANCISCO",-122.433837890625,37.7489013671875
9182403,2020,2020-12-26,3801,2020-10-13,0755,1593,PARK,2,5,7,3801,0,0,0,,0,PARK,"CLAYTON ST","PARNASSUS AV",105.00,N,N,A,-,N,,,,,,,,,,N,4,0,1,2,A,-,08,22103,,N,A,G,A,A,H,-,A,D,0,,Y,,,Y,,D,22,0,0,1,0,0,0,1,0,0,"- ","- ",,,"SAN FRANCISCO","SAN FRANCISCO",-122.44770050048828,37.765403747558594
9182405,2020,2020-12-26,3801,2020-10-31,1538,2124,TENDE,6,5,7,3801,0,0,0,,0,3J12C,"HYDE ST","GOLDEN GATE AV",112.00,S,N,A,-,N,,,,,,,,,,N,3,0,1,3,A,-,03,22350,,F,G,B,-,A,H,-,A,D,0,Y,,,,Y,,A,01,0,1,0,0,1,0,0,0,0,"- ","- ",,,"SAN FRANCISCO","SAN FRANCISCO",-122.41544342041016,37.781345367431641
9182406,2020,2020-12-26,3801,2020-10-31,0956,1210,INGLE,6,5,7,3801,0,0,0,,0,0H3,"TRUMBULL ST","TRUMBULL ST 234",0.00,,-,A,-,N,,,,,,,,,,N,3,0,1,2,A,-,11,21950,B,N,G,B,D,A,H,-,A,D,0,Y,,,,Y,,A,01,0,1,0,0,1,0,0,0,0,"- ","- ",,,"SAN FRANCISCO","SAN FRANCISCO",,
9182414,2020,2020-12-26,3801,2020-10-31,1717,1602,NORTH,6,5,7,3801,0,0,0,,0,3E16D,"SCOTT ST","PAGE ST",0.00,,Y,A,-,N,,,,,,,,,,N,4,0,1,2,A,-,10,21950,C,N,G,B,D,A,H,-,A,-,0,Y,,,,Y,,A,01,0,0,1,0,1,0,0,0,0,"- ","- ",,,"SAN FRANCISCO","SAN FRANCISCO",-122.43557739257812,37.772418975830078