CASE_ID,ACCIDENT_YEAR,PROC_DATE,JURIS,COLLISION_DATE,COLLISION_TIME,OFFICER_ID,REPORTING_DISTRICT,DAY_OF_WEEK,CHP_SHIFT,POPULATION,CNTY_CITY_LOC,SPECIAL_COND,BEAT_TYPE,CHP_BEAT_TYPE,CITY_DIVISION_LAPD,CHP_BEAT_CLASS,BEAT_NUMBER,PRIMARY_RD,SECONDARY_RD,DISTANCE,DIRECTION,INTERSECTION,WEATHER_1,WEATHER_2,STATE_HWY_IND,CALTRANS_COUNTY,CALTRANS_DISTRICT,STATE_ROUTE,ROUTE_SUFFIX,POSTMILE_PREFIX,POSTMILE,LOCATION_TYPE,RAMP_INTERSECTION,SIDE_OF_HWY,TOW_AWAY,COLLISION_SEVERITY,NUMBER_KILLED,NUMBER_INJURED,PARTY_COUNT,PRIMARY_COLL_FACTOR,PCF_CODE_OF_VIOL,PCF_VIOL_CATEGORY,PCF_VIOLATION,PCF_VIOL_SUBSECTION,HIT_AND_RUN,TYPE_OF_COLLISION,MVIW,PED_ACTION,ROAD_SURFACE,ROAD_COND_1,ROAD_COND_2,LIGHTING,CONTROL_DEVICE,CHP_ROAD_TYPE,PEDESTRIAN_ACCIDENT,BICYCLE_ACCIDENT,MOTORCYCLE_ACCIDENT,TRUCK_ACCIDENT,NOT_PRIVATE_PROPERTY,ALCOHOL_INVOLVED,STWD_VEHTYPE_AT_FAULT,CHP_VEHTYPE_AT_FAULT,COUNT_SEVERE_INJ,COUNT_VISIBLE_INJ,COUNT_COMPLAINT_PAIN,COUNT_PED_KILLED,COUNT_PED_INJURED,COUNT_BICYCLIST_KILLED,COUNT_BICYCLIST_INJURED,COUNT_MC_KILLED,COUNT_MC_INJURED,PRIMARY_RAMP,SECONDARY_RAMP,LATITUDE,LONGITUDE,COUNTY,CITY,POINT_X,POINT_Y
9182415,2020,2020-12-26,3801,2020-10-30,2153,1442,INGLE,5,5,7,3801,0,0,0,,0,3H00,"CIRCULAR AV","MONTEREY BL",0.00,,Y,A,-,N,,,,,,,,,,N,3,0,1,2,A,-,03,22350,,F,C,G,A,A,H,-,C,A,0,,Y,,,Y,Y,A,01,0,1,0,0,0,0,1,0,0,"- ","- ",,,"SAN FRANCISCO","SAN FRANCISCO",-122.4365234375,37.731578826904297
9182416,2020,2020-12-26,3801,2020-10-11,1300,2741,BAYVI,7,5,7,3801,0,0,0,,0,3C14C,"3RD ST","25TH ST",0.00,,Y,A,-,N,,,,,,,,,,N,3,0,1,3,A,-,12,21453,A,F,D,G,A,A,H,-,A,A,0,,Y,Y,,Y,,A,07,0,1,0,0,0,0,1,0,0,"- ","- ",,,"SAN FRANCISCO","SAN FRANCISCO",-122.38787841796875,37.752838134765625
9182419,2020,2021-01-06,3801,2020-10-16,1933,323,CENTR,5,5,7,3801,0,0,0,,0,3A5D,"THE EMBARCADERO","FERRY PLZ",0.00,,Y,A,-,N,,,,,,,,,,N,3,0,1,2,A,-,17,21208,A,N,D,G,A,A,H,-,C,A,0,,Y,,,Y,,L,04,0,1,0,0,0,0,1,0,0,"- ","- ",,,"SAN FRANCISCO","SAN FRANCISCO",-122.39302825927734,37.794399261474609
9182420,2020,2020-12-26,3801,2020-10-16,1847,499,PARK,5,5,7,3801,0,0,0,,0,3F13D,"MASONIC AV","FULTON ST",0.00,,Y,A,-,N,,,,,,,,,,N,3,0,1,2,A,-,03,22350,,N,H,G,A,A,H,-,B,A,0,,Y,,,Y,Y,L,04,0,1,0,0,0,0,1,0,0,"- ","- ",,,"SAN FRANCISCO","SAN FRANCISCO",-122.44647216796875,37.775791168212891
9182425,2020,2020-12-05,3801,2020-10-15,1728,643,TARAV,4,5,7,3801,0,0,0,,0,3I11D,"LINCOLN WY","15TH AV",0.00,,Y,A,-,N,,,,,,,,,,N,3,0,1,2,A,-,11,21954,A,N,G,B,D,A,H,-,A,A,0,Y,,,,Y,,N,60,0,1,0,0,1,0,0,0,0,"- ","- ",,,"SAN FRANCISCO","SAN FRANCISCO",-122.47292327880859,37.765640258789062
9182426,2020,2020-12-05,3801,2020-10-14,1100,2150,INGLE,3,5,7,3801,0,0,0,,0,3H41,"ALABAMA ST","PRECITA AV",0.00,,Y,A,-,N,,,,,,,,,,N,4,0,1,2,A,-,06,21750,A,N,B,G,A,A,H,-,A,D,0,,Y,,,Y,,L,04,0,0,1,0,0,0,1,0,0,"- ","- ",,,"SAN FRANCISCO","SAN FRANCISCO",-122.41058349609375,37.746959686279297
9182428,2020,2020-12-05,3801,2020-10-24,1353,1825,SOUTH,6,5,7,3801,0,0,0,,0,3B15C,"MARIPOSA ST","OWENS ST",0.00,,Y,A,-,N,,,,,,,,,,N,4,0,1,2,A,-,08,22107,,N,D,G,A,A,H,-,A,A,0,,Y,,,Y,,L,04,0,0,1,0,0,0,1,0,0,"- ","- ",,,"SAN FRANCISCO","SAN FRANCISCO",,
9182431,2020,2020-12-05,3801,2020-10-23,1906,2750,SOUTH,5,5,7,3801,0,0,0,,0,3B14D,"10TH ST","FOLSOM ST",0.00,,Y,A,-,N,,,,,,,,,,N,2,0,1,2,A,-,11,21954,A,N,G,B,E,A,H,-,C,A,0,Y,,,,Y,,N,60,1,0,0,0,1,0,0,0,0,SO,"- ",,,"SAN FRANCISCO","SAN FRANCISCO",-122.41281890869141,37.772819519042969
9182436,2020,2020-12-05,3801,2020-10-22,2023,2431,RICHM,4,5,7,3801,0,0,0,,0,3G2D,"CLEMENT ST","28TH AV",0.00,,Y,A,-,N,,,,,,,,,,N,3,0,1,2,A,-,10,21950,A,N,G,B,-,A,H,-,C,D,0,Y,,,,Y,,A,01,0,1,0,0,1,0,0,0,0,"- ","- ",,,"SAN FRANCISCO","SAN FRANCISCO",-122.48808288574219,37.7818603515625
9182438,2020,2020-12-05,3801,2020-10-29,1620,2132,PARK,4,5,7,3801,0,0,0,,0,3F60,"WOODSIDE AV","HERNANDEZ AV",20.00,N,N,A,-,N,,,,,,,,,,N,3,0,1,2,A,-,09,21804,A,N,D,G,A,A,H,-,A,A,0,,Y,,,Y,,A,01,0,1,0,0,0,0,1,0,0,"- ","- ",,,"SAN FRANCISCO","SAN FRANCISCO",-122.45554351806641,37.746364593505859
9183223,2020,2020-12-08,3801,2020-10-13,1138,2153,INGLE,2,5,7,3801,0,0,0,,0,3H15C,"MOSCOW ST","FRANCE AV",0.00,,Y,A,-,N,,,,,,,,,,N,4,0,1,2,A,-,10,21950,,N,-,B,B,A,H,-,A,A,0,Y,,,,Y,,A,01,0,0,1,0,1,0,0,0,0,"- ","- ",,,"SAN FRANCISCO","SAN FRANCISCO",-122.43116760253906,37.716579437255859
9184081,2020,2020-12-04,3801,2020-10-01,1340,2439,CENTR,4,5,7,3801,0,0,0,,0,,"POST ST","POWELL ST",0.00,,Y,A,-,N,,,,,,,,,,,4,0,1,2,A,-,11,21955,,M,-,B,D,A,H,-,B,D,0,Y,,,,Y,,N,60,0,0,1,0,1,0,0,0,0,"- ","- ",,,"SAN FRANCISCO","SAN FRANCISCO",-122.40840148925781,37.788288116455078
9184082,2020,2020-12-04,3801,2020-10-01,1457,1912,TENDE,4,5,7,3801,0,0,0,,0,,"MARKET ST","8TH ST",380.00,E,N,A,-,N,,,,,,,,,,,3,0,1,2,A,-,11,21453,D,N,G,B,C,A,H,-,A,A,0,Y,,,,Y,,N,60,0,1,0,0,1,0,0,0,0,"- ","- ",,,"SAN FRANCISCO","SAN FRANCISCO",-122.41382598876953,37.779441833496094
9184083,2020,2020-12-04,3801,2020-10-01,1945,383,TARAV,4,5,7,3801,0,0,0,,0,3I2D,"LINCOLN WY","21ST AV",0.00,,Y,A,-,N,,,,,,,,,,N,4,0,1,2,A,-,11,21954,A,N,G,B,D,A,H,-,C,D,0,Y,,,,Y,,N,60,0,0,1,0,1,0,0,0,0,"- ","- ",,,"SAN FRANCISCO","SAN FRANCISCO",-122.47942352294922,37.765361785888672
9184085,2020,2020-12-04,3801,2020-10-02,1308,242,NORTH,5,5,7,3801,0,0,0,,0,3E13A,"STEINER ST","OFARRELL ST",133.00,S,N,A,-,N,,,,,,,,,,N,3,0,2,2,A,-,17,22517,,N,B,G,A,A,H,-,A,D,0,,Y,,,Y,,A,01,0,1,1,0,0,0,1,0,0,"- ","- ",,,"SAN FRANCISCO","SAN FRANCISCO",-122.43426513671875,37.782707214355469
9184087,2020,2020-12-03,3801,2020-10-04,1243,2375,RICHM,7,5,7,3801,0,0,0,,0,3G5A,"FULTON ST","30TH AV",56.00,W,N,B,-,N,,,,,,,,,,N,4,0,1,2,A,-,11,21950,B,N,G,B,E,A,H,-,A,D,0,Y,,,,Y,,N,60,0,0,1,0,1,0,0,0,0,"- ","- ",,,"SAN FRANCISCO","SAN FRANCISCO",-122.48973083496094,37.772319793701172
9184090,2020,2020-12-03,3801,2020-10-03,2145,1451,NORTH,6,5,7,3801,0,0,0,,0,3E13E,"VAN NESS AV","EDDY ST",0.00,,Y,A,-,N,,,,,,,,,,N,2,0,1,2,A,-,11,21453,D,N,D,B,E,A,H,-,C,A,0,Y,,,,Y,,N,60,1,0,0,0,1,0,0,0,0,"- ","- ",,,"SAN FRANCISCO","SAN FRANCISCO",-122.4208984375,37.782871246337891
9184091,2020,2020-12-03,3801,2020-10-03,2155,4314,RICHM,6,5,7,3801,0,0,0,,0,0G2,"JACKSON ST","PRESIDIO AV",12.00,E,N,A,-,N,,,,,,,,,,N,3,0,1,2,A,-,10,21950,A,N,G,B,B,A,H,-,C,A,0,Y,,,,Y,,A,01,0,1,0,0,1,0,0,0,0,"- ","- ",,,"SAN FRANCISCO","SAN FRANCISCO",-122.44747161865234,37.790836334228516
9184092,2020,2020-12-03,3801,2020-10-03,1606,956,NORTH,6,5,7,3801,0,0,0,,0,005,"GREENWICH ST","PIERCE ST",0.00,,Y,A,-,N,,,,,,,,,,N,3,0,1,2,A,-,12,22450,A,N,D,G,A,A,H,-,A,A,0,,Y,,,Y,,L,04,0,1,0,0,0,0,1,0,0,"- ","- ",,,"SAN FRANCISCO","SAN FRANCISCO",-122.43916320800781,37.798538208007812
9184093,2020,2020-12-03,3801,2020-10-03,1400,2224,NORTH,6,5,7,3801,0,0,0,,0,,"SUTTER ST","WEBSTER ST",0.00,,Y,A,-,N,,,,,,,,,,N,4,0,1,2,A,-,10,21950,A,N,G,B,B,A,H,-,A,A,0,Y,,,,Y,,A,01,0,0,1,0,1,0,0,0,0,"- ","- ",,,"SAN FRANCISCO","SAN FRANCISCO",-122.43161773681641,37.786300659179688
9184094,2020,2020-12-03,3801,2020-10-02,2301,1480,MISSI,5,5,7,3801,0,0,0,,0,3D15E,"GUERRERO ST","26TH ST",5.00,N,N,A,-,N,,,,,,,,,,N,2,0,1,2,A,-,11,21453,D,F,D,B,B,A,H,-,C,A,0,Y,,,,Y,Y,N,60,1,0,0,0,1,0,0,0,0,"- ","- ",,,"SAN FRANCISCO","SAN FRANCISCO",-122.42256927490234,37.748802185058594
9184135,2020,2020-12-03,3801,2020-10-17,2213,276,NORTH,6,5,7,3801,0,0,0,,0,3E12E,"GOLDEN GATE AV","LAGUNA ST",0.00,,Y,A,-,N,,,,,,,,,,N,3,0,1,2,A,-,10,21950,A,F,G,B,B,A,H,-,C,A,0,Y,,,,Y,Y,-,99,0,1,0,0,1,0,0,0,0,"- ","- ",,,"SAN FRANCISCO","SAN FRANCISCO",-122.42701721191406,37.780200958251953
9184137,2020,2020-12-03,3801,2020-10-18,1910,1817,CENTR,7,5,7,3801,0,0,0,,0,3A13C,"PIER 3","EMBARCADERO NORTH",0.00,,Y,A,-,N,,,,,,,,,,N,3,0,1,2,D,-,00,,,N,G,G,A,A,H,-,E,D,0,,Y,,,Y,,-,"- ",0,1,0,0,0,0,1,0,0,"- ","- ",,,"SAN FRANCISCO","SAN FRANCISCO",,
9184139,2020,2020-12-03,3801,2020-10-15,1350,244,NORTH,4,5,7,3801,0,0,0,,0,3E15A,"RICHARSON ST","FRRANCISCO ST",3.00,S,N,A,-,N,,,,,,,,,,N,4,0,1,2,A,-,10,21950,A,F,G,B,B,A,H,-,A,A,0,Y,,,,Y,,A,01,0,0,1,0,1,0,0,0,0,"- ","- ",,,"SAN FRANCISCO","SAN FRANCISCO",-122.44710540771484,37.80035400390625
9184142,2020,2020-12-11,3801,2020-10-20,1454,1875,TARAV,2,5,7,3801,0,0,0,,0,3I13D,"NORIEGA ST","31ST AV",263.00,E,N,A,-,N,,,,,,,,,,Y,4,0,2,3,A,-,03,22350,,N,G,B,F,A,H,-,A,D,0,Y,,,,Y,,A,08,0,0,2,0,2,0,0,0,0,"- ","- ",,,"SAN FRANCISCO","SAN FRANCISCO",-122.48841857910156,37.753711700439453
9184144,2020,2020-12-11,3801,2020-10-20,1132,00751,RICHM,2,5,7,3801,0,0,0,,0,3G4A,"FULTON ST","20TH AV",13.00,E,N,A,-,N,,,,,,,,,,N,3,0,1,2,A,-,10,21950,A,N,G,B,B,A,H,-,A,A,0,Y,,,,Y,,A,01,0,1,0,0,1,0,0,0,0,"- ","- ",,,"SAN FRANCISCO","SAN FRANCISCO",-122.47878265380859,37.772811889648438
9184145,2020,2020-12-11,3801,2020-10-20,0545,2163,TENDE,2,5,7,3801,0,0,0,,0,001,"11TH ST","MARKET AND MISSION STS",0.00,,Y,A,-,N,,,,,,,,,,N,2,0,1,2,A,-,10,21954,B,F,G,B,E,A,H,-,C,D,0,Y,,,,Y,,-,99,1,0,0,0,1,0,0,0,0,"- ","- ",,,"SAN FRANCISCO","SAN FRANCISCO",,
9184148,2020,2020-12-11,3801,2020-10-21,1644,952,CENTR,3,5,7,3801,0,0,0,,0,901,"HYDE ST","GREEN ST",0.00,,Y,A,-,N,,,,,,,,,,N,3,0,1,2,A,-,12,22450,A,F,G,B,D,A,H,-,A,A,0,Y,,,,Y,,-,99,0,1,0,0,1,0,0,0,0,"- ","- ",,,"SAN FRANCISCO","SAN FRANCISCO",-122.41886138916016,37.798259735107422
9184151,2020,2020-12-11,3801,2020-10-02,2006,2056,SOUTH,5,5,7,3801,0,0,0,,0,003,"HOWARD ST","6TH ST",0.00,,Y,A,-,N,,,,,,,,,,N,4,0,1,2,A,-,12,21453,A,N,D,G,A,A,H,-,C,A,0,,Y,,,Y,,L,04,0,0,1,0,0,0,1,0,0,"- ","- ",,,"SAN FRANCISCO","SAN FRANCISCO",-122.40714263916016,37.779750823974609
9184153,2020,2020-12-11,3801,2020-10-03,0107,2234,TENDE,6,5,7,3801,0,0,0,,0,3J12E,"MARKET ST","5TH ST",58.00,W,N,A,-,N,,,,,,,,,,N,4,0,1,2,A,-,21,22106,,F,G,B,E,A,H,-,C,D,0,Y,,,,Y,,-,99,0,0,1,0,1,0,0,0,0,"- ","- ",,,"SAN FRANCISCO","SAN FRANCISCO",-122.408203125,37.783885955810547
9184154,2020,2020-12-11,3801,2020-10-03,0948,2164,CENTR,6,5,7,3801,0,0,0,,0,0600-1,"STOCKTON ST","STARK ALLEY",0.00,,Y,A,-,N,,,,,,,,,,N,3,0,1,2,A,-,11,21955,,N,G,B,D,A,H,-,A,D,0,Y,,,,Y,,N,60,0,1,0,0,1,0,0,0,0,"- ","- ",,,"SAN FRANCISCO","SAN FRANCISCO",-122.40853881835938,37.797309875488281
9184181,2020,2020-12-10,3801,2020-10-05,1125,2127,TRAFF,1,5,7,3801,0,0,0,,0,3I2,"NORIEGA ST","32ND AVE",125.00,W,N,A,-,N,,,,,,,,,,Y,3,0,1,2,A,-,03,22350,,N,G,B,F,A,H,-,A,D,0,Y,,,,Y,,A,07,0,1,0,0,1,0,0,0,0,"- ","- ",,,"SAN FRANCISCO","SAN FRANCISCO",-122.49082946777344,37.753604888916016
9184184,2020,2020-12-10,3801,2020-10-02,1125,2466,RICHM,5,5,7,3801,0,0,0,,0,THREE,"GEARY BL","4TH AV",0.00,,Y,A,-,N,,,,,,,,,,N,4,0,1,2,A,-,10,21950,A,F,G,B,B,A,H,-,A,A,0,Y,,,,Y,,A,01,0,0,1,0,1,0,0,0,0,"- ","- ",,,"SAN FRANCISCO","SAN FRANCISCO",-122.46215057373047,37.78118896484375
9184189,2020,2020-12-10,3801,2020-10-12,1634,1147,TENDE,1,5,7,3801,0,0,0,,0,3J15D,"LEAVENWORTH ST","OFARRELL ST",0.00,,Y,A,-,N,,,,,,,,,,N,4,0,1,2,A,-,05,21650,,N,H,G,A,A,H,-,A,A,0,,Y,,,Y,,L,04,0,0,1,0,0,0,1,0,0,"- ","- ",,,"SAN FRANCISCO","SAN FRANCISCO",-122.41461181640625,37.785598754882812
9184193,2020,2020-12-14,3801,2020-10-26,1750,2459,NORTH,1,5,7,3801,0,0,0,,0,3E16C,"VAN NESS AVE","MCALLISTER ST",0.00,,Y,A,-,N,,,,,,,,,,N,4,0,1,2,A,-,11,21453,D,N,G,B,D,A,D,-,A,A,0,Y,,,,Y,,N,60,0,0,1,0,1,0,0,0,0,"- ","- ",,,"SAN FRANCISCO","SAN FRANCISCO",-122.42032623291016,37.780048370361328
9184194,2020,2020-12-14,3801,2020-10-26,1419,262,TRAFF,1,5,7,3801,0,0,0,,0,4B4E,"POLK ST","GEARY ST",9.00,S,N,A,-,N,,,,,,,,,,N,3,0,2,3,A,-,10,21950,A,N,G,B,B,A,H,-,A,A,0,Y,,,,Y,,A,01,0,1,1,0,2,0,0,0,0,"- ","- ",,,"SAN FRANCISCO","SAN FRANCISCO",-122.41973114013672,37.785877227783203
9184197,2020,2020-12-14,3801,2020-10-28,1632,1741,BAYVI,3,5,7,3801,0,0,0,,0,3C15D,"FELTON ST","GIRARD ST",8.00,S,N,A,-,N,,,,,,,,,,,3,0,1,2,A,-,10,21950,A,F,G,B,B,A,H,-,A,A,0,Y,,,,Y,,B,01,0,1,0,0,1,0,0,0,0,"- ","- ",,,"SAN FRANCISCO","SAN FRANCISCO",-122.40560913085938,37.729782104492188
9184198,2020,2020-12-14,3801,2020-10-08,1115,2402,TARAV,4,5,7,3801,0,0,0,,0,3I1A,"SUNSET BL","RIVERA ST",0.00,,Y,B,-,N,,,,,,,,,,N,4,0,1,2,A,-,08,22107,,N,-,G,A,A,H,-,A,A,0,,Y,,,Y,,A,01,0,0,1,0,0,0,1,0,0,"- ","- ",,,"SAN FRANCISCO","SAN FRANCISCO",-122.49478149414062,37.745948791503906
9184829,2020,2020-12-07,3801,2020-10-02,1613,1160,SOUTH,5,5,7,3801,0,0,0,,0,03B,"MARKET ST","OCTAVIA ST",0.00,,Y,A,-,N,,,,,,,,,,N,3,0,1,2,A,-,08,22101,D,N,D,G,A,A,H,-,A,A,0,,Y,,Y,Y,,F,26,0,1,0,0,0,0,1,0,0,"- ","- ",,,"SAN FRANCISCO","SAN FRANCISCO",-122.42359161376953,37.771778106689453
9185366,2020,2020-12-04,3801,2020-09-23,1755,4314,RICHM,3,5,7,3801,0,0,0,,0,0G3,"BALBOA ST","PARK PRESIDIO BL",0.00,,Y,A,-,N,,,,,,,,,,N,3,0,1,2,A,-,09,21801,A,N,D,G,A,A,H,-,A,A,0,,Y,,,Y,,A,01,0,1,0,0,0,0,1,0,0,"- ","- ",,,"SAN FRANCISCO","SAN FRANCISCO",-122.47206115722656,37.776851654052734
9190674,2020,2020-12-01,3801,2020-10-17,1539,987,TENDE,6,5,7,3801,0,0,0,,0,,"LARKIN ST","GOLDEN GATE AV",75.00,S,N,A,-,N,,,,,,,,,,N,4,0,1,2,A,-,08,22107,,N,B,G,A,A,H,-,A,D,0,,Y,,,Y,,A,01,0,0,1,0,0,0,0,0,0,"- ","- ",,,"SAN FRANCISCO","SAN FRANCISCO",-122.41710662841797,37.781238555908203
9192342,2020,2021-01-19,3801,2020-11-24,1735,4375,TRAFF,2,5,7,3801,0,0,0,,0,4B4D,"SLOAT BL","LAKESHORE PLZ",9.00,W,N,A,-,Y,SF,4,35,-,-,2.390,H,-,N,N,2,0,1,2,A,-,00,21456,C,N,G,B,B,A,H,-,C,A,0,Y,,,,Y,,N,60,1,0,0,0,1,0,0,0,0,"- ","- ",,,"SAN FRANCISCO","SAN FRANCISCO",-122.48895263671875,37.734039306640625
9194201,2020,2021-01-19,3801,2020-11-30,1054,2237,INGLE,1,5,7,3801,0,0,0,,0,3H15D,"MISSION ST","FLORENTINE AV",0.00,,Y,A,-,N,,,,,,,,,,N,4,0,1,2,A,-,10,21950,A,N,G,B,B,A,H,-,A,D,0,Y,,,,Y,,A,01,0,0,1,0,1,0,0,0,0,"- ","- ",,,"SAN FRANCISCO","SAN FRANCISCO",-122.44396209716797,37.71337890625
9194204,2020,2021-01-19,3801,2020-11-25,1649,812,BAYVI,3,5,7,3801,0,0,0,,0,005,"CAESAR CHAVEZ ST","VERMONT ST",0.00,,Y,F,-,N,,,,,,,,,,N,3,0,1,2,D,-,00,,,F,G,G,A,-,G,-,A,D,0,,Y,,,Y,,-,"- ",0,1,0,0,0,0,1,0,0,"- ","- ",,,"SAN FRANCISCO","SAN FRANCISCO",-122.40283203125,37.749439239501953
9194206,2020,2021-01-19,3801,2020-11-24,1625,470,RICHM,2,5,7,3801,0,0,0,,0,3G4D,"CLEMENT ST","18TH AV",40.00,E,N,A,-,N,,,,,,,,,,N,4,0,1,2,A,-,06,21750,A,N,D,G,A,A,H,-,A,D,0,,Y,,,Y,,L,04,0,0,1,0,0,0,1,0,0,"- ","- ",,,"SAN FRANCISCO","SAN FRANCISCO",-122.47724151611328,37.782356262207031
9194208,2020,2021-01-19,3801,2020-11-22,1300,4286,RICHM,7,5,7,3801,0,0,0,,0,0G5,"GEARY BL","ARGUELLO BL",0.00,,Y,A,-,N,,,,,,,,,,N,3,0,1,2,A,-,10,21950,A,F,G,B,B,A,H,-,A,A,0,Y,,,,Y,Y,A,01,0,1,0,0,1,0,0,0,0,"- ","- ",,,"SAN FRANCISCO","SAN FRANCISCO",-122.45887756347656,37.781330108642578
9194217,2020,2021-01-19,3801,2020-11-07,1020,2412,SOUTH,6,5,7,3801,0,0,0,,0,004,"BRANNAN ST","9TH ST",195.00,E,N,A,-,N,,,,,,,,,,N,3,0,1,2,A,-,03,22350,,F,C,G,A,-,H,-,A,D,0,,Y,,,Y,,A,07,0,1,0,0,0,0,1,0,0,"- ","- ",,,"SAN FRANCISCO","SAN FRANCISCO",-122.40650177001953,37.770431518554688
9194219,2020,2021-01-25,3801,2020-11-07,0915,1310,TARAV,6,5,7,3801,0,0,0,,0,3I15A,"SLOAT BL","19TH AV",0.00,,Y,A,-,N,,,,,,,,,,N,4,0,1,2,A,-,09,21801,A,N,A,G,A,A,H,-,A,A,0,,Y,,,Y,,A,01,0,0,1,0,0,0,0,0,0,"- ","- ",,,"SAN FRANCISCO","SAN FRANCISCO",-122.47512817382812,37.734718322753906
9194231,2020,2021-01-15,3801,2020-11-21,0856,2402,TARAV,6,5,7,3801,0,0,0,,0,3I15A,"OCEAN AV","HAVENSIDE DR",0.00,,Y,A,-,N,,,,,,,,,,N,4,0,1,2,A,-,08,22107,,N,G,B,B,A,H,-,A,A,0,Y,,,,Y,,A,01,0,0,1,0,1,0,0,0,0,"- ","- ",,,"SAN FRANCISCO","SAN FRANCISCO",-122.48975372314453,37.732070922851562
9194235,2020,2021-01-15,3801,2020-11-06,1345,2151,BAYVI,5,5,7,3801,0,0,0,,0,3C11A,"MARIPOSA ST","INDIANA ST",0.00,,Y,A,-,N,,,,,,,,,,N,3,0,1,2,A,-,09,21801,A,N,D,G,A,A,H,-,A,A,0,,Y,,,Y,,L,04,0,1,0,0,0,0,1,0,0,"- ","- ",,,"SAN FRANCISCO","SAN FRANCISCO",-122.39173889160156,37.764148712158203
9194237,2020,2021-01-15,3801,2020-11-06,1230,4307,NORTH,5,5,7,3801,0,0,0,,0,3E12A,"TURK ST","TURK ST 1157",0.00,,Y,A,-,N,,,,,,,,,,N,4,0,1,2,A,-,17,21663,,F,G,B,F,A,H,-,A,D,0,Y,,,,Y,,A,01,0,0,1,0,1,0,0,0,0,"- ","- ",,,"SAN FRANCISCO","SAN FRANCISCO",,
9194238,2020,2021-01-15,3801,2020-11-06,1100,1418,TARAV,5,5,7,3801,0,0,0,,0,0I5,"20TH AV","WINSTON DR",72.00,S,N,A,-,N,,,,,,,,,,N,4,0,1,2,A,-,10,21950,C,N,G,B,D,A,H,-,A,D,0,Y,,,,Y,,A,01,0,0,1,0,1,0,0,0,0,"- ","- ",,,"SAN FRANCISCO","SAN FRANCISCO",-122.47602081298828,37.726951599121094
9194239,2020,2021-01-15,3801,2020-11-06,0741,86,TARAV,5,5,7,3801,0,0,0,,0,3I4,"SAINT FRANCIS BL","JUNIPERO SERRA BL",0.00,,Y,A,-,N,,,,,,,,,,N,4,0,1,2,A,-,12,21453,A,N,D,G,A,A,H,-,A,A,0,,Y,,,Y,,L,04,0,0,1,0,0,0,1,0,0,"- ","- ",,,"SAN FRANCISCO","SAN FRANCISCO",-122.47152709960938,37.734760284423828
9194241,2020,2021-01-20,3801,2020-11-05,1026,2453,MISSI,4,5,7,3801,0,0,0,,0,3D14A,"26TH ST","HARRISON ST",0.00,,Y,A,-,N,,,,,,,,,,N,3,0,1,2,A,-,05,21650,1,M,A,G,A,A,H,-,A,D,0,,Y,,,Y,,L,04,0,1,0,0,0,0,1,0,0,"- ","- ",,,"SAN FRANCISCO","SAN FRANCISCO",-122.41163635253906,37.749439239501953
9194242,2020,2021-01-20,3801,2020-11-02,2310,229,MISSI,1,5,7,3801,0,0,0,,0,0D4,"POTRERO AV","24TH ST",85.00,S,N,A,-,N,,,,,,,,,,N,2,0,1,2,A,-,03,22350,,F,G,B,E,A,H,-,C,A,0,Y,,,,Y,,-,,1,0,0,0,1,0,0,0,0,"- ","- ",,,"SAN FRANCISCO","SAN FRANCISCO",-122.40629577636719,37.752758026123047
9194248,2020,2021-01-20,3801,2020-11-16,1807,654,PARK,1,5,7,3801,0,0,0,,0,3F13D,"FULTON ST","PARKER AV",27.00,E,N,A,-,N,,,,,,,,,,N,4,0,1,3,A,-,11,21453,D,N,D,B,D,A,H,-,C,A,0,Y,,,,Y,Y,N,60,0,0,1,0,1,0,0,0,0,"- ","- ",,,"SAN FRANCISCO","SAN FRANCISCO",-122.45273590087891,37.775001525878906
9194251,2020,2021-01-21,3801,2020-11-16,1552,365,RICHM,1,5,7,3801,0,0,0,,0,3D13D,BALBOA,"PARK PRESIDIO BL",0.00,,Y,A,-,N,,,,,,,,,,N,3,0,1,2,A,-,10,21950,A,N,G,B,C,A,H,-,A,A,0,Y,,,,Y,,A,01,0,1,0,0,1,0,0,0,0,"- ","- ",,,"SAN FRANCISCO","SAN FRANCISCO",-122.47206115722656,37.776851654052734
9194253,2020,2021-01-20,3801,2020-11-19,1802,2132,PARK,4,5,7,3801,0,0,0,,0,3F60,"WALLER ST","OCTAVIA ST",30.00,W,N,A,-,N,,,,,,,,,,N,4,0,1,2,A,-,21,22106,,F,G,B,D,A,H,-,C,D,0,Y,,,,Y,,A,01,0,0,1,0,1,0,0,0,0,"- ","- ",,,"SAN FRANCISCO","SAN FRANCISCO",-122.42383575439453,37.771995544433594
9194258,2020,2021-01-25,3801,2020-11-19,0627,867,SOUTH,4,5,7,3801,0,0,0,,0,003,"MISSION ST","6TH ST",235.00,W,N,B,-,N,,,,,,,,,,N,3,0,1,2,-,-,"- ",,,N,G,B,D,A,H,-,C,D,0,Y,,,,Y,,N,60,0,1,0,0,1,0,0,0,0,"- ","- ",,,"SAN FRANCISCO","SAN FRANCISCO",-122.40926361083984,37.780521392822266