CASE_ID,ACCIDENT_YEAR,PROC_DATE,JURIS,COLLISION_DATE,COLLISION_TIME,OFFICER_ID,REPORTING_DISTRICT,DAY_OF_WEEK,CHP_SHIFT,POPULATION,CNTY_CITY_LOC,SPECIAL_COND,BEAT_TYPE,CHP_BEAT_TYPE,CITY_DIVISION_LAPD,CHP_BEAT_CLASS,BEAT_NUMBER,PRIMARY_RD,SECONDARY_RD,DISTANCE,DIRECTION,INTERSECTION,WEATHER_1,WEATHER_2,STATE_HWY_IND,CALTRANS_COUNTY,CALTRANS_DISTRICT,STATE_ROUTE,ROUTE_SUFFIX,POSTMILE_PREFIX,POSTMILE,LOCATION_TYPE,RAMP_INTERSECTION,SIDE_OF_HWY,TOW_AWAY,COLLISION_SEVERITY,NUMBER_KILLED,NUMBER_INJURED,PARTY_COUNT,PRIMARY_COLL_FACTOR,PCF_CODE_OF_VIOL,PCF_VIOL_CATEGORY,PCF_VIOLATION,PCF_VIOL_SUBSECTION,HIT_AND_RUN,TYPE_OF_COLLISION,MVIW,PED_ACTION,ROAD_SURFACE,ROAD_COND_1,ROAD_COND_2,LIGHTING,CONTROL_DEVICE,CHP_ROAD_TYPE,PEDESTRIAN_ACCIDENT,BICYCLE_ACCIDENT,MOTORCYCLE_ACCIDENT,TRUCK_ACCIDENT,NOT_PRIVATE_PROPERTY,ALCOHOL_INVOLVED,STWD_VEHTYPE_AT_FAULT,CHP_VEHTYPE_AT_FAULT,COUNT_SEVERE_INJ,COUNT_VISIBLE_INJ,COUNT_COMPLAINT_PAIN,COUNT_PED_KILLED,COUNT_PED_INJURED,COUNT_BICYCLIST_KILLED,COUNT_BICYCLIST_INJURED,COUNT_MC_KILLED,COUNT_MC_INJURED,PRIMARY_RAMP,SECONDARY_RAMP,LATITUDE,LONGITUDE,COUNTY,CITY,POINT_X,POINT_Y
9194259,2020,2021-01-25,3801,2020-11-18,1922,2435,MISSI,3,5,7,3801,0,0,0,,0,001,"GURRERO ST","15TH ST",150.00,S,N,A,-,N,,,,,,,,,,N,3,0,1,2,A,-,11,21955,,N,G,B,C,A,H,-,C,A,0,Y,,,,Y,,N,60,0,1,0,0,1,0,0,0,0,"- ","- ",,,"SAN FRANCISCO","SAN FRANCISCO",-122.42420196533203,37.765987396240234
9194262,2020,2021-01-19,3801,2020-11-11,1512,4175,TRAFF,3,5,7,3801,0,0,0,,0,MISSIO,"DIAMOND HEIGHT BL","DUNCAN ST",18.00,W,N,A,-,N,,,,,,,,,,N,2,0,1,2,A,-,10,21950,A,F,B,B,D,A,H,-,A,D,0,Y,,Y,,Y,,C,02,1,0,0,0,1,0,0,0,0,"- ","- ",,,"SAN FRANCISCO","SAN FRANCISCO",-122.44345855712891,37.746524810791016
9194263,2020,2021-01-19,3801,2020-11-11,1417,1825,SOUTH,3,5,7,3801,0,0,0,,0,3B15C,"KANSAS ST","16TH ST",0.00,,Y,A,-,N,,,,,,,,,,N,4,0,1,2,A,-,08,22107,,N,G,B,B,-,H,-,A,A,0,Y,,,,Y,,A,01,0,0,1,0,1,0,0,0,0,"- ","- ",,,"SAN FRANCISCO","SAN FRANCISCO",-122.40363311767578,37.766029357910156
9194268,2020,2021-01-25,3801,2020-11-16,0147,2341,MISSI,1,5,7,3801,0,0,0,,0,3D15E,"CESAR CHAVEZ ST","MISSION ST",0.00,,Y,A,-,N,,,,,,,,,,N,4,0,1,2,A,-,12,21453,A,N,D,G,A,A,H,-,C,A,0,,Y,,,Y,,L,04,0,0,1,0,0,0,1,0,0,"- ","- ",,,"SAN FRANCISCO","SAN FRANCISCO",-122.41815185546875,37.748180389404297
9194269,2020,2021-01-22,3801,2020-11-15,1945,1602,NORTH,7,5,7,3801,0,0,0,,0,3E13D,"GROVE ST","POLK ST",0.00,,Y,A,-,N,,,,,,,,,,,4,0,1,2,A,-,10,21950,A,F,G,B,B,A,H,-,C,A,0,Y,,,,Y,,-,99,0,0,1,0,1,0,0,0,0,"- ","- ",,,"SAN FRANCISCO","SAN FRANCISCO",-122.41822052001953,37.778480529785156
9194273,2020,2021-01-22,3801,2020-11-15,1456,2716,PARK,7,5,7,3801,0,0,0,,0,021,"CLARENDON AV","OLYMPIA WY",0.00,,Y,A,-,N,,,,,,,,,,N,2,0,1,2,A,-,11,21954,A,F,D,B,D,-,H,-,A,D,0,Y,,,,Y,,N,60,1,0,0,0,1,0,0,0,0,"- ","- ",,,"SAN FRANCISCO","SAN FRANCISCO",-122.45642852783203,37.751518249511719
9194277,2020,2021-01-20,3801,2020-11-14,2043,1803,TENDE,6,5,7,3801,0,0,0,,0,3J13D,"EDDY ST","HYDE ST",0.00,,Y,A,-,N,,,,,,,,,,N,3,0,1,2,D,-,00,,,F,G,B,E,A,H,-,C,D,0,Y,,,,Y,,-,"- ",0,1,0,0,1,0,0,0,0,"- ","- ",,,"SAN FRANCISCO","SAN FRANCISCO",-122.4158935546875,37.78350830078125
9194279,2020,2021-01-20,3801,2020-11-14,1314,2375,RICHM,6,5,7,3801,0,0,0,,0,3G4A,"JOHN KENNEDY DR","MARX MEADOW ACCESS RD",7.00,E,N,A,-,N,,,,,,,,,,N,3,0,2,3,A,-,08,22107,,N,D,G,A,A,H,-,A,D,0,,Y,,,Y,,A,01,0,1,1,0,0,0,2,0,0,"- ","- ",,,"SAN FRANCISCO","SAN FRANCISCO",,
9194283,2020,2021-01-20,3801,2020-11-13,1350,2321,TENDE,5,5,7,3801,0,0,0,,0,3JI4C,"HYDE ST","MCALLISTER ST",20.00,N,N,C,-,N,,,,,,,,,,,3,0,1,2,A,-,11,21453,D,N,G,B,E,B,H,-,A,A,0,Y,,,,Y,,N,60,0,1,0,0,0,0,0,0,0,"- ","- ",,,"SAN FRANCISCO","SAN FRANCISCO",-122.41532897949219,37.780796051025391
9194285,2020,2021-01-20,3801,2020-11-12,1446,2742,MISSI,4,5,7,3801,0,0,0,,0,,"FOLSOM ST","21ST ST",0.00,,Y,A,-,N,,,,,,,,,,N,4,0,1,2,A,-,09,21801,A,F,A,G,A,A,H,-,A,A,0,,Y,,,Y,,A,01,0,0,1,0,0,0,1,0,0,"- ","- ",,,"SAN FRANCISCO","SAN FRANCISCO",-122.41452026367188,37.757301330566406
9194289,2020,2021-01-20,3801,2020-11-01,0211,1094,TENDE,7,5,7,3801,0,0,0,,0,3J15E,"LEAVENWORTH ST","OFARRELL ST",0.00,,Y,A,-,N,,,,,,,,,,N,4,0,1,2,A,-,10,21950,A,N,G,B,B,A,H,-,A,A,0,Y,,,,Y,,A,01,0,0,1,0,1,0,0,0,0,"- ","- ",,,"SAN FRANCISCO","SAN FRANCISCO",-122.41461181640625,37.785598754882812
9194290,2020,2021-01-20,3801,2020-11-01,0126,PLACENCI,INGLE,7,5,7,3801,0,0,0,,0,3H11D,"CHENERY ST","FAIRMOUNT ST",108.00,S,N,A,-,N,,,,,,,,,,N,2,0,1,3,A,-,03,22350,,F,H,B,E,A,-,-,C,D,0,Y,,,,Y,,A,07,1,0,0,0,1,0,0,0,0,"- ","- ",,,"SAN FRANCISCO","SAN FRANCISCO",-122.4259033203125,37.738655090332031
9194293,2020,2021-01-20,3801,2020-11-02,1956,670,INGLE,1,5,7,3801,0,0,0,,0,006,"SAN BRUNO","MANSELL ST",92.00,S,N,A,-,N,,,,,,,,,,N,3,0,1,2,A,-,11,21954,A,N,G,B,E,A,H,-,B,-,0,Y,,,,Y,Y,N,60,0,1,0,0,1,0,0,0,0,"- ","- ",,,"SAN FRANCISCO","SAN FRANCISCO",-122.40103149414062,37.721397399902344
9194294,2020,2021-01-20,3801,2020-11-02,1917,1389,TENDE,1,5,7,3801,0,0,0,,0,,"MCALLISTER ST","HYDE ST",0.00,,Y,A,-,N,,,,,,,,,,N,3,0,1,2,A,-,11,21453,D,N,G,B,B,A,H,-,C,A,0,Y,,,,Y,,N,60,0,1,0,0,1,0,0,0,0,"- ","- ",,,"SAN FRANCISCO","SAN FRANCISCO",-122.41532135009766,37.780738830566406
9194295,2020,2021-01-20,3801,2020-11-02,1820,986,TARAV,1,5,7,3801,0,0,0,,0,3I16D,"ULLOA ST","18TH AV",0.00,,Y,A,-,N,,,,,,,,,,N,4,0,1,2,A,-,10,21950,A,N,G,B,B,A,H,-,C,D,0,Y,,,,Y,,A,01,0,0,1,0,1,0,0,0,0,"- ","- ",,,"SAN FRANCISCO","SAN FRANCISCO",-122.47450256347656,37.741230010986328
9194298,2020,2021-01-20,3801,2020-11-01,1803,4314,RICHM,7,5,7,3801,0,0,0,,0,0G4,"27TH AV","GEARY BL",4.00,N,N,B,-,N,,,,,,,,,,N,3,0,1,2,A,-,10,21950,A,N,G,B,B,A,H,-,C,A,0,Y,,,,Y,,A,01,0,1,0,0,1,0,0,0,0,"- ","- ",,,"SAN FRANCISCO","SAN FRANCISCO",-122.48689270019531,37.780059814453125
9194300,2020,2021-01-20,3801,2020-11-02,1411,1823,MISSI,1,5,7,3801,0,0,0,,0,3D74,"VALENCIA ST","19TH ST",0.00,,Y,A,-,N,,,,,,,,,,N,2,0,1,2,A,-,10,21950,A,N,A,B,D,A,H,-,A,A,0,Y,,,,Y,,A,01,1,0,0,0,1,0,0,0,0,"- ","- ",,,"SAN FRANCISCO","SAN FRANCISCO",-122.42140197753906,37.760108947753906
9194301,2020,2021-01-22,3801,2020-11-29,1431,4041,TARAV,7,5,7,3801,0,0,0,,0,3I5B,"LINCOLN WY","LA PLAYA ST",0.00,,Y,A,-,N,,,,,,,,,,N,3,0,1,2,A,-,10,21950,A,N,G,B,B,A,H,-,A,A,0,Y,,,,Y,,-,,0,1,0,0,1,0,0,0,0,"- ","- ",,,"SAN FRANCISCO","SAN FRANCISCO",-122.50940704345703,37.7640380859375
9194308,2020,2021-01-20,3801,2020-11-27,1254,1129,TARAV,5,5,7,3801,0,0,0,,0,005,"SYLINE BL","LAKE MERCED BL",0.00,,Y,A,-,N,,,,,,,,,,N,3,0,1,2,A,-,09,21801,A,N,D,G,A,A,H,-,A,D,0,,Y,,,Y,,A,01,0,1,0,0,0,0,1,0,0,"- ","- ",,,"SAN FRANCISCO","SAN FRANCISCO",-122.49906158447266,37.731559753417969
9194312,2020,2021-01-20,3801,2020-11-22,1825,1374,INGLE,7,5,7,3801,0,0,0,,0,3H106,"PERSIA AV","LONDON ST",0.00,,Y,A,-,N,,,,,,,,,,N,4,0,1,2,D,-,00,,,N,G,B,B,A,H,-,C,A,0,Y,,,,Y,,-,"- ",0,0,1,0,1,0,0,0,0,"- ","- ",,,"SAN FRANCISCO","SAN FRANCISCO",-122.4351806640625,37.722759246826172
9194317,2020,2021-01-20,3801,2020-11-23,2351,2397,NORTH,1,5,7,3801,0,0,0,,0,3E12E,"GOUGH ST","OAK ST",0.00,,Y,A,-,N,,,,,,,,,,N,2,0,1,2,A,-,12,21453,A,N,D,G,A,A,H,-,C,A,0,,Y,,,Y,,L,04,1,0,0,0,0,0,1,0,0,"- ","- ",,,"SAN FRANCISCO","SAN FRANCISCO",-122.42259216308594,37.775020599365234
9194320,2020,2021-01-20,3801,2020-11-06,2026,1860,SOUTH,5,5,7,3801,0,0,0,,0,3B11D,"5TH ST","TEHAMA ST",0.00,,Y,A,-,N,,,,,,,,,,N,3,0,1,2,A,-,08,22107,,N,G,B,A,A,H,-,C,D,0,,Y,,,Y,,A,01,0,1,0,0,0,0,1,0,0,"- ",TO,,,"SAN FRANCISCO","SAN FRANCISCO",-122.40440368652344,37.781089782714844
9194646,2020,2021-02-02,3801,2020-11-04,0630,2476,BAYVI,3,5,7,3801,0,0,0,,0,3C14A,EVANS,"EVANS 1925",0.00,,-,A,-,N,,,,,,,,,,N,3,0,1,2,A,-,21,22106,,N,G,B,E,A,-,-,A,D,0,Y,,,Y,Y,,F,27,0,1,0,0,1,0,0,0,0,"- ","- ",,,"SAN FRANCISCO","SAN FRANCISCO",,
9194711,2020,2021-02-04,3801,2020-11-11,0000,4314,RICHM,3,5,7,3801,0,0,0,,0,0G2,"PRESIDIO AV","CALIFORNIA ST",0.00,N,N,A,-,N,,,,,,,,,,N,4,0,1,2,A,-,10,21950,A,N,G,B,B,A,H,-,A,A,0,Y,,,,Y,,D,23,0,0,1,0,1,0,0,0,0,"- ","- ",,,"SAN FRANCISCO","SAN FRANCISCO",-122.44677734375,37.787258148193359
9194801,2020,2021-01-22,3801,2020-11-06,1900,2209,MISSI,5,5,7,3801,0,0,0,,0,3D11D,"MISSION ST","16TH ST",213.00,N,N,B,-,N,,,,,,,,,,N,4,0,1,2,A,-,17,22517,,N,H,G,A,A,H,-,C,D,0,,Y,,,Y,,A,01,0,0,1,0,0,0,1,0,0,"- ","- ",,,"SAN FRANCISCO","SAN FRANCISCO",-122.41972351074219,37.765632629394531
9194803,2020,2021-01-22,3801,2020-11-10,0755,2375,RICHM,2,5,7,3801,0,0,0,,0,3G4A,"CLEMENT ST","15TH AV",8.00,W,N,A,-,N,,,,,,,,,,N,3,0,1,2,A,-,10,21950,A,N,G,B,B,A,H,-,A,D,0,Y,,,,Y,,A,01,0,1,0,0,1,0,0,0,0,"- ","- ",,,"SAN FRANCISCO","SAN FRANCISCO",-122.47414398193359,37.782508850097656
9194804,2020,2021-01-22,3801,2020-11-10,0554,400,SOUTH,2,5,7,3801,0,0,0,,0,3B14E,"HARRISON ST","10TH ST",0.00,,Y,A,-,N,,,,,,,,,,N,3,0,1,2,A,-,09,21453,B,F,G,B,B,A,H,-,A,A,0,Y,,,,Y,,-,99,0,1,0,0,1,0,0,0,0,"- ","- ",,,"SAN FRANCISCO","SAN FRANCISCO",-122.41124725341797,37.771598815917969
9194805,2020,2021-01-22,3801,2020-11-09,2110,544,TENDE,1,5,7,3801,0,0,0,,0,3J14E,"LEAVENWORTH ST","ELLIS ST",0.00,,Y,A,-,N,,,,,,,,,,N,3,0,1,2,A,-,11,21453,D,N,G,B,B,A,H,-,C,A,0,Y,,,,Y,,N,60,0,1,0,0,1,0,0,0,0,"- ","- ",,,"SAN FRANCISCO","SAN FRANCISCO",-122.41442108154297,37.784671783447266
9194806,2020,2021-01-22,3801,2020-11-09,1404,1823,MISSI,1,5,7,3801,0,0,0,,0,3D14C,"MISSION ST","24TH ST",0.00,,Y,A,-,N,,,,,,,,,,N,3,0,1,2,A,-,10,21950,A,N,D,B,B,A,H,-,A,A,0,Y,,,,Y,,A,01,0,1,0,0,1,0,0,0,0,"- ","- ",,,"SAN FRANCISCO","SAN FRANCISCO",-122.41848754882812,37.75225830078125
9194808,2020,2021-01-22,3801,2020-11-09,0919,2375,RICHM,1,5,7,3801,0,0,0,,0,3G4A,"GEARY BL","4TH AV",7.00,E,N,A,-,N,,,,,,,,,,N,3,0,1,2,A,-,10,21950,A,N,G,B,B,A,H,-,A,A,0,Y,,,,Y,,A,01,0,1,0,0,1,0,0,0,0,"- ","- ",,,"SAN FRANCISCO","SAN FRANCISCO",-122.46212768554688,37.781192779541016
9194812,2020,2021-01-26,3801,2020-11-20,2027,1388,CENTR,5,5,7,3801,0,0,0,,0,3A14D,"FRANCISCO ST","COLUMBUS AV",15.00,W,N,A,-,N,,,,,,,,,,N,4,0,1,2,A,-,21,22106,,F,G,B,B,A,H,-,C,D,0,Y,,,,Y,,A,01,0,0,1,0,1,0,0,0,0,"- ","- ",,,"SAN FRANCISCO","SAN FRANCISCO",-122.41612243652344,37.804405212402344
9194817,2020,2021-01-22,3801,2020-11-20,1352,1118,SOUTH,5,5,7,3801,0,0,0,,0,3B13C,"NATOMA ST","6TH ST",0.00,,Y,A,-,N,,,,,,,,,,N,4,0,1,2,A,-,10,21950,A,F,G,B,B,A,H,-,A,D,0,Y,,,,Y,Y,-,99,0,0,1,0,1,0,0,0,0,"- ","- ",,,"SAN FRANCISCO","SAN FRANCISCO",-122.40766906738281,37.780178070068359
9194820,2020,2021-01-22,3801,2020-11-19,1928,1783,TENDE,4,5,7,3801,0,0,0,,0,3J11D,"TAYLOR ST","ELLIS ST",0.00,,Y,A,-,N,,,,,,,,,,N,3,0,1,2,A,-,11,21453,D,N,G,B,D,A,H,-,C,A,0,Y,,,,Y,Y,N,60,0,1,0,0,1,0,0,0,0,"- ","- ",,,"SAN FRANCISCO","SAN FRANCISCO",-122.4111328125,37.785099029541016
9194822,2020,2021-01-25,3801,2020-11-07,2135,1263,BAYVI,6,5,7,3801,0,0,0,,0,0C3,"CONNECTICUT ST","25TH ST",393.00,N,N,A,-,N,,,,,,,,,,N,4,0,1,2,A,-,21,22106,,N,G,B,E,A,E,-,C,D,0,Y,,,,Y,,A,01,0,0,1,0,1,0,0,0,0,"- ","- ",,,"SAN FRANCISCO","SAN FRANCISCO",-122.39690399169922,37.7532958984375
9194823,2020,2021-01-25,3801,2020-11-07,1909,1184,MISSI,6,5,7,3801,0,0,0,,0,3D14D,"DUBOCE ST","MARKET ST",0.00,,Y,A,-,N,,,,,,,,,,N,3,0,1,2,A,-,11,21456,B,N,A,B,B,A,H,-,C,A,0,Y,,,,Y,Y,N,60,0,1,0,0,1,0,0,0,0,"- ","- ",,,"SAN FRANCISCO","SAN FRANCISCO",-122.42639923095703,37.769630432128906
9194825,2020,2021-01-25,3801,2020-11-07,1627,2215,MISSI,6,5,7,3801,0,0,0,,0,3D11D,"GUERRERO ST","22ND ST",0.00,,Y,A,-,N,,,,,,,,,,N,4,0,1,2,A,-,17,21663,,M,G,B,F,A,H,-,A,A,0,Y,,,,Y,,M,94,0,0,1,0,1,0,0,0,0,"- ","- ",,,"SAN FRANCISCO","SAN FRANCISCO",-122.42317962646484,37.755180358886719
9194827,2020,2021-01-25,3801,2020-11-07,1327,4335,NORTH,6,5,7,3801,0,0,0,,0,901,"CHESTNUT ST","WEBSTER ST",0.00,,Y,A,-,N,,,,,,,,,,N,3,0,1,2,A,-,10,21950,A,N,D,B,B,A,H,-,A,A,0,Y,,,,Y,,A,01,0,1,0,0,1,0,0,0,0,"- ","- ",,,"SAN FRANCISCO","SAN FRANCISCO",-122.43459320068359,37.801029205322266
9194831,2020,2021-01-25,3801,2020-11-13,1543,2093,NORTH,5,5,7,3801,0,0,0,,0,,"HAYES ST","FILLMORE ST",0.00,,Y,C,-,N,,,,,,,,,,,3,0,1,3,A,-,10,21950,A,F,G,B,B,B,H,-,A,A,0,Y,,,,Y,,-,99,0,1,0,0,1,0,0,0,0,"- ","- ",,,"SAN FRANCISCO","SAN FRANCISCO",-122.43118286132812,37.775829315185547
9194832,2020,2021-01-25,3801,2020-11-13,1548,1696,NORTH,5,5,7,3801,0,0,0,,0,3E12D,"GOUGH ST","PACIFIC AV",0.00,,Y,C,-,N,,,,,,,,,,N,3,0,1,2,A,-,11,21453,D,N,G,B,B,B,H,-,A,A,0,Y,,,,Y,,N,60,0,1,0,0,1,0,0,0,0,"- ","- ",,,"SAN FRANCISCO","SAN FRANCISCO",-122.42649841308594,37.794391632080078
9194836,2020,2021-01-25,3801,2020-11-08,1505,1118,SOUTH,7,5,7,3801,0,0,0,,0,3B13C,"5TH ST","MISSION ST",0.00,,Y,C,-,N,,,,,,,,,,N,4,0,1,2,A,-,09,21801,A,N,D,G,A,B,H,-,A,A,0,,Y,,,Y,,A,01,0,0,1,0,0,0,1,0,0,"- ","- ",,,"SAN FRANCISCO","SAN FRANCISCO",-122.40648651123047,37.782741546630859
9194837,2020,2021-01-25,3801,2020-11-02,1328,1345,MISSI,1,5,7,3801,0,0,0,,0,0D4,"24TH ST","HARRISON ST",0.00,,Y,A,-,N,,,,,,,,,,N,4,0,1,2,A,-,04,21703,,F,C,G,A,A,H,-,A,D,0,,Y,,,Y,,L,04,0,0,1,0,0,0,1,0,0,"- ","- ",,,"SAN FRANCISCO","SAN FRANCISCO",-122.41188812255859,37.752651214599609
9194838,2020,2021-01-25,3801,2020-11-02,0406,899,MISSI,1,5,7,3801,0,0,0,,0,3D15E,"POTRERO AV","23RD ST",0.00,,Y,A,-,N,,,,,,,,,,N,2,0,1,2,A,-,11,21453,D,N,G,B,B,A,H,-,C,A,0,Y,,,,Y,Y,N,60,1,0,0,0,1,0,0,0,0,"- ","- ",,,"SAN FRANCISCO","SAN FRANCISCO",-122.40647125244141,37.754581451416016
9194843,2020,2021-01-21,3801,2020-11-30,1419,2743,SOUTH,1,5,7,3801,0,0,0,,0,3B5,"WARRIORS WY","BRIDGEVIEW WY",0.00,,Y,A,-,N,,,,,,,,,,N,3,0,1,2,A,-,12,22450,,N,D,G,A,A,H,-,A,A,0,,Y,,,Y,,L,04,0,1,0,0,0,0,1,0,0,"- ","- ",,,"SAN FRANCISCO","SAN FRANCISCO",,
9195196,2020,2021-01-06,3801,2020-10-27,1124,2153,SOUTH,2,5,7,3801,0,0,0,,0,3B13C,"5TH ST","CLARA ST",22.00,N,N,A,-,N,,,,,,,,,,Y,3,0,1,2,A,-,11,21950,B,N,G,B,D,A,H,-,A,A,0,Y,,,,Y,,N,60,0,1,0,0,1,0,0,0,0,"- ","- ",,,"SAN FRANCISCO","SAN FRANCISCO",-122.40243530273438,37.779491424560547
9195362,2020,2021-01-08,3801,2020-10-31,0230,668,NORTH,6,5,7,3801,0,0,0,,0,3E16D,"7TH ST","STEVENSON ST",0.00,,Y,A,-,N,,,,,,,,,,N,4,0,1,2,A,-,21,22106,,M,G,B,D,A,H,-,C,D,0,Y,,,,Y,,-,99,0,0,1,0,1,0,0,0,0,"- ","- ",,,"SAN FRANCISCO","SAN FRANCISCO",-122.41188812255859,37.779991149902344
9195712,2020,2021-01-15,3801,2020-11-14,1816,2200,NORTH,6,5,7,3801,0,0,0,,0,002,"FULTON ST","FILLMORE ST",60.00,E,N,A,-,N,,,,,,,,,,N,3,0,1,2,A,-,03,22350,,N,C,G,A,A,H,-,C,D,0,,Y,,,Y,,L,04,0,1,0,0,0,0,1,0,0,"- ","- ",,,"SAN FRANCISCO","SAN FRANCISCO",-122.43135833740234,37.777717590332031
9199306,2020,2020-12-17,3801,2020-09-02,1351,386,MISSI,3,5,7,3801,0,0,0,,0,3D14C,"15TH ST","LANDERS ST",80.00,E,N,A,-,N,,,,,,,,,,N,3,0,1,2,A,-,05,21650,1,N,D,G,A,A,H,-,A,D,0,,Y,,,Y,,L,04,0,1,0,0,0,0,1,0,0,"- ","- ",,,"SAN FRANCISCO","SAN FRANCISCO",-122.42746734619141,37.766216278076172
9203153,2020,2020-12-31,3801,2020-09-03,0923,1796,RICHM,4,5,7,3801,0,0,0,,0,4CAR,"CABRILLO ST","27TH AV",0.00,,Y,A,-,N,,,,,,,,,,N,4,0,1,2,A,-,03,22350,,N,G,B,E,A,H,-,A,D,0,Y,,,,Y,,A,01,0,0,1,0,1,0,0,0,0,"- ","- ",,,"SAN FRANCISCO","SAN FRANCISCO",-122.48647308349609,37.774349212646484
9203198,2020,2021-01-06,3801,2020-07-29,1348,1435,TRAFF,3,5,7,3801,0,0,0,,0,4B4I,"FOLSOM ST","10TH ST",10.00,S,N,A,-,N,,,,,,,,,,N,3,0,1,2,A,-,11,21950,B,N,G,B,B,A,H,-,A,A,0,Y,,,,Y,,N,60,0,1,0,0,1,0,0,0,0,"- ","- ",,,"SAN FRANCISCO","SAN FRANCISCO",-122.412841796875,37.772800445556641
9208122,2020,2021-03-09,3801,2020-12-30,1205,796,NORTH,3,5,7,3801,0,0,0,,0,3E11A,"FELL ST","DIVISADERO ST",0.00,,-,A,-,N,,,,,,,,,,N,3,0,1,3,A,-,17,22517,,N,E,G,A,A,H,-,A,D,0,,Y,,,Y,,-,,0,1,0,0,0,0,1,0,0,"- ","- ",,,"SAN FRANCISCO","SAN FRANCISCO",-122.43759918212891,37.774059295654297
9208127,2020,2021-03-09,3801,2020-12-20,0454,1730,TRAFF,7,5,7,3801,0,0,0,,0,4B1H,"EVANS AV","3RD ST",0.00,,Y,-,-,N,,,,,,,,,,Y,2,0,1,2,A,-,00,21456,C,F,G,B,B,A,H,-,C,A,0,Y,,,,Y,,N,60,1,0,0,0,1,0,0,0,0,"- ","- ",,,"SAN FRANCISCO","SAN FRANCISCO",-122.38800811767578,37.742729187011719
9209083,2020,2021-02-22,3801,2020-12-05,0850,2202,INGLE,6,5,7,3801,0,0,0,,0,3H15A,"BAYSHORE BL","TUNNEL AV",54.00,S,N,A,-,N,,,,,,,,,,N,4,0,1,2,A,-,05,21650,1,N,B,G,A,A,H,-,A,D,0,,Y,,,Y,,L,04,0,0,1,0,0,0,1,0,0,"- ","- ",,,"SAN FRANCISCO","SAN FRANCISCO",-122.40087127685547,37.713001251220703
9209092,2020,2021-02-22,3801,2020-12-09,1207,2036,NORTH,3,5,7,3801,0,0,0,,0,,"PINE ST","FILLMORE ST",12.00,W,N,A,-,N,,,,,,,,,,N,3,0,1,2,A,-,10,21950,A,N,G,B,B,A,H,-,A,A,0,Y,,,,Y,,A,07,0,1,0,0,1,0,0,0,0,"- ","- ",,,"SAN FRANCISCO","SAN FRANCISCO",-122.43367004394531,37.787956237792969
9209114,2020,2021-02-22,3801,2020-12-10,1906,2727,NORTH,4,5,7,3801,0,0,0,,0,3E90,"GOUGH ST","GROVE ST",0.00,,Y,A,-,N,,,,,,,,,,N,4,0,1,2,A,-,09,21801,A,N,D,G,A,A,H,-,C,A,0,,Y,,,Y,,A,01,0,0,1,0,0,0,1,0,0,"- ","- ",,,"SAN FRANCISCO","SAN FRANCISCO",-122.42315673828125,37.777809143066406
9209115,2020,2021-02-22,3801,2020-12-31,1811,2740,MISSI,4,5,7,3801,0,0,0,,0,0D1,"17TH ST","GUERRERO ST",9.00,S,N,A,-,N,,,,,,,,,,N,4,0,1,2,A,-,00,12950,A,F,G,B,B,A,H,-,C,A,0,Y,,,,Y,,A,07,0,0,1,0,1,0,0,0,0,"- ","- ",,,"SAN FRANCISCO","SAN FRANCISCO",-122.42395782470703,37.763168334960938
9209117,2020,2021-02-22,3801,2020-12-31,1400,2046,NORTH,4,5,7,3801,0,0,0,,0,3E14A,CALIFORNIA,"PIERCE ST",25.00,W,N,A,-,N,,,,,,,,,,N,4,0,1,2,A,-,11,21956,A,N,-,B,E,A,H,-,A,D,0,Y,,,,Y,,N,60,0,0,1,0,1,0,0,0,0,"- ","- ",,,"SAN FRANCISCO","SAN FRANCISCO",-122.43721771240234,37.788490295410156
9209119,2020,2021-02-22,3801,2020-12-31,1257,1605,NORTH,4,5,7,3801,0,0,0,,0,,"SCOTT ST","MARINA BL",0.00,,Y,A,-,N,,,,,,,,,,,4,0,1,2,D,-,00,,,N,D,G,A,A,H,-,A,A,0,,Y,,,Y,,-,"- ",0,0,1,0,0,0,1,0,0,"- ","- ",,,"SAN FRANCISCO","SAN FRANCISCO",-122.44225311279297,37.805778503417969
9209120,2020,2021-02-22,3801,2020-12-31,2303,1466,SOUTH,4,5,7,3801,0,0,0,,0,3B12E,"HARRISON ST","2ND ST",0.00,,Y,C,-,N,,,,,,,,,,N,4,0,1,2,A,-,00,21456,C,N,G,B,B,B,-,-,C,A,0,Y,,,,Y,Y,N,60,0,0,1,0,1,0,0,0,0,"- ","- ",,,"SAN FRANCISCO","SAN FRANCISCO",-122.39517974853516,37.784328460693359