CASE_ID,ACCIDENT_YEAR,PROC_DATE,JURIS,COLLISION_DATE,COLLISION_TIME,OFFICER_ID,REPORTING_DISTRICT,DAY_OF_WEEK,CHP_SHIFT,POPULATION,CNTY_CITY_LOC,SPECIAL_COND,BEAT_TYPE,CHP_BEAT_TYPE,CITY_DIVISION_LAPD,CHP_BEAT_CLASS,BEAT_NUMBER,PRIMARY_RD,SECONDARY_RD,DISTANCE,DIRECTION,INTERSECTION,WEATHER_1,WEATHER_2,STATE_HWY_IND,CALTRANS_COUNTY,CALTRANS_DISTRICT,STATE_ROUTE,ROUTE_SUFFIX,POSTMILE_PREFIX,POSTMILE,LOCATION_TYPE,RAMP_INTERSECTION,SIDE_OF_HWY,TOW_AWAY,COLLISION_SEVERITY,NUMBER_KILLED,NUMBER_INJURED,PARTY_COUNT,PRIMARY_COLL_FACTOR,PCF_CODE_OF_VIOL,PCF_VIOL_CATEGORY,PCF_VIOLATION,PCF_VIOL_SUBSECTION,HIT_AND_RUN,TYPE_OF_COLLISION,MVIW,PED_ACTION,ROAD_SURFACE,ROAD_COND_1,ROAD_COND_2,LIGHTING,CONTROL_DEVICE,CHP_ROAD_TYPE,PEDESTRIAN_ACCIDENT,BICYCLE_ACCIDENT,MOTORCYCLE_ACCIDENT,TRUCK_ACCIDENT,NOT_PRIVATE_PROPERTY,ALCOHOL_INVOLVED,STWD_VEHTYPE_AT_FAULT,CHP_VEHTYPE_AT_FAULT,COUNT_SEVERE_INJ,COUNT_VISIBLE_INJ,COUNT_COMPLAINT_PAIN,COUNT_PED_KILLED,COUNT_PED_INJURED,COUNT_BICYCLIST_KILLED,COUNT_BICYCLIST_INJURED,COUNT_MC_KILLED,COUNT_MC_INJURED,PRIMARY_RAMP,SECONDARY_RAMP,LATITUDE,LONGITUDE,COUNTY,CITY,POINT_X,POINT_Y
9209122,2020,2021-02-22,3801,2020-12-28,2053,209,NORTH,1,5,7,3801,0,0,0,,0,NORTHE,"OCTAVIA BL","HAIGHT ST",0.00,,Y,A,-,N,,,,,,,,,,N,3,0,1,2,A,-,17,21200,A,N,D,G,A,A,H,-,C,A,0,,Y,,,Y,,L,04,0,1,0,0,0,0,1,0,0,"- ","- ",,,"SAN FRANCISCO","SAN FRANCISCO",-122.42392730712891,37.772960662841797
9209127,2020,2021-02-22,3801,2020-12-24,1935,2163,TENDE,4,5,7,3801,0,0,0,,0,TENDER,"HYDE ST","TURK ST",0.00,,Y,A,-,N,,,,,,,,,,N,4,0,1,2,A,-,12,21453,A,F,G,B,B,A,H,-,C,A,0,Y,,,,Y,,A,01,0,0,1,0,1,0,0,0,0,"- ","- ",,,"SAN FRANCISCO","SAN FRANCISCO",-122.41568756103516,37.782569885253906
9209131,2020,2021-02-22,3801,2020-12-23,1850,1173,RICHM,3,5,7,3801,0,0,0,,0,901,"GEARY BL","33RD AV",0.00,,Y,A,-,N,,,,,,,,,,N,4,0,1,2,A,-,10,21950,A,N,G,B,B,A,H,-,C,A,0,Y,,,,Y,,N,60,0,0,1,0,1,0,0,0,0,"- ","- ",,,"SAN FRANCISCO","SAN FRANCISCO",-122.49329376220703,37.779708862304688
9209134,2020,2021-02-22,3801,2020-12-08,0745,1474,BAYVI,2,5,7,3801,0,0,0,,0,901,"WILLIAMS AV","LUCY ST",0.00,,Y,A,-,N,,,,,,,,,,N,3,0,1,2,A,-,09,21804,A,F,B,G,A,A,H,-,A,A,0,,Y,,,Y,,L,04,0,1,0,0,0,0,1,0,0,"- ","- ",,,"SAN FRANCISCO","SAN FRANCISCO",-122.39357757568359,37.729400634765625
9209135,2020,2021-02-22,3801,2020-12-08,0850,2339,PARK,2,5,7,3801,0,0,0,,0,3F13A,"PANHANDLE PARK","BAKER ST",220.00,W,N,A,-,N,,,,,,,,,,N,3,0,2,2,C,-,18,,,N,C,G,A,A,H,-,A,D,0,,Y,,,Y,,-,"- ",0,1,1,0,0,0,2,0,0,"- ","- ",,,"SAN FRANCISCO","SAN FRANCISCO",,
9209137,2020,2021-02-22,3801,2020-12-07,1820,1066,NORTH,1,5,7,3801,0,0,0,,0,,"GOUGH ST","GOLDEN GATE TOLL PLAZA",0.00,,Y,A,-,N,,,,,,,,,,N,4,0,1,2,A,-,10,21950,A,N,G,B,B,A,H,-,C,A,0,Y,,,,Y,,A,01,0,0,1,0,1,0,0,0,0,"- ","- ",,,"SAN FRANCISCO","SAN FRANCISCO",,
9209138,2020,2021-02-22,3801,2020-12-07,1757,649,INGLE,1,5,7,3801,0,0,0,,0,3H13D,"MONTEREY BL","RIDGEWOOD BL",0.00,,Y,A,-,N,,,,,,,,,,N,2,0,1,2,A,-,03,22350,,N,G,B,B,A,H,-,C,A,0,Y,,,,Y,,A,01,1,0,0,0,1,0,0,0,0,"- ","- ",,,"SAN FRANCISCO","SAN FRANCISCO",-122.45339965820312,37.731521606445312
9209139,2020,2021-02-22,3801,2020-12-07,1722,274,MISSI,1,5,7,3801,0,0,0,,0,3D44C,"18TH ST","GUERRERO ST",0.00,,Y,A,-,N,,,,,,,,,,N,3,0,1,2,A,-,11,21453,D,N,A,B,B,A,H,-,C,A,0,Y,,,,Y,Y,N,60,0,1,0,0,1,0,0,0,0,"- ","- ",,,"SAN FRANCISCO","SAN FRANCISCO",-122.42379760742188,37.761581420898438
9209140,2020,2021-02-25,3801,2020-12-07,1031,1486,TRAFF,1,5,7,3801,0,0,0,,0,4B5A,"16TH ST","VERMONT ST",7.00,E,N,A,-,N,,,,,,,,,,N,3,0,1,2,A,-,10,21950,A,N,-,B,B,A,H,-,A,A,0,Y,,,,Y,,A,01,0,1,0,0,1,0,0,0,0,"- ","- ",,,"SAN FRANCISCO","SAN FRANCISCO",-122.40460968017578,37.765960693359375
9209141,2020,2021-02-22,3801,2020-12-05,1739,1994,TRAFF,6,5,7,3801,0,0,0,,0,,"TURK ST","WILLARD NORTH ST",7.00,W,N,B,-,N,,,,,,,,,,N,2,0,1,2,A,-,10,21950,A,N,G,B,B,A,H,-,C,D,0,Y,,,,Y,,A,01,1,0,0,0,1,0,0,0,0,"- ","- ",,,"SAN FRANCISCO","SAN FRANCISCO",-122.45688629150391,37.777378082275391
9211506,2020,2021-01-21,3801,2020-10-02,0445,202,TRAFF,5,5,7,3801,0,0,0,,0,4B1D,"CESAR CHAVEZ ST","EVANS AV",0.00,,Y,F,-,N,,,,,,,,,,N,1,1,0,2,D,-,00,,,F,-,B,E,A,H,-,C,A,0,Y,,,,Y,,-,"- ",0,0,0,1,0,0,0,0,0,"- ","- ",,,"SAN FRANCISCO","SAN FRANCISCO",-122.39732360839844,37.749691009521484
9211539,2020,2021-01-28,3801,2020-12-01,1857,2286,,2,5,7,3801,0,0,0,,0,4B4H,"GEARY BL","38TH AV",6.00,W,N,A,-,N,,,,,,,,,,Y,1,1,0,2,A,-,10,21950,A,N,G,B,B,A,H,-,C,D,0,Y,,,,Y,,A,01,0,0,0,1,0,0,0,0,0,"- ","- ",,,"SAN FRANCISCO","SAN FRANCISCO",-122.4986572265625,37.779468536376953
9212000,2020,2021-01-07,3801,2020-11-01,2257,1286,,7,5,7,3801,0,0,0,,0,02E,"TURK ST","FILLMORE ST",0.00,,Y,A,-,N,,,,,,,,,,N,4,0,1,2,A,-,21,22106,,N,G,B,D,A,H,-,C,A,0,Y,,,,Y,Y,J,48,0,0,1,0,1,0,0,0,0,"- ","- ",,,"SAN FRANCISCO","SAN FRANCISCO",-122.43212890625,37.780490875244141
9213220,2020,2021-02-23,3801,2020-12-16,0909,000751,RICHM,3,5,7,3801,0,0,0,,0,3G2A,"PRESIDIO AV","PRESIDIO AV 875",0.00,,Y,A,-,N,,,,,,,,,,N,4,0,1,2,A,-,21,22106,,N,G,B,F,A,H,-,A,D,0,Y,,,,Y,,I,20,0,0,1,0,1,0,0,0,0,"- ","- ",,,"SAN FRANCISCO","SAN FRANCISCO",,
9215566,2020,2021-02-24,3801,2020-12-03,1333,1825,SOUTH,4,5,7,3801,0,0,0,,0,3B1C,"2ND ST","TOWNSEND ST",0.00,,Y,A,-,N,,,,,,,,,,N,4,0,1,2,A,-,05,21650,1,N,B,G,A,A,H,-,A,A,0,,Y,,,Y,,L,04,0,0,1,0,0,0,1,0,0,"- ","- ",,,"SAN FRANCISCO","SAN FRANCISCO",-122.39051818847656,37.780620574951172
9215573,2020,2021-02-24,3801,2020-12-06,1437,1377,INGLE,7,5,7,3801,0,0,0,,0,3H16C,"MISSION ST","VALENCIA ST",43.00,S,N,A,-,N,,,,,,,,,,N,4,0,1,2,A,-,11,21955,,N,G,B,D,A,H,-,A,A,0,Y,,,,Y,Y,N,60,0,0,1,0,1,0,0,0,0,"- ","- ",,,"SAN FRANCISCO","SAN FRANCISCO",-122.41994476318359,37.745487213134766
9215580,2020,2021-02-24,3801,2020-12-05,1830,4035,BAYVI,6,5,7,3801,0,0,0,,0,3C13D,"INGALLS ST","REVERE AV",40.00,N,N,A,-,N,,,,,,,,,,N,3,0,1,2,A,-,03,22350,A,F,G,B,E,A,H,-,C,D,0,Y,,,,Y,Y,-,99,0,1,0,0,1,0,0,0,0,"- ","- ",,,"SAN FRANCISCO","SAN FRANCISCO",-122.38448333740234,37.728580474853516
9215582,2020,2021-03-01,3801,2020-12-21,1445,1398,TRAFF,1,5,7,3801,0,0,0,,0,,"ALEMANY BL","THERESA ST",6.00,S,N,A,-,N,,,,,,,,,,Y,2,0,1,2,A,-,10,21950,A,F,B,B,B,A,H,-,A,D,0,Y,,,,Y,,A,01,1,0,0,0,1,0,0,0,0,"- ","- ",37.728721618652344,-122.43457794189453,"SAN FRANCISCO","SAN FRANCISCO",-122.43453979492188,37.728775024414062
9215583,2020,2021-02-27,3801,2020-12-21,1430,2141,MISSI,1,5,7,3801,0,0,0,,0,3D11A,"MARKET ST","CHURCH ST",0.00,,Y,A,-,N,,,,,,,,,,N,4,0,1,2,A,-,05,21202,A,N,H,G,A,A,H,-,A,A,0,,Y,,,Y,,L,04,0,0,1,0,0,0,1,0,0,"- ","- ",,,"SAN FRANCISCO","SAN FRANCISCO",-122.42893981933594,37.767608642578125
9215590,2020,2021-02-27,3801,2020-12-20,1317,2465,BAYVI,7,5,7,3801,0,0,0,,0,3C15C,"3RD ST","JAMESTOWN AV",0.00,,Y,A,-,N,,,,,,,,,,N,3,0,1,2,A,-,12,21453,A,F,G,B,B,A,H,-,A,A,0,Y,,,,Y,,A,01,0,1,0,0,1,0,0,0,0,"- ","- ",,,"SAN FRANCISCO","SAN FRANCISCO",-122.39671325683594,37.720260620117188
9215591,2020,2021-02-27,3801,2020-12-15,0800,1190,INGLE,2,5,7,3801,0,0,0,,0,3H16C,"BAYSHORE BL","LELAND AV",0.00,,Y,A,-,N,,,,,,,,,,N,2,0,1,2,A,-,08,22107,,N,D,G,A,A,H,-,A,A,0,,Y,,,Y,,A,01,1,0,0,0,0,0,1,0,0,"- ","- ",,,"SAN FRANCISCO","SAN FRANCISCO",-122.40377044677734,37.711208343505859
9215592,2020,2021-02-27,3801,2020-12-14,1630,2146,CENTR,1,5,7,3801,0,0,0,,0,3A14D,BROADWAY,"SANSOME ST",0.00,,Y,A,-,N,,,,,,,,,,N,3,0,1,2,A,-,08,22101,D,N,A,B,E,A,H,-,A,A,0,Y,,Y,,Y,,C,06,0,1,0,0,1,0,0,0,0,"- ","- ",,,"SAN FRANCISCO","SAN FRANCISCO",-122.40222930908203,37.798450469970703
9215593,2020,2021-02-27,3801,2020-12-14,1407,905,MISSI,1,5,7,3801,0,0,0,,0,3D13C,"MISSION ST","21ST ST",113.00,N,N,A,-,N,,,,,,,,,,N,3,0,1,2,A,-,21,22106,,N,G,B,D,A,H,-,A,D,0,Y,,,,Y,,A,01,0,1,0,0,1,0,0,0,0,"- ","- ",,,"SAN FRANCISCO","SAN FRANCISCO",-122.4189453125,37.757328033447266
9215594,2020,2021-02-27,3801,2020-12-14,0855,2348,INGLE,1,5,7,3801,0,0,0,,0,3H16A,"MANSELL ST","VISIRACION AV",0.00,,Y,A,-,N,,,,,,,,,,N,3,0,1,2,A,-,10,21950,A,N,G,B,-,A,H,-,A,A,0,Y,,,,Y,,A,01,0,1,0,0,1,0,0,0,0,"- ","- ",,,"SAN FRANCISCO","SAN FRANCISCO",,
9215595,2020,2021-02-27,3801,2020-12-11,0925,2463,SOUTH,5,5,7,3801,0,0,0,,0,3B13A,"HOWARD ST","7TH ST",0.00,,Y,A,-,N,,,,,,,,,,N,2,0,1,2,A,-,11,21453,D,N,D,B,B,A,H,-,A,A,0,Y,,,,Y,,N,60,1,0,0,0,1,0,0,0,0,"- ","- ",,,"SAN FRANCISCO","SAN FRANCISCO",-122.40940093994141,37.777980804443359
9215598,2020,2021-02-27,3801,2020-12-17,2356,1133,CENTR,4,5,7,3801,0,0,0,,0,0A1,"BUSH ST","LEAVENWORTH ST",0.00,,Y,A,-,N,,,,,,,,,,N,3,0,1,2,A,-,11,21954,A,N,G,B,E,A,H,-,C,D,0,Y,,,,Y,,N,60,0,1,0,0,1,0,0,0,0,"- ","- ",,,"SAN FRANCISCO","SAN FRANCISCO",-122.41538238525391,37.789340972900391
9215599,2020,2021-02-27,3801,2020-12-17,1300,2741,BAYVI,4,5,7,3801,0,0,0,,0,,"SAN BRUNO AV","WOOLSEY ST",192.00,N,N,A,-,N,,,,,,,,,,N,4,0,1,2,A,-,11,21955,,N,G,B,E,B,H,-,A,D,0,Y,,,,Y,,N,60,0,0,1,0,1,0,0,0,0,"- ","- ",,,"SAN FRANCISCO","SAN FRANCISCO",-122.40282440185547,37.725738525390625
9215600,2020,2021-02-27,3801,2020-12-17,1110,2247,MISSI,4,5,7,3801,0,0,0,,0,03D,"24TH ST","OSAGE ST",0.00,,N,A,-,N,,,,,,,,,,N,3,0,1,2,A,-,11,21954,A,N,G,B,E,A,H,-,A,D,0,Y,,,,Y,Y,N,60,0,1,0,0,1,0,0,0,0,"- ","- ",,,"SAN FRANCISCO","SAN FRANCISCO",-122.41902923583984,37.752220153808594
9216722,2020,2021-02-04,3801,2020-12-16,1950,628,RICHM,3,5,7,3801,0,0,0,,0,,"CLEMENT ST","11TH AV",0.00,,Y,B,-,N,,,,,,,,,,,4,0,1,2,A,-,10,21950,A,N,G,B,B,A,H,-,C,D,0,Y,,,,Y,,A,01,0,0,1,0,1,0,0,0,0,"- ","- ",,,"SAN FRANCISCO","SAN FRANCISCO",-122.46977996826172,37.782669067382812
9216724,2020,2021-02-05,3801,2020-12-16,1750,2735,INGLE,3,5,7,3801,0,0,0,,0,3H15D,"SILVER AV","MADISON ST",0.00,,Y,A,-,N,,,,,,,,,,N,4,0,1,2,A,-,07,21658,A,F,G,B,E,A,H,-,C,D,0,Y,,,,Y,,A,01,0,0,1,0,1,0,0,0,0,"- ","- ",,,"SAN FRANCISCO","SAN FRANCISCO",-122.42372131347656,37.728771209716797
9216726,2020,2021-02-05,3801,2020-12-16,1510,470,RICHM,3,5,7,3801,0,0,0,,0,,"POINT LOBOS AV","POINT LOBOS AV 902",120.00,E,N,A,-,N,,,,,,,,,,N,2,0,1,2,A,-,03,22350,,N,C,G,A,A,H,-,A,D,0,,Y,,,Y,,L,04,1,0,0,0,0,0,1,0,0,"- ","- ",,,"SAN FRANCISCO","SAN FRANCISCO",,
9218321,2020,2021-02-10,3801,2020-12-26,0727,1609,RICHM,6,5,7,3801,0,0,0,,0,3G2A,"PALM AV","GEARY BL",40.00,N,N,A,-,N,,,,,,,,,,N,2,0,1,2,A,-,03,22350,,F,G,B,D,B,H,-,B,A,0,Y,,,,Y,,-,,1,0,0,0,1,0,0,0,0,"- ","- ",,,"SAN FRANCISCO","SAN FRANCISCO",-122.45775604248047,37.781490325927734
9218322,2020,2021-02-10,3801,2020-12-25,1756,342,PARK,5,5,7,3801,0,0,0,,0,3F13C,"LINCOLN WY","5TH AV",88.00,E,N,B,C,N,,,,,,,,,,N,3,0,1,2,A,-,00,21954,,N,D,B,D,B,H,-,D,D,0,Y,,,,Y,Y,N,60,0,1,0,0,1,0,0,0,0,"- ","- ",,,"SAN FRANCISCO","SAN FRANCISCO",-122.46185302734375,37.766124725341797
9218324,2020,2021-02-10,3801,2020-12-24,1800,417,TARAV,4,5,7,3801,0,0,0,,0,3I16D,"BROTHERHOOD WY","SAGAMORE ST",0.00,,Y,A,-,N,,,,,,,,,,N,4,0,1,2,A,-,10,21950,A,M,G,B,C,A,H,-,C,D,0,Y,,,,Y,,-,"- ",0,0,1,0,1,0,0,0,0,"- ","- ",,,"SAN FRANCISCO","SAN FRANCISCO",-122.46259307861328,37.711399078369141
9218326,2020,2021-02-10,3801,2020-12-24,0952,1833,BAYVI,4,5,7,3801,0,0,0,,0,002,"3RD ST","OAKDALE AV",0.00,,Y,A,-,N,,,,,,,,,,N,4,0,1,2,A,-,03,22350,,F,D,B,B,A,H,-,A,A,0,Y,,,,Y,,A,01,0,0,1,0,1,0,0,0,0,"- ","- ",,,"SAN FRANCISCO","SAN FRANCISCO",-122.39076995849609,37.734828948974609
9218481,2020,2021-02-08,3801,2020-12-12,1850,1707,NORTH,6,5,7,3801,0,0,0,,0,3E11D,"HAIGHT ST","LAGUNA ST",0.00,,Y,A,-,N,,,,,,,,,,N,4,0,1,2,A,-,10,21950,A,N,G,B,B,A,H,-,C,A,0,Y,,,,Y,,A,01,0,0,1,0,1,0,0,0,0,"- ",SO,,,"SAN FRANCISCO","SAN FRANCISCO",-122.42550659179688,37.772739410400391
9218485,2020,2021-02-08,3801,2020-12-12,0650,2476,BAYVI,6,5,7,3801,0,0,0,,0,3C14,"SAN BRUNO AV","SILVER AV",0.00,,Y,A,-,N,,,,,,,,,,N,4,0,1,2,A,-,10,21950,,N,G,B,B,A,H,-,B,A,0,Y,,,,Y,Y,-,,0,0,1,0,1,0,0,0,0,"- ","- ",,,"SAN FRANCISCO","SAN FRANCISCO",-122.40561676025391,37.732448577880859
9218486,2020,2021-02-08,3801,2020-12-10,2007,82,MISSI,4,5,7,3801,0,0,0,,0,3D14D,"17TH ST","HOFF ST",12.00,S,N,A,-,N,,,,,,,,,,N,3,0,1,2,A,-,08,22107,,N,D,G,A,A,H,-,C,D,0,,Y,,,Y,Y,A,01,0,1,0,0,0,0,1,0,0,"- ","- ",,,"SAN FRANCISCO","SAN FRANCISCO",-122.42041778564453,37.763370513916016
9218488,2020,2021-02-08,3801,2020-12-19,1750,2497,SOUTH,6,5,7,3801,0,0,0,,0,3B15C,"6TH ST","NATOMA ST",0.00,,Y,A,-,N,,,,,,,,,,N,4,0,1,2,A,-,03,22350,,F,D,G,A,A,H,-,C,A,0,,Y,,,Y,,A,01,0,0,1,0,0,0,1,0,0,"- ","- ",,,"SAN FRANCISCO","SAN FRANCISCO",-122.40766906738281,37.780178070068359
9218490,2020,2021-02-08,3801,2020-12-19,0840,2741,BAYVI,6,5,7,3801,0,0,0,,0,901,"UNIVERSITY ST","WOOLSEY ST",0.00,,Y,A,-,N,,,,,,,,,,N,3,0,1,2,A,-,11,21954,A,N,G,B,D,A,-,-,A,A,0,Y,,,,Y,,N,60,0,1,0,0,1,0,0,0,0,"- ","- ",,,"SAN FRANCISCO","SAN FRANCISCO",-122.41246795654297,37.722660064697266
9218495,2020,2021-02-08,3801,2020-12-22,1355,4267,TRAVA,2,5,7,3801,0,0,0,,0,3I41,"SANTA CLARA AV","SAINT FRANCIS BL",0.00,,Y,A,-,N,,,,,,,,,,N,4,0,1,2,A,-,10,21950,A,N,G,B,B,-,H,-,A,A,0,Y,,,,Y,,A,01,0,0,1,0,1,0,0,0,0,"- ","- ",,,"SAN FRANCISCO","SAN FRANCISCO",-122.46626281738281,37.734951019287109
9218496,2020,2021-02-08,3801,2020-12-12,1835,273,RICHM,6,5,7,3801,0,0,0,,0,3G14D,"25TH AV","FULTON ST",0.00,,Y,A,-,N,,,,,,,,,,N,2,0,1,2,A,-,11,21954,A,N,G,B,E,A,H,-,C,A,0,Y,,,,Y,,N,60,1,0,0,0,1,0,0,0,0,"- ","- ",,,"SAN FRANCISCO","SAN FRANCISCO",-122.48417663574219,37.772571563720703
9218498,2020,2021-02-08,3801,2020-12-23,1819,2163,TENDE,3,5,7,3801,0,0,0,,0,TENDER,"5TH ST","MARKET ST",0.00,,Y,A,-,N,,,,,,,,,,N,4,0,1,2,A,-,11,21453,D,N,G,B,B,A,H,-,C,A,0,Y,,,,Y,,N,60,0,0,1,0,1,0,0,0,0,"- ","- ",,,"SAN FRANCISCO","SAN FRANCISCO",-122.40805816650391,37.784000396728516
9218581,2020,2021-02-09,3801,2020-12-30,0600,PARAYNO2,NORTH,3,5,7,3801,0,0,0,,0,03E,"POST ST",FRANKLIN,0.00,,Y,A,-,N,,,,,,,,,,,4,0,1,2,A,-,03,22350,,F,G,B,D,A,H,-,B,-,0,Y,,,,Y,,A,01,0,0,1,0,1,0,0,0,0,"- ","- ",,,"SAN FRANCISCO","SAN FRANCISCO",-122.42320251464844,37.786399841308594
9218588,2020,2021-02-09,3801,2020-12-28,0036,4136,RICHM,1,5,7,3801,0,0,0,,0,3G2E,"GEARY BL","DIVISADERO ST",12.00,W,N,A,-,N,,,,,,,,,,N,4,0,1,2,A,-,12,21453,A,F,G,B,B,A,H,-,C,A,0,Y,,,,Y,,A,01,0,0,1,0,1,0,0,0,0,"- ","- ",,,"SAN FRANCISCO","SAN FRANCISCO",-122.43952178955078,37.783355712890625
9218595,2020,2021-02-09,3801,2020-12-02,1400,552,SOUTH,3,5,7,3801,0,0,0,,0,3B5,"KING ST","4TH ST",0.00,,Y,A,-,N,,,,,,,,,,N,2,0,1,2,A,-,11,21453,D,N,B,B,B,A,H,-,A,A,0,Y,,,,Y,,N,60,1,0,0,0,1,0,0,0,0,"- ","- ",,,"SAN FRANCISCO","SAN FRANCISCO",-122.39414978027344,37.77642822265625
9218599,2020,2021-02-09,3801,2020-12-12,1906,2237,INGLE,6,5,7,3801,0,0,0,,0,3H15D,SUNNYDALE,"HAHN ST",0.00,,Y,A,-,N,,,,,,,,,,N,4,0,2,3,A,-,03,22350,,F,G,B,E,A,H,-,C,D,0,Y,,Y,,Y,,C,02,0,0,2,0,2,0,0,0,0,"- ","- ",,,"SAN FRANCISCO","SAN FRANCISCO",-122.41603088378906,37.711929321289062
9218611,2020,2021-02-09,3801,2020-12-28,1900,2237,INGLE,1,5,7,3801,0,0,0,,0,3H15D,"GENEVA AV","HOWTH ST",0.00,,Y,A,-,N,,,,,,,,,,N,4,0,1,2,A,-,11,21453,D,N,G,B,B,A,H,-,C,A,0,Y,,,,Y,,N,60,0,0,1,0,0,0,0,0,0,"- ","- ",,,"SAN FRANCISCO","SAN FRANCISCO",-122.45011901855469,37.722080230712891
9218615,2020,2021-02-09,3801,2020-12-29,0650,1078,BAYVI,2,5,7,3801,0,0,0,,0,901,"MARIPOSA ST","MINNESOTA ST",0.00,,Y,A,-,N,,,,,,,,,,N,3,0,1,2,A,-,10,21950,A,N,G,B,B,A,H,-,C,A,0,Y,,,,Y,Y,A,01,0,1,0,0,1,0,0,0,0,"- ","- ",,,"SAN FRANCISCO","SAN FRANCISCO",-122.39080810546875,37.764209747314453
9218618,2020,2021-02-09,3801,2020-12-30,1855,2256,BAYVI,3,5,7,3801,0,0,0,,0,3H16C,"DWIGHT ST","BRUSSELS ST",22.00,E,N,C,-,N,,,,,,,,,,N,4,0,1,2,A,-,00,21954,,N,G,B,E,B,H,-,C,A,0,Y,,,,Y,,N,60,0,0,1,0,1,0,0,0,0,"- ","- ",,,"SAN FRANCISCO","SAN FRANCISCO",-122.40401458740234,37.723529815673828
9218630,2020,2021-02-08,3801,2020-12-14,1520,528,BAYVI,1,5,7,3801,0,0,0,,0,901,"LA SALLE AV","OSCEOLA LN",0.00,,Y,A,-,N,,,,,,,,,,N,2,0,1,2,A,-,"- ",,,F,G,B,D,A,H,-,A,A,0,Y,,,,Y,,N,60,1,0,0,0,1,0,0,0,0,"- ","- ",,,"SAN FRANCISCO","SAN FRANCISCO",-122.38384246826172,37.732440948486328
9218634,2020,2021-02-08,3801,2020-12-15,1855,2228,CENTR,2,5,7,3801,0,0,0,,0,3A12D,"THE EMBARCADERO NORTH",BROADWAY,0.00,,Y,A,-,N,,,,,,,,,,N,4,0,1,2,A,-,12,21453,A,N,A,G,A,A,H,-,C,A,0,,Y,,,Y,,L,04,0,0,1,0,0,0,1,0,0,"- ","- ",,,"SAN FRANCISCO","SAN FRANCISCO",-122.39775848388672,37.799179077148438
9218635,2020,2021-02-08,3801,2020-12-15,1816,2735,INGLE,2,5,7,3801,0,0,0,,0,3H13D,"TINGLEY ST","MISSION ST",290.00,S,N,A,-,N,,,,,,,,,,N,3,0,1,2,A,-,08,22107,,N,B,G,A,A,H,-,-,-,0,,Y,,,Y,,A,01,0,1,0,0,0,0,1,0,0,"- ","- ",,,"SAN FRANCISCO","SAN FRANCISCO",-122.43177795410156,37.728240966796875
9218636,2020,2021-02-08,3801,2020-12-15,1806,1707,NORTH,2,5,7,3801,0,0,0,,0,3E1D,"LAGUNA HONDA BL","HAIGHT ST",0.00,,Y,A,-,N,,,,,,,,,,N,4,0,1,2,A,-,10,21950,A,N,G,B,B,A,H,-,C,A,0,Y,,,,Y,,A,01,0,0,1,0,1,0,0,0,0,"- ","- ",,,"SAN FRANCISCO","SAN FRANCISCO",,
9218637,2020,2021-02-08,3801,2020-12-15,1637,1125,TARAV,2,5,7,3801,0,0,0,,0,3I13D,"MORAGA AV","40TH AV",0.00,,Y,A,-,N,,,,,,,,,,N,3,0,1,2,A,-,11,21950,B,N,G,B,D,A,H,-,A,D,0,Y,,,,Y,,-,"- ",0,1,0,0,1,0,0,0,0,"- ","- ",,,"SAN FRANCISCO","SAN FRANCISCO",-122.49909973144531,37.755119323730469
9219287,2020,2021-02-10,3801,2020-11-20,0831,2376,SUTHE,5,5,7,3801,0,0,0,,0,3B1A,"BEALE ST","BRYANT ST",0.00,,Y,A,-,N,,,,,,,,,,,4,0,1,2,A,-,10,21950,,N,D,B,D,A,H,-,A,D,0,Y,,,,Y,,-,"- ",0,0,1,0,1,0,0,0,0,"- ","- ",,,"SAN FRANCISCO","SAN FRANCISCO",-122.38968658447266,37.786220550537109
9222498,2020,2021-02-09,3801,2020-12-17,1345,1633,TENDE,4,5,7,3801,0,0,0,,0,3J12A,"MARKET ST","5TH ST",0.00,,Y,A,-,N,,,,,,,,,,N,4,0,1,2,A,-,12,21453,A,N,D,G,A,A,H,-,A,A,0,,Y,,,Y,,L,04,0,0,1,0,0,0,1,0,0,"- ","- ",,,"SAN FRANCISCO","SAN FRANCISCO",-122.40805816650391,37.784000396728516
9242272,2020,2021-03-25,3801,2020-08-22,1800,987,MISSI,6,5,7,3801,0,0,0,,0,,"MISSION ST","21ST ST",75.00,S,N,A,-,N,,,,,,,,,,N,4,0,1,2,A,-,17,22517,,N,B,G,A,A,H,-,A,D,0,,Y,,,Y,,A,01,0,0,1,0,0,0,1,0,0,"- ","- ",,,"SAN FRANCISCO","SAN FRANCISCO",-122.41889190673828,37.756813049316406
9242419,2020,2021-03-29,3801,2020-12-14,1445,2716,PARK,1,5,7,3801,0,0,0,,0,2CAR,"STEINER ST","DUBOCE AV",0.00,,Y,A,-,N,,,,,,,,,,N,4,0,1,2,A,-,10,21950,A,N,G,B,B,A,H,-,A,D,0,Y,,,,Y,,A,01,0,0,1,0,1,0,0,0,0,"- ","- ",,,"SAN FRANCISCO","SAN FRANCISCO",-122.43157958984375,37.769321441650391